solid OpenSCAD_Model
  facet normal 0 0 -1
    outer loop
      vertex -16.71 -12.19 0
      vertex -17.81 -12.19 0
      vertex -16.71 -11.09 0
    endloop
  endfacet
  facet normal 0 0 -1
    outer loop
      vertex -16.59 -17.69 0
      vertex -13.41 -15.49 0
      vertex -13.41 -17.69 0
    endloop
  endfacet
  facet normal -0 0 -1
    outer loop
      vertex -13.41 -15.49 0
      vertex -16.59 -17.69 0
      vertex -13.41 -14.51 0
    endloop
  endfacet
  facet normal 0 0 -1
    outer loop
      vertex -16.59 -12.31 0
      vertex -13.41 -14.51 0
      vertex -16.59 -17.69 0
    endloop
  endfacet
  facet normal 0 0 -1
    outer loop
      vertex -13.41 -14.51 0
      vertex -16.59 -12.31 0
      vertex -13.41 -12.31 0
    endloop
  endfacet
  facet normal 0 0 -1
    outer loop
      vertex -17.81 8.90999 0
      vertex -12.19 11.09 0
      vertex -12.19 8.90999 0
    endloop
  endfacet
  facet normal -0 0 -1
    outer loop
      vertex -12.19 11.09 0
      vertex -17.81 8.90999 0
      vertex -17.81 11.09 0
    endloop
  endfacet
  facet normal 0 0 -1
    outer loop
      vertex -16.71 -1.09001 0
      vertex -12.19 1.09001 0
      vertex -12.19 -1.09001 0
    endloop
  endfacet
  facet normal 0 0 -1
    outer loop
      vertex -16.71 -1.09001 0
      vertex -17.81 1.09001 0
      vertex -12.19 1.09001 0
    endloop
  endfacet
  facet normal 0 0 -1
    outer loop
      vertex -17.81 1.09001 0
      vertex -16.71 -1.09001 0
      vertex -17.81 -2.19 0
    endloop
  endfacet
  facet normal 0 0 -1
    outer loop
      vertex -12.19 -4.39001 0
      vertex -13.41 -3.41 0
      vertex -12.19 -3.41 0
    endloop
  endfacet
  facet normal 0 0 -1
    outer loop
      vertex -16.59 -4.39001 0
      vertex -13.41 -3.41 0
      vertex -12.19 -4.39001 0
    endloop
  endfacet
  facet normal 0 0 -1
    outer loop
      vertex -16.59 -2.31001 0
      vertex -13.41 -3.41 0
      vertex -16.59 -4.39001 0
    endloop
  endfacet
  facet normal 0 0 -1
    outer loop
      vertex -13.41 -3.41 0
      vertex -16.59 -2.31001 0
      vertex -13.41 -2.31001 0
    endloop
  endfacet
  facet normal 0 0 -1
    outer loop
      vertex -12.19 -11.09 0
      vertex -13.41 -8.90999 0
      vertex -12.19 -8.90999 0
    endloop
  endfacet
  facet normal 0 0 -1
    outer loop
      vertex -13.41 -8.90999 0
      vertex -14.39 -6.70999 0
      vertex -13.41 -5.60999 0
    endloop
  endfacet
  facet normal 0 0 -1
    outer loop
      vertex -13.41 -8.90999 0
      vertex -15.49 -7.81 0
      vertex -14.39 -6.70999 0
    endloop
  endfacet
  facet normal 0 0 -1
    outer loop
      vertex -16.71 -11.09 0
      vertex -13.41 -8.90999 0
      vertex -12.19 -11.09 0
    endloop
  endfacet
  facet normal 0 0 -1
    outer loop
      vertex -13.41 -8.90999 0
      vertex -16.59 -8.90999 0
      vertex -15.49 -7.81 0
    endloop
  endfacet
  facet normal -0 0 -1
    outer loop
      vertex -13.41 -8.90999 0
      vertex -16.71 -11.09 0
      vertex -16.59 -8.90999 0
    endloop
  endfacet
  facet normal 0 0 -1
    outer loop
      vertex -17.81 -8.90999 0
      vertex -16.71 -11.09 0
      vertex -17.81 -12.19 0
    endloop
  endfacet
  facet normal 0 0 -1
    outer loop
      vertex -16.71 -11.09 0
      vertex -17.81 -8.90999 0
      vertex -16.59 -8.90999 0
    endloop
  endfacet
  facet normal 0 0 -1
    outer loop
      vertex -13.41 -15.49 0
      vertex -12.19 -14.51 0
      vertex -12.19 -15.49 0
    endloop
  endfacet
  facet normal -0 0 -1
    outer loop
      vertex -12.19 -14.51 0
      vertex -13.41 -15.49 0
      vertex -13.41 -14.51 0
    endloop
  endfacet
  facet normal 0 0 -1
    outer loop
      vertex -7.81 -17.69 0
      vertex -6.70999 -16.59 0
      vertex -6.70999 -17.69 0
    endloop
  endfacet
  facet normal -0 0 -1
    outer loop
      vertex -6.70999 -16.59 0
      vertex -7.81 -17.69 0
      vertex -6.70999 -15.61 0
    endloop
  endfacet
  facet normal 0 0 -1
    outer loop
      vertex -7.81 -14.51 0
      vertex -6.70999 -15.61 0
      vertex -7.81 -17.69 0
    endloop
  endfacet
  facet normal 0 0 -1
    outer loop
      vertex -6.70999 -15.61 0
      vertex -7.81 -14.51 0
      vertex -6.70999 -14.51 0
    endloop
  endfacet
  facet normal 0 0 -1
    outer loop
      vertex -6.70999 -16.59 0
      vertex -5.60999 -15.61 0
      vertex -5.60999 -16.59 0
    endloop
  endfacet
  facet normal -0 0 -1
    outer loop
      vertex -5.60999 -15.61 0
      vertex -6.70999 -16.59 0
      vertex -6.70999 -15.61 0
    endloop
  endfacet
  facet normal 0 0 -1
    outer loop
      vertex -4.51001 16.71 0
      vertex -5.48999 16.71 0
      vertex -4.51001 17.81 0
    endloop
  endfacet
  facet normal 0 0 -1
    outer loop
      vertex -3.41 17.81 0
      vertex -4.51001 17.81 0
      vertex -3.41 18.91 0
    endloop
  endfacet
  facet normal 0 0 -1
    outer loop
      vertex -4.51001 7.81 0
      vertex -3.41 8.90999 0
      vertex -3.41 7.81 0
    endloop
  endfacet
  facet normal 0 0 -1
    outer loop
      vertex -6.59 8.90999 0
      vertex -3.41 8.90999 0
      vertex -4.51001 7.81 0
    endloop
  endfacet
  facet normal 0 0 -1
    outer loop
      vertex -3.41 11.09 0
      vertex -4.39001 14.39 0
      vertex -3.41 16.59 0
    endloop
  endfacet
  facet normal 0 0 -1
    outer loop
      vertex -3.41 8.90999 0
      vertex -6.59 8.90999 0
      vertex -3.41 11.09 0
    endloop
  endfacet
  facet normal 0 0 -1
    outer loop
      vertex -5.48999 7.81 0
      vertex -4.51001 7.81 0
      vertex -5.48999 6.70999 0
    endloop
  endfacet
  facet normal 0 0 -1
    outer loop
      vertex -6.59 8.90999 0
      vertex -4.51001 7.81 0
      vertex -5.48999 7.81 0
    endloop
  endfacet
  facet normal 0 0 -1
    outer loop
      vertex -3.41 11.09 0
      vertex -6.59 11.09 0
      vertex -4.39001 14.39 0
    endloop
  endfacet
  facet normal 0 0 -1
    outer loop
      vertex -6.59 8.90999 0
      vertex -5.48999 7.81 0
      vertex -6.59 7.81 0
    endloop
  endfacet
  facet normal -0 0 -1
    outer loop
      vertex -3.41 11.09 0
      vertex -6.59 8.90999 0
      vertex -6.59 11.09 0
    endloop
  endfacet
  facet normal -0 0 -1
    outer loop
      vertex -4.39001 14.39 0
      vertex -6.59 11.09 0
      vertex -5.60999 14.39 0
    endloop
  endfacet
  facet normal 0 0 -1
    outer loop
      vertex -6.59 16.59 0
      vertex -5.60999 14.39 0
      vertex -6.59 11.09 0
    endloop
  endfacet
  facet normal 0 0 -1
    outer loop
      vertex -5.60999 14.39 0
      vertex -6.59 16.59 0
      vertex -5.60999 16.59 0
    endloop
  endfacet
  facet normal 0 0 -1
    outer loop
      vertex -3.41 8.90999 0
      vertex -2.19 11.09 0
      vertex -2.19 8.90999 0
    endloop
  endfacet
  facet normal -0 0 -1
    outer loop
      vertex -2.19 11.09 0
      vertex -3.41 8.90999 0
      vertex -3.41 11.09 0
    endloop
  endfacet
  facet normal 0 0 -1
    outer loop
      vertex -2.19 -1.09001 0
      vertex -3.41 1.09001 0
      vertex -2.19 1.09001 0
    endloop
  endfacet
  facet normal 0 0 -1
    outer loop
      vertex -3.41 1.09001 0
      vertex -4.39001 4.39001 0
      vertex -3.41 6.59 0
    endloop
  endfacet
  facet normal 0 0 -1
    outer loop
      vertex -3.41 1.09001 0
      vertex -5.60999 4.39001 0
      vertex -4.39001 4.39001 0
    endloop
  endfacet
  facet normal 0 0 -1
    outer loop
      vertex -6.59 1.09001 0
      vertex -3.41 1.09001 0
      vertex -2.19 -1.09001 0
    endloop
  endfacet
  facet normal 0 0 -1
    outer loop
      vertex -6.59 6.59 0
      vertex -5.60999 4.39001 0
      vertex -6.59 1.09001 0
    endloop
  endfacet
  facet normal 0 0 -1
    outer loop
      vertex -3.41 1.09001 0
      vertex -6.59 1.09001 0
      vertex -5.60999 4.39001 0
    endloop
  endfacet
  facet normal 0 0 -1
    outer loop
      vertex -7.81 -1.09001 0
      vertex -6.59 1.09001 0
      vertex -2.19 -1.09001 0
    endloop
  endfacet
  facet normal -0 0 -1
    outer loop
      vertex -6.59 1.09001 0
      vertex -7.81 -1.09001 0
      vertex -7.81 1.09001 0
    endloop
  endfacet
  facet normal 0 0 -1
    outer loop
      vertex -6.70999 -11.09 0
      vertex -2.19 -8.90999 0
      vertex -2.19 -11.09 0
    endloop
  endfacet
  facet normal 0 0 -1
    outer loop
      vertex -6.70999 -11.09 0
      vertex -7.81 -8.90999 0
      vertex -2.19 -8.90999 0
    endloop
  endfacet
  facet normal 0 0 -1
    outer loop
      vertex -7.81 -8.90999 0
      vertex -6.70999 -11.09 0
      vertex -7.81 -12.19 0
    endloop
  endfacet
  facet normal 0 0 -1
    outer loop
      vertex -2.19 -14.39 0
      vertex -3.41 -13.41 0
      vertex -2.19 -13.41 0
    endloop
  endfacet
  facet normal 0 0 -1
    outer loop
      vertex -6.59 -14.39 0
      vertex -3.41 -13.41 0
      vertex -2.19 -14.39 0
    endloop
  endfacet
  facet normal 0 0 -1
    outer loop
      vertex -6.59 -12.31 0
      vertex -3.41 -13.41 0
      vertex -6.59 -14.39 0
    endloop
  endfacet
  facet normal 0 0 -1
    outer loop
      vertex -3.41 -13.41 0
      vertex -6.59 -12.31 0
      vertex -3.41 -12.31 0
    endloop
  endfacet
  facet normal 0 0 -1
    outer loop
      vertex 2.19 12.31 0
      vertex 4.39001 17.69 0
      vertex 4.39001 12.31 0
    endloop
  endfacet
  facet normal -0 0 -1
    outer loop
      vertex 4.39001 17.69 0
      vertex 2.19 12.31 0
      vertex 2.19 17.69 0
    endloop
  endfacet
  facet normal -0 0 -1
    outer loop
      vertex -13.41 -5.60999 0
      vertex -14.39 -6.70999 0
      vertex -14.39 -5.60999 0
    endloop
  endfacet
  facet normal -0 0 -1
    outer loop
      vertex -14.39 -6.70999 0
      vertex -15.49 -7.81 0
      vertex -15.49 -6.70999 0
    endloop
  endfacet
  facet normal -0 0 -1
    outer loop
      vertex -15.49 -7.81 0
      vertex -16.59 -8.90999 0
      vertex -16.59 -7.81 0
    endloop
  endfacet
  facet normal 0 0 -1
    outer loop
      vertex -16.71 -2.19 0
      vertex -17.81 -2.19 0
      vertex -16.71 -1.09001 0
    endloop
  endfacet
  facet normal 0 0 -1
    outer loop
      vertex -13.41 2.31001 0
      vertex -16.71 4.39001 0
      vertex -13.41 4.39001 0
    endloop
  endfacet
  facet normal -0 0 -1
    outer loop
      vertex -16.71 4.39001 0
      vertex -17.81 2.31001 0
      vertex -16.71 5.60999 0
    endloop
  endfacet
  facet normal 0 0 -1
    outer loop
      vertex -17.81 2.31001 0
      vertex -16.71 4.39001 0
      vertex -13.41 2.31001 0
    endloop
  endfacet
  facet normal 0 0 -1
    outer loop
      vertex -16.71 5.60999 0
      vertex -13.41 7.68999 0
      vertex -13.41 5.60999 0
    endloop
  endfacet
  facet normal 0 0 -1
    outer loop
      vertex -16.71 5.60999 0
      vertex -17.81 7.68999 0
      vertex -13.41 7.68999 0
    endloop
  endfacet
  facet normal 0 0 -1
    outer loop
      vertex -17.81 7.68999 0
      vertex -16.71 5.60999 0
      vertex -17.81 2.31001 0
    endloop
  endfacet
  facet normal 0 0 -1
    outer loop
      vertex -17.81 -7.68999 0
      vertex -16.71 -6.59 0
      vertex -16.71 -7.68999 0
    endloop
  endfacet
  facet normal -0 0 -1
    outer loop
      vertex -16.71 -6.59 0
      vertex -17.81 -7.68999 0
      vertex -16.71 -5.60999 0
    endloop
  endfacet
  facet normal 0 0 -1
    outer loop
      vertex -17.81 -4.51001 0
      vertex -16.71 -5.60999 0
      vertex -17.81 -7.68999 0
    endloop
  endfacet
  facet normal 0 0 -1
    outer loop
      vertex -16.71 -5.60999 0
      vertex -17.81 -4.51001 0
      vertex -16.71 -4.51001 0
    endloop
  endfacet
  facet normal 0 0 -1
    outer loop
      vertex -16.71 -6.59 0
      vertex -15.61 -5.60999 0
      vertex -15.61 -6.59 0
    endloop
  endfacet
  facet normal -0 0 -1
    outer loop
      vertex -15.61 -5.60999 0
      vertex -16.71 -6.59 0
      vertex -16.71 -5.60999 0
    endloop
  endfacet
  facet normal 0 0 -1
    outer loop
      vertex -13.41 12.31 0
      vertex -16.71 14.39 0
      vertex -13.41 14.39 0
    endloop
  endfacet
  facet normal -0 0 -1
    outer loop
      vertex -16.71 14.39 0
      vertex -17.81 12.31 0
      vertex -16.71 15.61 0
    endloop
  endfacet
  facet normal 0 0 -1
    outer loop
      vertex -17.81 12.31 0
      vertex -16.71 14.39 0
      vertex -13.41 12.31 0
    endloop
  endfacet
  facet normal 0 0 -1
    outer loop
      vertex -16.71 15.61 0
      vertex -13.41 17.69 0
      vertex -13.41 15.61 0
    endloop
  endfacet
  facet normal 0 0 -1
    outer loop
      vertex -16.71 15.61 0
      vertex -17.81 17.69 0
      vertex -13.41 17.69 0
    endloop
  endfacet
  facet normal 0 0 -1
    outer loop
      vertex -17.81 17.69 0
      vertex -16.71 15.61 0
      vertex -17.81 12.31 0
    endloop
  endfacet
  facet normal 0 0 -1
    outer loop
      vertex -6.70999 -12.19 0
      vertex -7.81 -12.19 0
      vertex -6.70999 -11.09 0
    endloop
  endfacet
  facet normal 0 0 -1
    outer loop
      vertex -7.81 8.90999 0
      vertex -6.59 11.09 0
      vertex -6.59 8.90999 0
    endloop
  endfacet
  facet normal -0 0 -1
    outer loop
      vertex -6.59 11.09 0
      vertex -7.81 8.90999 0
      vertex -7.81 11.09 0
    endloop
  endfacet
  facet normal -0 0 -1
    outer loop
      vertex -4.39001 -16.71 0
      vertex -5.48999 -17.81 0
      vertex -5.48999 -16.71 0
    endloop
  endfacet
  facet normal -0 0 -1
    outer loop
      vertex -5.48999 -17.81 0
      vertex -6.59 -18.91 0
      vertex -6.59 -17.81 0
    endloop
  endfacet
  facet normal 0 0 -1
    outer loop
      vertex -5.60999 4.39001 0
      vertex -6.59 6.59 0
      vertex -5.60999 6.59 0
    endloop
  endfacet
  facet normal 0 0 -1
    outer loop
      vertex -3.41 -7.68999 0
      vertex -6.70999 -5.60999 0
      vertex -3.41 -5.60999 0
    endloop
  endfacet
  facet normal 0 0 -1
    outer loop
      vertex -12.19 -4.39001 0
      vertex -6.70999 -5.60999 0
      vertex -7.81 -7.68999 0
    endloop
  endfacet
  facet normal 0 0 -1
    outer loop
      vertex -7.81 -7.68999 0
      vertex -6.70999 -5.60999 0
      vertex -3.41 -7.68999 0
    endloop
  endfacet
  facet normal 0 0 -1
    outer loop
      vertex -6.70999 -4.39001 0
      vertex -3.41 -2.31001 0
      vertex -3.41 -4.39001 0
    endloop
  endfacet
  facet normal 0 0 -1
    outer loop
      vertex -6.70999 -4.39001 0
      vertex -7.81 -2.31001 0
      vertex -3.41 -2.31001 0
    endloop
  endfacet
  facet normal 0 0 -1
    outer loop
      vertex -6.70999 -5.60999 0
      vertex -12.19 -4.39001 0
      vertex -6.70999 -4.39001 0
    endloop
  endfacet
  facet normal 0 0 -1
    outer loop
      vertex -4.51001 6.70999 0
      vertex -5.48999 6.70999 0
      vertex -4.51001 7.81 0
    endloop
  endfacet
  facet normal -0 0 -1
    outer loop
      vertex -3.41 -15.61 0
      vertex -4.39001 -16.71 0
      vertex -4.39001 -15.61 0
    endloop
  endfacet
  facet normal -0 0 -1
    outer loop
      vertex -3.41 6.59 0
      vertex -4.39001 4.39001 0
      vertex -4.39001 6.59 0
    endloop
  endfacet
  facet normal -0 0 -1
    outer loop
      vertex -3.41 16.59 0
      vertex -4.39001 14.39 0
      vertex -4.39001 16.59 0
    endloop
  endfacet
  facet normal 0 0 -1
    outer loop
      vertex 3.29001 7.81 0
      vertex 2.19 7.81 0
      vertex 3.29001 8.90999 0
    endloop
  endfacet
  facet normal 0 0 -1
    outer loop
      vertex 4.51001 -5.48999 0
      vertex 5.48999 -5.48999 0
      vertex 5.48999 -7.68999 0
    endloop
  endfacet
  facet normal 0 0 -1
    outer loop
      vertex 3.41 -1.09001 0
      vertex 5.48999 -5.48999 0
      vertex 4.51001 -5.48999 0
    endloop
  endfacet
  facet normal 0 0 -1
    outer loop
      vertex 4.51001 -5.48999 0
      vertex 5.48999 -7.68999 0
      vertex 4.51001 -7.68999 0
    endloop
  endfacet
  facet normal 0 0 -1
    outer loop
      vertex 5.48999 -5.48999 0
      vertex 6.59 -1.09001 0
      vertex 6.59 -5.48999 0
    endloop
  endfacet
  facet normal 0 0 -1
    outer loop
      vertex 5.48999 4.39001 0
      vertex 6.59 -1.09001 0
      vertex 5.48999 -5.48999 0
    endloop
  endfacet
  facet normal 0 0 -1
    outer loop
      vertex 6.59 -1.09001 0
      vertex 5.48999 4.39001 0
      vertex 6.59 1.09001 0
    endloop
  endfacet
  facet normal 0 0 -1
    outer loop
      vertex 6.59 1.09001 0
      vertex 5.48999 4.39001 0
      vertex 6.59 4.39001 0
    endloop
  endfacet
  facet normal 0 0 -1
    outer loop
      vertex 3.41 -17.69 0
      vertex 6.59 -15.49 0
      vertex 6.59 -17.69 0
    endloop
  endfacet
  facet normal -0 0 -1
    outer loop
      vertex 6.59 -15.49 0
      vertex 3.41 -17.69 0
      vertex 6.59 -14.51 0
    endloop
  endfacet
  facet normal 0 0 -1
    outer loop
      vertex 3.41 -12.31 0
      vertex 6.59 -14.51 0
      vertex 3.41 -17.69 0
    endloop
  endfacet
  facet normal 0 0 -1
    outer loop
      vertex 6.59 -14.51 0
      vertex 3.41 -12.31 0
      vertex 6.59 -12.31 0
    endloop
  endfacet
  facet normal 0 0 -1
    outer loop
      vertex 6.70999 -11.09 0
      vertex 5.60999 -8.90999 0
      vertex 6.70999 -7.81 0
    endloop
  endfacet
  facet normal 0 0 -1
    outer loop
      vertex 6.70999 -11.09 0
      vertex 4.39001 -8.90999 0
      vertex 5.60999 -8.90999 0
    endloop
  endfacet
  facet normal 0 0 -1
    outer loop
      vertex 3.29001 -11.09 0
      vertex 4.39001 -8.90999 0
      vertex 6.70999 -11.09 0
    endloop
  endfacet
  facet normal 0 0 -1
    outer loop
      vertex 3.29001 -7.81 0
      vertex 4.39001 -8.90999 0
      vertex 3.29001 -11.09 0
    endloop
  endfacet
  facet normal 0 0 -1
    outer loop
      vertex 4.39001 -8.90999 0
      vertex 3.29001 -7.81 0
      vertex 4.39001 -7.81 0
    endloop
  endfacet
  facet normal 0 0 -1
    outer loop
      vertex 5.60999 12.31 0
      vertex 7.81 17.69 0
      vertex 7.81 12.31 0
    endloop
  endfacet
  facet normal -0 0 -1
    outer loop
      vertex 7.81 17.69 0
      vertex 5.60999 12.31 0
      vertex 5.60999 17.69 0
    endloop
  endfacet
  facet normal 0 0 -1
    outer loop
      vertex 6.70999 8.90999 0
      vertex 7.81 7.81 0
      vertex 6.70999 7.81 0
    endloop
  endfacet
  facet normal 0 0 -1
    outer loop
      vertex 7.81 7.81 0
      vertex 6.70999 8.90999 0
      vertex 7.81 11.09 0
    endloop
  endfacet
  facet normal 0 0 -1
    outer loop
      vertex 3.29001 8.90999 0
      vertex 7.81 11.09 0
      vertex 6.70999 8.90999 0
    endloop
  endfacet
  facet normal 0 0 -1
    outer loop
      vertex 3.29001 8.90999 0
      vertex 2.19 11.09 0
      vertex 7.81 11.09 0
    endloop
  endfacet
  facet normal 0 0 -1
    outer loop
      vertex 2.19 11.09 0
      vertex 3.29001 8.90999 0
      vertex 2.19 7.81 0
    endloop
  endfacet
  facet normal 0 0 -1
    outer loop
      vertex 6.59 -1.09001 0
      vertex 7.81 1.09001 0
      vertex 7.81 -1.09001 0
    endloop
  endfacet
  facet normal -0 0 -1
    outer loop
      vertex 7.81 1.09001 0
      vertex 6.59 -1.09001 0
      vertex 6.59 1.09001 0
    endloop
  endfacet
  facet normal 0 0 -1
    outer loop
      vertex 6.70999 -11.09 0
      vertex 7.81 -12.19 0
      vertex 6.70999 -12.19 0
    endloop
  endfacet
  facet normal 0 0 -1
    outer loop
      vertex 6.70999 -7.81 0
      vertex 7.81 -12.19 0
      vertex 6.70999 -11.09 0
    endloop
  endfacet
  facet normal 0 0 -1
    outer loop
      vertex 7.81 -12.19 0
      vertex 6.70999 -7.81 0
      vertex 7.81 -5.60999 0
    endloop
  endfacet
  facet normal -0 0 -1
    outer loop
      vertex 7.81 -5.60999 0
      vertex 6.70999 -7.81 0
      vertex 6.70999 -5.60999 0
    endloop
  endfacet
  facet normal 0 0 -1
    outer loop
      vertex 6.59 -15.49 0
      vertex 7.81 -14.51 0
      vertex 7.81 -15.49 0
    endloop
  endfacet
  facet normal -0 0 -1
    outer loop
      vertex 7.81 -14.51 0
      vertex 6.59 -15.49 0
      vertex 6.59 -14.51 0
    endloop
  endfacet
  facet normal 0 0 -1
    outer loop
      vertex 12.19 5.60999 0
      vertex 13.41 6.59 0
      vertex 14.51 5.60999 0
    endloop
  endfacet
  facet normal -0 0 -1
    outer loop
      vertex 13.41 6.59 0
      vertex 12.19 5.60999 0
      vertex 12.19 6.59 0
    endloop
  endfacet
  facet normal 0 0 -1
    outer loop
      vertex 16.59 2.31001 0
      vertex 14.51 4.39001 0
      vertex 16.59 7.68999 0
    endloop
  endfacet
  facet normal 0 0 -1
    outer loop
      vertex 13.41 2.31001 0
      vertex 14.51 4.39001 0
      vertex 16.59 2.31001 0
    endloop
  endfacet
  facet normal -0 0 -1
    outer loop
      vertex 14.51 4.39001 0
      vertex 13.41 2.31001 0
      vertex 13.41 4.39001 0
    endloop
  endfacet
  facet normal 0 0 -1
    outer loop
      vertex 14.51 5.60999 0
      vertex 16.59 7.68999 0
      vertex 14.51 4.39001 0
    endloop
  endfacet
  facet normal 0 0 -1
    outer loop
      vertex 13.41 7.68999 0
      vertex 14.51 5.60999 0
      vertex 13.41 6.59 0
    endloop
  endfacet
  facet normal 0 0 -1
    outer loop
      vertex 14.51 5.60999 0
      vertex 13.41 7.68999 0
      vertex 16.59 7.68999 0
    endloop
  endfacet
  facet normal -0 0 -1
    outer loop
      vertex 7.81 -17.81 0
      vertex 6.70999 -18.91 0
      vertex 6.70999 -17.81 0
    endloop
  endfacet
  facet normal -0 0 -1
    outer loop
      vertex 6.70999 -7.81 0
      vertex 5.60999 -8.90999 0
      vertex 5.60999 -7.81 0
    endloop
  endfacet
  facet normal 0 0 -1
    outer loop
      vertex 5.48999 5.60999 0
      vertex 6.59 7.68999 0
      vertex 6.59 5.60999 0
    endloop
  endfacet
  facet normal 0 0 -1
    outer loop
      vertex 5.48999 -5.48999 0
      vertex 3.41 -1.09001 0
      vertex 5.48999 4.39001 0
    endloop
  endfacet
  facet normal 0 0 -1
    outer loop
      vertex 3.41 1.09001 0
      vertex 5.48999 4.39001 0
      vertex 3.41 -1.09001 0
    endloop
  endfacet
  facet normal 0 0 -1
    outer loop
      vertex 4.51001 5.60999 0
      vertex 5.48999 5.60999 0
      vertex 4.51001 4.39001 0
    endloop
  endfacet
  facet normal 0 0 -1
    outer loop
      vertex 5.48999 5.60999 0
      vertex 4.51001 5.60999 0
      vertex 6.59 7.68999 0
    endloop
  endfacet
  facet normal 0 0 -1
    outer loop
      vertex 3.41 7.68999 0
      vertex 4.51001 5.60999 0
      vertex 3.41 5.60999 0
    endloop
  endfacet
  facet normal 0 0 -1
    outer loop
      vertex 4.51001 5.60999 0
      vertex 3.41 7.68999 0
      vertex 6.59 7.68999 0
    endloop
  endfacet
  facet normal 0 0 -1
    outer loop
      vertex 2.19 -12.19 0
      vertex 3.29001 -11.09 0
      vertex 3.29001 -12.19 0
    endloop
  endfacet
  facet normal 0 0 -1
    outer loop
      vertex -2.19 -8.90999 0
      vertex 3.29001 -11.09 0
      vertex 2.19 -12.19 0
    endloop
  endfacet
  facet normal 0 0 -1
    outer loop
      vertex 3.29001 -11.09 0
      vertex -2.19 -8.90999 0
      vertex 3.29001 -7.81 0
    endloop
  endfacet
  facet normal 0 0 -1
    outer loop
      vertex 3.29001 -7.81 0
      vertex 2.19 -5.60999 0
      vertex 3.29001 -5.60999 0
    endloop
  endfacet
  facet normal 0 0 -1
    outer loop
      vertex 2.19 -1.09001 0
      vertex 3.41 1.09001 0
      vertex 3.41 -1.09001 0
    endloop
  endfacet
  facet normal -0 0 -1
    outer loop
      vertex 3.41 1.09001 0
      vertex 2.19 -1.09001 0
      vertex 2.19 1.09001 0
    endloop
  endfacet
  facet normal 0 0 -1
    outer loop
      vertex 3.41 -1.09001 0
      vertex 4.51001 -5.48999 0
      vertex 3.41 -5.48999 0
    endloop
  endfacet
  facet normal 0 -0 -1
    outer loop
      vertex 4.51001 4.39001 0
      vertex 5.48999 4.39001 0
      vertex 3.41 1.09001 0
    endloop
  endfacet
  facet normal 0 0 -1
    outer loop
      vertex 5.48999 4.39001 0
      vertex 4.51001 4.39001 0
      vertex 5.48999 5.60999 0
    endloop
  endfacet
  facet normal -0 0 -1
    outer loop
      vertex 4.51001 4.39001 0
      vertex 3.41 1.09001 0
      vertex 3.41 4.39001 0
    endloop
  endfacet
  facet normal 0 0 -1
    outer loop
      vertex 14.39 -16.59 0
      vertex 13.41 -16.59 0
      vertex 14.39 -14.39 0
    endloop
  endfacet
  facet normal 0 0 -1
    outer loop
      vertex 15.61 -14.39 0
      vertex 16.59 -16.59 0
      vertex 15.61 -16.59 0
    endloop
  endfacet
  facet normal 0 0 -1
    outer loop
      vertex 13.29 -1.09001 0
      vertex 16.71 1.09001 0
      vertex 16.71 -1.09001 0
    endloop
  endfacet
  facet normal -0 0 -1
    outer loop
      vertex 16.71 1.09001 0
      vertex 13.29 -1.09001 0
      vertex 13.29 1.09001 0
    endloop
  endfacet
  facet normal 0 0 -1
    outer loop
      vertex 16.71 8.90999 0
      vertex 17.81 7.81 0
      vertex 16.71 7.81 0
    endloop
  endfacet
  facet normal 0 0 -1
    outer loop
      vertex 17.81 7.81 0
      vertex 16.71 8.90999 0
      vertex 17.81 17.69 0
    endloop
  endfacet
  facet normal 0 0 -1
    outer loop
      vertex 15.61 11.09 0
      vertex 17.81 17.69 0
      vertex 16.71 8.90999 0
    endloop
  endfacet
  facet normal -0 0 -1
    outer loop
      vertex 17.81 17.69 0
      vertex 15.61 11.09 0
      vertex 15.61 17.69 0
    endloop
  endfacet
  facet normal 0 0 -1
    outer loop
      vertex 16.71 -1.09001 0
      vertex 17.81 -2.19 0
      vertex 16.71 -2.19 0
    endloop
  endfacet
  facet normal 0 0 -1
    outer loop
      vertex 17.81 -2.19 0
      vertex 16.71 -1.09001 0
      vertex 17.81 2.19 0
    endloop
  endfacet
  facet normal 0 0 -1
    outer loop
      vertex 16.71 1.09001 0
      vertex 17.81 2.19 0
      vertex 16.71 -1.09001 0
    endloop
  endfacet
  facet normal -0 0 -1
    outer loop
      vertex 17.81 2.19 0
      vertex 16.71 1.09001 0
      vertex 16.71 2.19 0
    endloop
  endfacet
  facet normal 0 0 -1
    outer loop
      vertex 16.59 -5.48999 0
      vertex 17.81 -4.51001 0
      vertex 17.81 -5.48999 0
    endloop
  endfacet
  facet normal -0 0 -1
    outer loop
      vertex 17.81 -4.51001 0
      vertex 16.59 -5.48999 0
      vertex 16.59 -4.51001 0
    endloop
  endfacet
  facet normal 0 0 -1
    outer loop
      vertex 17.81 -11.09 0
      vertex 16.71 -8.90999 0
      vertex 17.81 -7.81 0
    endloop
  endfacet
  facet normal 0 0 -1
    outer loop
      vertex 16.59 -11.09 0
      vertex 16.71 -8.90999 0
      vertex 17.81 -11.09 0
    endloop
  endfacet
  facet normal 0 0 -1
    outer loop
      vertex 16.59 -16.59 0
      vertex 15.61 -14.39 0
      vertex 16.59 -11.09 0
    endloop
  endfacet
  facet normal 0 0 -1
    outer loop
      vertex 13.41 -11.09 0
      vertex 16.59 -11.09 0
      vertex 15.61 -14.39 0
    endloop
  endfacet
  facet normal 0 0 -1
    outer loop
      vertex 13.41 -11.09 0
      vertex 15.61 -14.39 0
      vertex 14.39 -14.39 0
    endloop
  endfacet
  facet normal 0 0 -1
    outer loop
      vertex 13.41 -11.09 0
      vertex 14.39 -14.39 0
      vertex 13.41 -16.59 0
    endloop
  endfacet
  facet normal 0 0 -1
    outer loop
      vertex 16.59 -11.09 0
      vertex 13.41 -11.09 0
      vertex 16.71 -8.90999 0
    endloop
  endfacet
  facet normal 0 0 -1
    outer loop
      vertex 13.41 -11.09 0
      vertex 13.29 -8.90999 0
      vertex 16.71 -8.90999 0
    endloop
  endfacet
  facet normal 0 0 -1
    outer loop
      vertex 12.19 -11.09 0
      vertex 13.29 -8.90999 0
      vertex 13.41 -11.09 0
    endloop
  endfacet
  facet normal 0 0 -1
    outer loop
      vertex 12.19 -7.81 0
      vertex 13.29 -8.90999 0
      vertex 12.19 -11.09 0
    endloop
  endfacet
  facet normal 0 0 -1
    outer loop
      vertex 13.29 -8.90999 0
      vertex 12.19 -7.81 0
      vertex 13.29 -7.81 0
    endloop
  endfacet
  facet normal 0 0 -1
    outer loop
      vertex 21 -24 0
      vertex 24 -21 0
      vertex 23.9743 -21.3916 0
    endloop
  endfacet
  facet normal 0 0 -1
    outer loop
      vertex 24 -21 0
      vertex 17.81 -2.19 0
      vertex 24 21 0
    endloop
  endfacet
  facet normal 0 0 -1
    outer loop
      vertex 21 -24 0
      vertex 23.9743 -21.3916 0
      vertex 23.8978 -21.7765 0
    endloop
  endfacet
  facet normal 0 0 -1
    outer loop
      vertex 17.81 2.19 0
      vertex 24 21 0
      vertex 17.81 -2.19 0
    endloop
  endfacet
  facet normal 0 0 -1
    outer loop
      vertex 21 -24 0
      vertex 23.8978 -21.7765 0
      vertex 23.7716 -22.1481 0
    endloop
  endfacet
  facet normal 0 0 -1
    outer loop
      vertex 17.81 7.81 0
      vertex 24 21 0
      vertex 17.81 2.19 0
    endloop
  endfacet
  facet normal 0 0 -1
    outer loop
      vertex 21 -24 0
      vertex 23.7716 -22.1481 0
      vertex 23.5981 -22.5 0
    endloop
  endfacet
  facet normal 0 0 -1
    outer loop
      vertex 17.81 17.69 0
      vertex 24 21 0
      vertex 17.81 7.81 0
    endloop
  endfacet
  facet normal 0 0 -1
    outer loop
      vertex 21 -24 0
      vertex 23.5981 -22.5 0
      vertex 23.3801 -22.8263 0
    endloop
  endfacet
  facet normal 0 0 -1
    outer loop
      vertex 17.81 18.91 0
      vertex 24 21 0
      vertex 17.81 17.69 0
    endloop
  endfacet
  facet normal 0 0 -1
    outer loop
      vertex 21 -24 0
      vertex 23.3801 -22.8263 0
      vertex 23.1213 -23.1213 0
    endloop
  endfacet
  facet normal 0 -0 -1
    outer loop
      vertex 21 24 0
      vertex 24 21 0
      vertex 17.81 18.91 0
    endloop
  endfacet
  facet normal 0 0 -1
    outer loop
      vertex 21 -24 0
      vertex 23.1213 -23.1213 0
      vertex 22.8263 -23.3801 0
    endloop
  endfacet
  facet normal 0 0 -1
    outer loop
      vertex 24 21 0
      vertex 21 24 0
      vertex 23.9743 21.3916 0
    endloop
  endfacet
  facet normal 0 0 -1
    outer loop
      vertex 21 -24 0
      vertex 22.8263 -23.3801 0
      vertex 22.5 -23.5981 0
    endloop
  endfacet
  facet normal 0 0 -1
    outer loop
      vertex 23.9743 21.3916 0
      vertex 21 24 0
      vertex 23.8978 21.7765 0
    endloop
  endfacet
  facet normal 0 0 -1
    outer loop
      vertex 21 -24 0
      vertex 22.5 -23.5981 0
      vertex 22.1481 -23.7716 0
    endloop
  endfacet
  facet normal 0 0 -1
    outer loop
      vertex 23.8978 21.7765 0
      vertex 21 24 0
      vertex 23.7716 22.1481 0
    endloop
  endfacet
  facet normal 0 0 -1
    outer loop
      vertex 21 -24 0
      vertex 22.1481 -23.7716 0
      vertex 21.7765 -23.8978 0
    endloop
  endfacet
  facet normal 0 0 -1
    outer loop
      vertex 23.7716 22.1481 0
      vertex 21 24 0
      vertex 23.5981 22.5 0
    endloop
  endfacet
  facet normal 0 0 -1
    outer loop
      vertex 21 -24 0
      vertex 21.7765 -23.8978 0
      vertex 21.3916 -23.9743 0
    endloop
  endfacet
  facet normal 0 0 -1
    outer loop
      vertex 23.5981 22.5 0
      vertex 21 24 0
      vertex 23.3801 22.8263 0
    endloop
  endfacet
  facet normal -0 0 -1
    outer loop
      vertex 24 -21 0
      vertex 21 -24 0
      vertex 17.81 -18.91 0
    endloop
  endfacet
  facet normal 0 0 -1
    outer loop
      vertex 23.3801 22.8263 0
      vertex 21 24 0
      vertex 23.1213 23.1213 0
    endloop
  endfacet
  facet normal 0 0 -1
    outer loop
      vertex 24 -21 0
      vertex 17.81 -18.91 0
      vertex 17.81 -11.09 0
    endloop
  endfacet
  facet normal 0 0 -1
    outer loop
      vertex 21 -24 0
      vertex 16.59 -18.91 0
      vertex 17.81 -18.91 0
    endloop
  endfacet
  facet normal 0 0 -1
    outer loop
      vertex 16.59 -18.91 0
      vertex 15.49 -17.81 0
      vertex 16.59 -17.81 0
    endloop
  endfacet
  facet normal 0 0 -1
    outer loop
      vertex 13.41 -18.91 0
      vertex 16.59 -18.91 0
      vertex 21 -24 0
    endloop
  endfacet
  facet normal 0 0 -1
    outer loop
      vertex 15.49 -17.81 0
      vertex 14.51 -17.81 0
      vertex 15.49 -16.71 0
    endloop
  endfacet
  facet normal 0 0 -1
    outer loop
      vertex 16.59 -18.91 0
      vertex 13.41 -18.91 0
      vertex 15.49 -17.81 0
    endloop
  endfacet
  facet normal -0 0 -1
    outer loop
      vertex 15.49 -17.81 0
      vertex 13.41 -18.91 0
      vertex 14.51 -17.81 0
    endloop
  endfacet
  facet normal 0 0 -1
    outer loop
      vertex 21 -24 0
      vertex 12.19 -18.91 0
      vertex 13.41 -18.91 0
    endloop
  endfacet
  facet normal 0 0 -1
    outer loop
      vertex 7.81 -14.51 0
      vertex 12.19 -11.09 0
      vertex 12.19 -18.91 0
    endloop
  endfacet
  facet normal -0 0 -1
    outer loop
      vertex 12.19 -11.09 0
      vertex 7.81 -12.19 0
      vertex 12.19 -7.81 0
    endloop
  endfacet
  facet normal 0 0 -1
    outer loop
      vertex 7.81 -5.60999 0
      vertex 12.19 -7.81 0
      vertex 7.81 -12.19 0
    endloop
  endfacet
  facet normal 0 0 -1
    outer loop
      vertex 7.81 -1.09001 0
      vertex 12.19 -2.19 0
      vertex 7.81 -5.60999 0
    endloop
  endfacet
  facet normal 0 0 -1
    outer loop
      vertex 12.19 -2.19 0
      vertex 7.81 -1.09001 0
      vertex 12.19 2.19 0
    endloop
  endfacet
  facet normal 0 0 -1
    outer loop
      vertex 7.81 1.09001 0
      vertex 12.19 2.19 0
      vertex 7.81 -1.09001 0
    endloop
  endfacet
  facet normal -0 0 -1
    outer loop
      vertex 12.19 2.19 0
      vertex 7.81 1.09001 0
      vertex 12.19 5.60999 0
    endloop
  endfacet
  facet normal 0 0 -1
    outer loop
      vertex 12.19 5.60999 0
      vertex 7.81 7.81 0
      vertex 12.19 6.59 0
    endloop
  endfacet
  facet normal 0 0 -1
    outer loop
      vertex 7.81 -15.49 0
      vertex 12.19 -18.91 0
      vertex 7.81 -17.81 0
    endloop
  endfacet
  facet normal 0 0 -1
    outer loop
      vertex 6.70999 -18.91 0
      vertex 12.19 -18.91 0
      vertex 21 -24 0
    endloop
  endfacet
  facet normal 0 0 -1
    outer loop
      vertex 12.19 -18.91 0
      vertex 6.70999 -18.91 0
      vertex 7.81 -17.81 0
    endloop
  endfacet
  facet normal 0 0 -1
    outer loop
      vertex 21 -24 0
      vertex 3.29001 -18.91 0
      vertex 6.70999 -18.91 0
    endloop
  endfacet
  facet normal 0 0 -1
    outer loop
      vertex 3.29001 -18.91 0
      vertex 2.19 -17.81 0
      vertex 3.29001 -17.81 0
    endloop
  endfacet
  facet normal 0 0 -1
    outer loop
      vertex -2.19 -14.39 0
      vertex 2.19 -12.19 0
      vertex 2.19 -17.81 0
    endloop
  endfacet
  facet normal 0 0 -1
    outer loop
      vertex -2.19 -8.90999 0
      vertex 2.19 -12.19 0
      vertex -2.19 -11.09 0
    endloop
  endfacet
  facet normal 0 0 -1
    outer loop
      vertex -2.19 -1.09001 0
      vertex 2.19 -5.60999 0
      vertex -2.19 -8.90999 0
    endloop
  endfacet
  facet normal 0 0 -1
    outer loop
      vertex 2.19 -5.60999 0
      vertex -2.19 -1.09001 0
      vertex 2.19 -1.09001 0
    endloop
  endfacet
  facet normal 0 0 -1
    outer loop
      vertex -2.19 1.09001 0
      vertex 2.19 1.09001 0
      vertex -2.19 -1.09001 0
    endloop
  endfacet
  facet normal 0 0 -1
    outer loop
      vertex 2.19 1.09001 0
      vertex -2.19 1.09001 0
      vertex 2.19 7.81 0
    endloop
  endfacet
  facet normal 0 0 -1
    outer loop
      vertex -2.19 8.90999 0
      vertex 2.19 7.81 0
      vertex -2.19 1.09001 0
    endloop
  endfacet
  facet normal 0 0 -1
    outer loop
      vertex -2.19 11.09 0
      vertex 2.19 11.09 0
      vertex -2.19 8.90999 0
    endloop
  endfacet
  facet normal 0 0 -1
    outer loop
      vertex -2.19 -14.39 0
      vertex 2.19 -17.81 0
      vertex -2.19 -18.91 0
    endloop
  endfacet
  facet normal 0 0 -1
    outer loop
      vertex 3.29001 -18.91 0
      vertex -2.19 -18.91 0
      vertex 2.19 -17.81 0
    endloop
  endfacet
  facet normal 0 0 -1
    outer loop
      vertex 21 -24 0
      vertex -2.19 -18.91 0
      vertex 3.29001 -18.91 0
    endloop
  endfacet
  facet normal 0 0 -1
    outer loop
      vertex -21 -24 0
      vertex -2.19 -18.91 0
      vertex 21 -24 0
    endloop
  endfacet
  facet normal 0 0 -1
    outer loop
      vertex -3.41 -18.91 0
      vertex -4.39001 -16.71 0
      vertex -3.41 -15.61 0
    endloop
  endfacet
  facet normal 0 0 -1
    outer loop
      vertex -3.41 -18.91 0
      vertex -5.48999 -17.81 0
      vertex -4.39001 -16.71 0
    endloop
  endfacet
  facet normal 0 0 -1
    outer loop
      vertex -3.41 -18.91 0
      vertex -6.59 -18.91 0
      vertex -5.48999 -17.81 0
    endloop
  endfacet
  facet normal -0 0 -1
    outer loop
      vertex -2.19 -18.91 0
      vertex -21 -24 0
      vertex -3.41 -18.91 0
    endloop
  endfacet
  facet normal -0 0 -1
    outer loop
      vertex -3.41 -18.91 0
      vertex -21 -24 0
      vertex -6.59 -18.91 0
    endloop
  endfacet
  facet normal 0 0 -1
    outer loop
      vertex -12.19 -18.91 0
      vertex -7.81 -17.69 0
      vertex -7.81 -18.91 0
    endloop
  endfacet
  facet normal 0 0 -1
    outer loop
      vertex -7.81 -17.69 0
      vertex -12.19 -15.49 0
      vertex -7.81 -14.51 0
    endloop
  endfacet
  facet normal 0 0 -1
    outer loop
      vertex -12.19 -14.51 0
      vertex -7.81 -14.51 0
      vertex -12.19 -15.49 0
    endloop
  endfacet
  facet normal 0 0 -1
    outer loop
      vertex -12.19 -11.09 0
      vertex -7.81 -12.19 0
      vertex -12.19 -14.51 0
    endloop
  endfacet
  facet normal 0 0 -1
    outer loop
      vertex -7.81 -12.19 0
      vertex -12.19 -11.09 0
      vertex -7.81 -8.90999 0
    endloop
  endfacet
  facet normal 0 0 -1
    outer loop
      vertex -7.81 -8.90999 0
      vertex -12.19 -8.90999 0
      vertex -7.81 -7.68999 0
    endloop
  endfacet
  facet normal 0 0 -1
    outer loop
      vertex -6.70999 -4.39001 0
      vertex -12.19 -4.39001 0
      vertex -7.81 -2.31001 0
    endloop
  endfacet
  facet normal 0 0 -1
    outer loop
      vertex -12.19 -3.41 0
      vertex -7.81 -2.31001 0
      vertex -12.19 -4.39001 0
    endloop
  endfacet
  facet normal 0 0 -1
    outer loop
      vertex -7.81 -2.31001 0
      vertex -12.19 -1.09001 0
      vertex -7.81 -1.09001 0
    endloop
  endfacet
  facet normal 0 0 -1
    outer loop
      vertex -12.19 1.09001 0
      vertex -7.81 1.09001 0
      vertex -12.19 -1.09001 0
    endloop
  endfacet
  facet normal -0 0 -1
    outer loop
      vertex -7.81 -17.69 0
      vertex -12.19 -18.91 0
      vertex -12.19 -15.49 0
    endloop
  endfacet
  facet normal -0 0 -1
    outer loop
      vertex -6.59 -18.91 0
      vertex -21 -24 0
      vertex -7.81 -18.91 0
    endloop
  endfacet
  facet normal -0 0 -1
    outer loop
      vertex -7.81 -18.91 0
      vertex -21 -24 0
      vertex -12.19 -18.91 0
    endloop
  endfacet
  facet normal 0 0 -1
    outer loop
      vertex -16.71 -18.91 0
      vertex -17.81 -17.81 0
      vertex -16.71 -17.81 0
    endloop
  endfacet
  facet normal 0 0 -1
    outer loop
      vertex -24 -21 0
      vertex -17.81 -12.19 0
      vertex -17.81 -17.81 0
    endloop
  endfacet
  facet normal -0 0 -1
    outer loop
      vertex -17.81 -12.19 0
      vertex -24 -21 0
      vertex -17.81 -8.90999 0
    endloop
  endfacet
  facet normal -0 0 -1
    outer loop
      vertex -17.81 -8.90999 0
      vertex -24 -21 0
      vertex -17.81 -7.68999 0
    endloop
  endfacet
  facet normal -0 0 -1
    outer loop
      vertex -17.81 -7.68999 0
      vertex -24 -21 0
      vertex -17.81 -4.51001 0
    endloop
  endfacet
  facet normal -0 0 -1
    outer loop
      vertex -17.81 -4.51001 0
      vertex -24 -21 0
      vertex -17.81 -2.19 0
    endloop
  endfacet
  facet normal -0 0 -1
    outer loop
      vertex -17.81 -2.19 0
      vertex -24 -21 0
      vertex -17.81 1.09001 0
    endloop
  endfacet
  facet normal 0 0 -1
    outer loop
      vertex -24 21 0
      vertex -17.81 1.09001 0
      vertex -24 -21 0
    endloop
  endfacet
  facet normal 0 0 -1
    outer loop
      vertex -17.81 1.09001 0
      vertex -24 21 0
      vertex -17.81 2.31001 0
    endloop
  endfacet
  facet normal 0 0 -1
    outer loop
      vertex -17.81 2.31001 0
      vertex -24 21 0
      vertex -17.81 7.68999 0
    endloop
  endfacet
  facet normal 0 0 -1
    outer loop
      vertex -17.81 7.68999 0
      vertex -24 21 0
      vertex -17.81 8.90999 0
    endloop
  endfacet
  facet normal 0 0 -1
    outer loop
      vertex -17.81 8.90999 0
      vertex -24 21 0
      vertex -17.81 11.09 0
    endloop
  endfacet
  facet normal 0 0 -1
    outer loop
      vertex -17.81 11.09 0
      vertex -24 21 0
      vertex -17.81 12.31 0
    endloop
  endfacet
  facet normal 0 0 -1
    outer loop
      vertex -24 -21 0
      vertex -17.81 -17.81 0
      vertex -21 -24 0
    endloop
  endfacet
  facet normal -0 0 -1
    outer loop
      vertex -16.71 -18.91 0
      vertex -21 -24 0
      vertex -17.81 -17.81 0
    endloop
  endfacet
  facet normal -0 0 -1
    outer loop
      vertex -12.19 -18.91 0
      vertex -21 -24 0
      vertex -16.71 -18.91 0
    endloop
  endfacet
  facet normal 0 0 -1
    outer loop
      vertex 24 -21 0
      vertex 17.81 -11.09 0
      vertex 17.81 -7.81 0
    endloop
  endfacet
  facet normal 0 0 -1
    outer loop
      vertex 24 -21 0
      vertex 17.81 -7.81 0
      vertex 17.81 -5.48999 0
    endloop
  endfacet
  facet normal 0 0 -1
    outer loop
      vertex 24 -21 0
      vertex 17.81 -5.48999 0
      vertex 17.81 -4.51001 0
    endloop
  endfacet
  facet normal 0 0 -1
    outer loop
      vertex 24 -21 0
      vertex 17.81 -4.51001 0
      vertex 17.81 -2.19 0
    endloop
  endfacet
  facet normal 0 0 -1
    outer loop
      vertex 23.1213 23.1213 0
      vertex 21 24 0
      vertex 22.8263 23.3801 0
    endloop
  endfacet
  facet normal 0 0 -1
    outer loop
      vertex 22.8263 23.3801 0
      vertex 21 24 0
      vertex 22.5 23.5981 0
    endloop
  endfacet
  facet normal 0 0 -1
    outer loop
      vertex 22.5 23.5981 0
      vertex 21 24 0
      vertex 22.1481 23.7716 0
    endloop
  endfacet
  facet normal 0 0 -1
    outer loop
      vertex 22.1481 23.7716 0
      vertex 21 24 0
      vertex 21.7765 23.8978 0
    endloop
  endfacet
  facet normal 0 0 -1
    outer loop
      vertex 21.7765 23.8978 0
      vertex 21 24 0
      vertex 21.3916 23.9743 0
    endloop
  endfacet
  facet normal 0 0 -1
    outer loop
      vertex 12.19 18.91 0
      vertex 21 24 0
      vertex 17.81 18.91 0
    endloop
  endfacet
  facet normal 0 0 -1
    outer loop
      vertex 7.81 -14.51 0
      vertex 12.19 -18.91 0
      vertex 7.81 -15.49 0
    endloop
  endfacet
  facet normal 0 0 -1
    outer loop
      vertex 12.19 -11.09 0
      vertex 7.81 -14.51 0
      vertex 7.81 -12.19 0
    endloop
  endfacet
  facet normal 0 0 -1
    outer loop
      vertex 12.19 -7.81 0
      vertex 7.81 -5.60999 0
      vertex 12.19 -2.19 0
    endloop
  endfacet
  facet normal 0 0 -1
    outer loop
      vertex 7.81 7.81 0
      vertex 12.19 5.60999 0
      vertex 7.81 1.09001 0
    endloop
  endfacet
  facet normal 0 0 -1
    outer loop
      vertex 12.19 6.59 0
      vertex 7.81 7.81 0
      vertex 12.19 7.81 0
    endloop
  endfacet
  facet normal 0 0 -1
    outer loop
      vertex 7.81 11.09 0
      vertex 12.19 7.81 0
      vertex 7.81 7.81 0
    endloop
  endfacet
  facet normal 0 0 -1
    outer loop
      vertex 7.81 12.31 0
      vertex 12.19 7.81 0
      vertex 7.81 11.09 0
    endloop
  endfacet
  facet normal 0 0 -1
    outer loop
      vertex 12.19 7.81 0
      vertex 7.81 12.31 0
      vertex 12.19 17.69 0
    endloop
  endfacet
  facet normal 0 0 -1
    outer loop
      vertex 7.81 17.69 0
      vertex 12.19 17.69 0
      vertex 7.81 12.31 0
    endloop
  endfacet
  facet normal 0 0 -1
    outer loop
      vertex 12.19 17.69 0
      vertex 7.81 17.69 0
      vertex 12.19 18.91 0
    endloop
  endfacet
  facet normal 0 0 -1
    outer loop
      vertex 7.81 18.91 0
      vertex 12.19 18.91 0
      vertex 7.81 17.69 0
    endloop
  endfacet
  facet normal 0 0 -1
    outer loop
      vertex 12.19 18.91 0
      vertex 7.81 18.91 0
      vertex 21 24 0
    endloop
  endfacet
  facet normal 0 0 -1
    outer loop
      vertex 2.19 18.91 0
      vertex 21 24 0
      vertex 7.81 18.91 0
    endloop
  endfacet
  facet normal 0 0 -1
    outer loop
      vertex 2.19 -12.19 0
      vertex -2.19 -14.39 0
      vertex -2.19 -13.41 0
    endloop
  endfacet
  facet normal -0 0 -1
    outer loop
      vertex 2.19 -12.19 0
      vertex -2.19 -13.41 0
      vertex -2.19 -11.09 0
    endloop
  endfacet
  facet normal -0 0 -1
    outer loop
      vertex 3.29001 -7.81 0
      vertex -2.19 -8.90999 0
      vertex 2.19 -5.60999 0
    endloop
  endfacet
  facet normal 0 0 -1
    outer loop
      vertex 2.19 -1.09001 0
      vertex -2.19 -1.09001 0
      vertex 2.19 1.09001 0
    endloop
  endfacet
  facet normal 0 0 -1
    outer loop
      vertex 2.19 7.81 0
      vertex -2.19 8.90999 0
      vertex 2.19 11.09 0
    endloop
  endfacet
  facet normal 0 0 -1
    outer loop
      vertex 2.19 11.09 0
      vertex -2.19 11.09 0
      vertex 2.19 12.31 0
    endloop
  endfacet
  facet normal -0 0 -1
    outer loop
      vertex 2.19 12.31 0
      vertex -2.19 11.09 0
      vertex 2.19 17.69 0
    endloop
  endfacet
  facet normal 0 0 -1
    outer loop
      vertex -2.19 18.91 0
      vertex 2.19 17.69 0
      vertex -2.19 11.09 0
    endloop
  endfacet
  facet normal 0 0 -1
    outer loop
      vertex 2.19 17.69 0
      vertex -2.19 18.91 0
      vertex 2.19 18.91 0
    endloop
  endfacet
  facet normal 0 0 -1
    outer loop
      vertex -2.19 18.91 0
      vertex 21 24 0
      vertex 2.19 18.91 0
    endloop
  endfacet
  facet normal 0 0 -1
    outer loop
      vertex -21 24 0
      vertex -2.19 18.91 0
      vertex -3.41 18.91 0
    endloop
  endfacet
  facet normal 0 0 -1
    outer loop
      vertex -5.48999 17.81 0
      vertex -4.51001 17.81 0
      vertex -5.48999 16.71 0
    endloop
  endfacet
  facet normal 0 0 -1
    outer loop
      vertex -5.48999 17.81 0
      vertex -3.41 18.91 0
      vertex -4.51001 17.81 0
    endloop
  endfacet
  facet normal 0 0 -1
    outer loop
      vertex -6.59 18.91 0
      vertex -5.48999 17.81 0
      vertex -6.59 17.81 0
    endloop
  endfacet
  facet normal 0 0 -1
    outer loop
      vertex -5.48999 17.81 0
      vertex -6.59 18.91 0
      vertex -3.41 18.91 0
    endloop
  endfacet
  facet normal 0 0 -1
    outer loop
      vertex -21 24 0
      vertex -3.41 18.91 0
      vertex -6.59 18.91 0
    endloop
  endfacet
  facet normal 0 0 -1
    outer loop
      vertex -21 24 0
      vertex -6.59 18.91 0
      vertex -7.81 18.91 0
    endloop
  endfacet
  facet normal 0 0 -1
    outer loop
      vertex -7.81 -14.51 0
      vertex -12.19 -14.51 0
      vertex -7.81 -12.19 0
    endloop
  endfacet
  facet normal 0 0 -1
    outer loop
      vertex -12.19 -8.90999 0
      vertex -7.81 -8.90999 0
      vertex -12.19 -11.09 0
    endloop
  endfacet
  facet normal 0 0 -1
    outer loop
      vertex -12.19 -4.39001 0
      vertex -7.81 -7.68999 0
      vertex -12.19 -8.90999 0
    endloop
  endfacet
  facet normal 0 0 -1
    outer loop
      vertex -12.19 -1.09001 0
      vertex -7.81 -2.31001 0
      vertex -12.19 -3.41 0
    endloop
  endfacet
  facet normal 0 0 -1
    outer loop
      vertex -7.81 -1.09001 0
      vertex -12.19 -1.09001 0
      vertex -7.81 1.09001 0
    endloop
  endfacet
  facet normal 0 0 -1
    outer loop
      vertex -7.81 1.09001 0
      vertex -12.19 1.09001 0
      vertex -7.81 8.90999 0
    endloop
  endfacet
  facet normal 0 0 -1
    outer loop
      vertex -12.19 8.90999 0
      vertex -7.81 8.90999 0
      vertex -12.19 1.09001 0
    endloop
  endfacet
  facet normal 0 0 -1
    outer loop
      vertex -7.81 8.90999 0
      vertex -12.19 8.90999 0
      vertex -7.81 11.09 0
    endloop
  endfacet
  facet normal 0 0 -1
    outer loop
      vertex -12.19 11.09 0
      vertex -7.81 11.09 0
      vertex -12.19 8.90999 0
    endloop
  endfacet
  facet normal 0 0 -1
    outer loop
      vertex -7.81 11.09 0
      vertex -12.19 11.09 0
      vertex -7.81 18.91 0
    endloop
  endfacet
  facet normal 0 0 -1
    outer loop
      vertex -12.19 18.91 0
      vertex -7.81 18.91 0
      vertex -12.19 11.09 0
    endloop
  endfacet
  facet normal 0 0 -1
    outer loop
      vertex -21 24 0
      vertex -7.81 18.91 0
      vertex -12.19 18.91 0
    endloop
  endfacet
  facet normal 0 0 -1
    outer loop
      vertex -21 24 0
      vertex -12.19 18.91 0
      vertex -17.81 18.91 0
    endloop
  endfacet
  facet normal 0 0 -1
    outer loop
      vertex -2.19 18.91 0
      vertex -21 24 0
      vertex 21 24 0
    endloop
  endfacet
  facet normal 0 0 -1
    outer loop
      vertex -17.81 12.31 0
      vertex -24 21 0
      vertex -17.81 17.69 0
    endloop
  endfacet
  facet normal 0 0 -1
    outer loop
      vertex -24 -21 0
      vertex -21 -24 0
      vertex -21.3916 -23.9743 0
    endloop
  endfacet
  facet normal 0 0 -1
    outer loop
      vertex -17.81 17.69 0
      vertex -24 21 0
      vertex -17.81 18.91 0
    endloop
  endfacet
  facet normal 0 0 -1
    outer loop
      vertex -24 -21 0
      vertex -21.3916 -23.9743 0
      vertex -21.7765 -23.8978 0
    endloop
  endfacet
  facet normal 0 0 -1
    outer loop
      vertex -17.81 18.91 0
      vertex -24 21 0
      vertex -21 24 0
    endloop
  endfacet
  facet normal 0 0 -1
    outer loop
      vertex -24 -21 0
      vertex -21.7765 -23.8978 0
      vertex -22.1481 -23.7716 0
    endloop
  endfacet
  facet normal 0 0 -1
    outer loop
      vertex -21 24 0
      vertex -24 21 0
      vertex -21.3916 23.9743 0
    endloop
  endfacet
  facet normal 0 0 -1
    outer loop
      vertex -24 -21 0
      vertex -22.1481 -23.7716 0
      vertex -22.5 -23.5981 0
    endloop
  endfacet
  facet normal 0 0 -1
    outer loop
      vertex -21.3916 23.9743 0
      vertex -24 21 0
      vertex -21.7765 23.8978 0
    endloop
  endfacet
  facet normal 0 0 -1
    outer loop
      vertex -24 -21 0
      vertex -22.5 -23.5981 0
      vertex -22.8263 -23.3801 0
    endloop
  endfacet
  facet normal 0 0 -1
    outer loop
      vertex -21.7765 23.8978 0
      vertex -24 21 0
      vertex -22.1481 23.7716 0
    endloop
  endfacet
  facet normal 0 0 -1
    outer loop
      vertex -24 -21 0
      vertex -22.8263 -23.3801 0
      vertex -23.1213 -23.1213 0
    endloop
  endfacet
  facet normal 0 0 -1
    outer loop
      vertex -22.1481 23.7716 0
      vertex -24 21 0
      vertex -22.5 23.5981 0
    endloop
  endfacet
  facet normal 0 0 -1
    outer loop
      vertex -24 -21 0
      vertex -23.1213 -23.1213 0
      vertex -23.3801 -22.8263 0
    endloop
  endfacet
  facet normal 0 0 -1
    outer loop
      vertex -22.5 23.5981 0
      vertex -24 21 0
      vertex -22.8263 23.3801 0
    endloop
  endfacet
  facet normal 0 0 -1
    outer loop
      vertex -24 -21 0
      vertex -23.3801 -22.8263 0
      vertex -23.5981 -22.5 0
    endloop
  endfacet
  facet normal 0 0 -1
    outer loop
      vertex -22.8263 23.3801 0
      vertex -24 21 0
      vertex -23.1213 23.1213 0
    endloop
  endfacet
  facet normal 0 0 -1
    outer loop
      vertex -24 -21 0
      vertex -23.5981 -22.5 0
      vertex -23.7716 -22.1481 0
    endloop
  endfacet
  facet normal 0 0 -1
    outer loop
      vertex -23.1213 23.1213 0
      vertex -24 21 0
      vertex -23.3801 22.8263 0
    endloop
  endfacet
  facet normal 0 0 -1
    outer loop
      vertex -24 -21 0
      vertex -23.7716 -22.1481 0
      vertex -23.8978 -21.7765 0
    endloop
  endfacet
  facet normal 0 0 -1
    outer loop
      vertex -23.3801 22.8263 0
      vertex -24 21 0
      vertex -23.5981 22.5 0
    endloop
  endfacet
  facet normal 0 0 -1
    outer loop
      vertex -24 -21 0
      vertex -23.8978 -21.7765 0
      vertex -23.9743 -21.3916 0
    endloop
  endfacet
  facet normal 0 0 -1
    outer loop
      vertex -23.5981 22.5 0
      vertex -24 21 0
      vertex -23.7716 22.1481 0
    endloop
  endfacet
  facet normal 0 0 -1
    outer loop
      vertex -23.7716 22.1481 0
      vertex -24 21 0
      vertex -23.8978 21.7765 0
    endloop
  endfacet
  facet normal 0 0 -1
    outer loop
      vertex -23.8978 21.7765 0
      vertex -24 21 0
      vertex -23.9743 21.3916 0
    endloop
  endfacet
  facet normal -0 0 -1
    outer loop
      vertex 17.81 -7.81 0
      vertex 16.71 -8.90999 0
      vertex 16.71 -7.81 0
    endloop
  endfacet
  facet normal 0 0 -1
    outer loop
      vertex 16.71 8.90999 0
      vertex 14.39 11.09 0
      vertex 15.61 11.09 0
    endloop
  endfacet
  facet normal 0 0 -1
    outer loop
      vertex 13.29 8.90999 0
      vertex 14.39 11.09 0
      vertex 16.71 8.90999 0
    endloop
  endfacet
  facet normal 0 0 -1
    outer loop
      vertex 12.19 17.69 0
      vertex 14.39 11.09 0
      vertex 13.29 8.90999 0
    endloop
  endfacet
  facet normal 0 0 -1
    outer loop
      vertex 12.19 17.69 0
      vertex 13.29 8.90999 0
      vertex 12.19 7.81 0
    endloop
  endfacet
  facet normal 0 0 -1
    outer loop
      vertex 14.39 11.09 0
      vertex 12.19 17.69 0
      vertex 14.39 17.69 0
    endloop
  endfacet
  facet normal 0 0 -1
    outer loop
      vertex 13.41 -7.68999 0
      vertex 16.59 -5.48999 0
      vertex 16.59 -7.68999 0
    endloop
  endfacet
  facet normal -0 0 -1
    outer loop
      vertex 16.59 -5.48999 0
      vertex 13.41 -7.68999 0
      vertex 16.59 -4.51001 0
    endloop
  endfacet
  facet normal 0 0 -1
    outer loop
      vertex 13.41 -2.31001 0
      vertex 16.59 -4.51001 0
      vertex 13.41 -7.68999 0
    endloop
  endfacet
  facet normal 0 0 -1
    outer loop
      vertex 16.59 -4.51001 0
      vertex 13.41 -2.31001 0
      vertex 16.59 -2.31001 0
    endloop
  endfacet
  facet normal -0 0 -1
    outer loop
      vertex 15.49 -16.71 0
      vertex 14.51 -17.81 0
      vertex 14.51 -16.71 0
    endloop
  endfacet
  facet normal 0 0 -1
    outer loop
      vertex 13.29 7.81 0
      vertex 12.19 7.81 0
      vertex 13.29 8.90999 0
    endloop
  endfacet
  facet normal 0 0 -1
    outer loop
      vertex 12.19 -2.19 0
      vertex 13.29 -1.09001 0
      vertex 13.29 -2.19 0
    endloop
  endfacet
  facet normal -0 0 -1
    outer loop
      vertex 13.29 -1.09001 0
      vertex 12.19 -2.19 0
      vertex 13.29 1.09001 0
    endloop
  endfacet
  facet normal 0 0 -1
    outer loop
      vertex 12.19 2.19 0
      vertex 13.29 1.09001 0
      vertex 12.19 -2.19 0
    endloop
  endfacet
  facet normal 0 0 -1
    outer loop
      vertex 13.29 1.09001 0
      vertex 12.19 2.19 0
      vertex 13.29 2.19 0
    endloop
  endfacet
  facet normal -0 0 -1
    outer loop
      vertex 14.51 -17.81 0
      vertex 13.41 -18.91 0
      vertex 13.41 -17.81 0
    endloop
  endfacet
  facet normal -0 0 1
    outer loop
      vertex -17.81 -4.51001 1.2
      vertex -16.71 -5.60999 1.2
      vertex -16.71 -4.51001 1.2
    endloop
  endfacet
  facet normal 0 0 1
    outer loop
      vertex -16.71 -5.60999 1.2
      vertex -17.81 -4.51001 1.2
      vertex -16.71 -6.59 1.2
    endloop
  endfacet
  facet normal 0 0 1
    outer loop
      vertex -17.81 -7.68999 1.2
      vertex -16.71 -6.59 1.2
      vertex -17.81 -4.51001 1.2
    endloop
  endfacet
  facet normal 0 0 1
    outer loop
      vertex -16.71 -6.59 1.2
      vertex -17.81 -7.68999 1.2
      vertex -16.71 -7.68999 1.2
    endloop
  endfacet
  facet normal -0 0 1
    outer loop
      vertex -16.71 -5.60999 1.2
      vertex -15.61 -6.59 1.2
      vertex -15.61 -5.60999 1.2
    endloop
  endfacet
  facet normal 0 0 1
    outer loop
      vertex -15.61 -6.59 1.2
      vertex -16.71 -5.60999 1.2
      vertex -16.71 -6.59 1.2
    endloop
  endfacet
  facet normal 0 0 1
    outer loop
      vertex -16.71 -17.81 1.2
      vertex -17.81 -17.81 1.2
      vertex -16.71 -18.91 1.2
    endloop
  endfacet
  facet normal -0 0 1
    outer loop
      vertex -16.59 -12.31 1.2
      vertex -13.41 -14.51 1.2
      vertex -13.41 -12.31 1.2
    endloop
  endfacet
  facet normal 0 0 1
    outer loop
      vertex -13.41 -14.51 1.2
      vertex -16.59 -12.31 1.2
      vertex -13.41 -15.49 1.2
    endloop
  endfacet
  facet normal 0 0 1
    outer loop
      vertex -16.59 -17.69 1.2
      vertex -13.41 -15.49 1.2
      vertex -16.59 -12.31 1.2
    endloop
  endfacet
  facet normal 0 0 1
    outer loop
      vertex -13.41 -15.49 1.2
      vertex -16.59 -17.69 1.2
      vertex -13.41 -17.69 1.2
    endloop
  endfacet
  facet normal 0 0 1
    outer loop
      vertex -14.39 -6.70999 1.2
      vertex -13.41 -5.60999 1.2
      vertex -14.39 -5.60999 1.2
    endloop
  endfacet
  facet normal 0 0 1
    outer loop
      vertex -13.41 -2.31001 1.2
      vertex -16.59 -2.31001 1.2
      vertex -13.41 -3.41 1.2
    endloop
  endfacet
  facet normal -0 0 1
    outer loop
      vertex -13.41 -14.51 1.2
      vertex -12.19 -15.49 1.2
      vertex -12.19 -14.51 1.2
    endloop
  endfacet
  facet normal 0 0 1
    outer loop
      vertex -12.19 -15.49 1.2
      vertex -13.41 -14.51 1.2
      vertex -13.41 -15.49 1.2
    endloop
  endfacet
  facet normal -0 0 1
    outer loop
      vertex -13.41 -8.90999 1.2
      vertex -12.19 -11.09 1.2
      vertex -12.19 -8.90999 1.2
    endloop
  endfacet
  facet normal 0 0 1
    outer loop
      vertex -13.41 -5.60999 1.2
      vertex -14.39 -6.70999 1.2
      vertex -13.41 -8.90999 1.2
    endloop
  endfacet
  facet normal 0 0 1
    outer loop
      vertex -15.49 -7.81 1.2
      vertex -14.39 -6.70999 1.2
      vertex -15.49 -6.70999 1.2
    endloop
  endfacet
  facet normal 0 0 1
    outer loop
      vertex -14.39 -6.70999 1.2
      vertex -15.49 -7.81 1.2
      vertex -13.41 -8.90999 1.2
    endloop
  endfacet
  facet normal 0 0 1
    outer loop
      vertex -16.59 -8.90999 1.2
      vertex -13.41 -8.90999 1.2
      vertex -15.49 -7.81 1.2
    endloop
  endfacet
  facet normal 0 0 1
    outer loop
      vertex -16.59 -8.90999 1.2
      vertex -15.49 -7.81 1.2
      vertex -16.59 -7.81 1.2
    endloop
  endfacet
  facet normal 0 0 1
    outer loop
      vertex -16.71 -11.09 1.2
      vertex -13.41 -8.90999 1.2
      vertex -16.59 -8.90999 1.2
    endloop
  endfacet
  facet normal 0 0 1
    outer loop
      vertex -13.41 -8.90999 1.2
      vertex -16.71 -11.09 1.2
      vertex -12.19 -11.09 1.2
    endloop
  endfacet
  facet normal -0 0 1
    outer loop
      vertex -17.81 -8.90999 1.2
      vertex -16.71 -11.09 1.2
      vertex -16.59 -8.90999 1.2
    endloop
  endfacet
  facet normal 0 0 1
    outer loop
      vertex -17.81 -12.19 1.2
      vertex -16.71 -11.09 1.2
      vertex -17.81 -8.90999 1.2
    endloop
  endfacet
  facet normal 0 0 1
    outer loop
      vertex -16.71 -11.09 1.2
      vertex -17.81 -12.19 1.2
      vertex -16.71 -12.19 1.2
    endloop
  endfacet
  facet normal -0 0 1
    outer loop
      vertex -13.41 -3.41 1.2
      vertex -12.19 -4.39001 1.2
      vertex -12.19 -3.41 1.2
    endloop
  endfacet
  facet normal 0 0 1
    outer loop
      vertex -16.59 -4.39001 1.2
      vertex -13.41 -3.41 1.2
      vertex -16.59 -2.31001 1.2
    endloop
  endfacet
  facet normal 0 0 1
    outer loop
      vertex -13.41 -3.41 1.2
      vertex -16.59 -4.39001 1.2
      vertex -12.19 -4.39001 1.2
    endloop
  endfacet
  facet normal 0 0 1
    outer loop
      vertex -12.19 1.09001 1.2
      vertex -16.71 -1.09001 1.2
      vertex -12.19 -1.09001 1.2
    endloop
  endfacet
  facet normal -0 0 1
    outer loop
      vertex -17.81 1.09001 1.2
      vertex -16.71 -1.09001 1.2
      vertex -12.19 1.09001 1.2
    endloop
  endfacet
  facet normal 0 0 1
    outer loop
      vertex -17.81 -2.19 1.2
      vertex -16.71 -1.09001 1.2
      vertex -17.81 1.09001 1.2
    endloop
  endfacet
  facet normal 0 0 1
    outer loop
      vertex -16.71 -1.09001 1.2
      vertex -17.81 -2.19 1.2
      vertex -16.71 -2.19 1.2
    endloop
  endfacet
  facet normal -0 0 1
    outer loop
      vertex -17.81 11.09 1.2
      vertex -12.19 8.90999 1.2
      vertex -12.19 11.09 1.2
    endloop
  endfacet
  facet normal 0 0 1
    outer loop
      vertex -12.19 8.90999 1.2
      vertex -17.81 11.09 1.2
      vertex -17.81 8.90999 1.2
    endloop
  endfacet
  facet normal -0 0 1
    outer loop
      vertex -7.81 11.09 1.2
      vertex -6.59 8.90999 1.2
      vertex -6.59 11.09 1.2
    endloop
  endfacet
  facet normal 0 0 1
    outer loop
      vertex -6.59 8.90999 1.2
      vertex -7.81 11.09 1.2
      vertex -7.81 8.90999 1.2
    endloop
  endfacet
  facet normal 0 0 1
    outer loop
      vertex -5.48999 17.81 1.2
      vertex -6.59 18.91 1.2
      vertex -6.59 17.81 1.2
    endloop
  endfacet
  facet normal -0 0 1
    outer loop
      vertex -7.81 -14.51 1.2
      vertex -6.70999 -15.61 1.2
      vertex -6.70999 -14.51 1.2
    endloop
  endfacet
  facet normal 0 0 1
    outer loop
      vertex -6.70999 -15.61 1.2
      vertex -7.81 -14.51 1.2
      vertex -6.70999 -16.59 1.2
    endloop
  endfacet
  facet normal 0 0 1
    outer loop
      vertex -7.81 -17.69 1.2
      vertex -6.70999 -16.59 1.2
      vertex -7.81 -14.51 1.2
    endloop
  endfacet
  facet normal 0 0 1
    outer loop
      vertex -6.70999 -16.59 1.2
      vertex -7.81 -17.69 1.2
      vertex -6.70999 -17.69 1.2
    endloop
  endfacet
  facet normal -0 0 1
    outer loop
      vertex -6.70999 -15.61 1.2
      vertex -5.60999 -16.59 1.2
      vertex -5.60999 -15.61 1.2
    endloop
  endfacet
  facet normal 0 0 1
    outer loop
      vertex -5.60999 -16.59 1.2
      vertex -6.70999 -15.61 1.2
      vertex -6.70999 -16.59 1.2
    endloop
  endfacet
  facet normal 0 0 1
    outer loop
      vertex -4.39001 -16.71 1.2
      vertex -3.41 -15.61 1.2
      vertex -4.39001 -15.61 1.2
    endloop
  endfacet
  facet normal 0 0 1
    outer loop
      vertex -3.41 -12.31 1.2
      vertex -6.59 -12.31 1.2
      vertex -3.41 -13.41 1.2
    endloop
  endfacet
  facet normal 0 0 1
    outer loop
      vertex -13.41 7.68999 1.2
      vertex -16.71 5.60999 1.2
      vertex -13.41 5.60999 1.2
    endloop
  endfacet
  facet normal 0 0 1
    outer loop
      vertex -16.71 5.60999 1.2
      vertex -17.81 7.68999 1.2
      vertex -16.71 4.39001 1.2
    endloop
  endfacet
  facet normal -0 0 1
    outer loop
      vertex -17.81 7.68999 1.2
      vertex -16.71 5.60999 1.2
      vertex -13.41 7.68999 1.2
    endloop
  endfacet
  facet normal -0 0 1
    outer loop
      vertex -16.71 4.39001 1.2
      vertex -13.41 2.31001 1.2
      vertex -13.41 4.39001 1.2
    endloop
  endfacet
  facet normal 0 0 1
    outer loop
      vertex -16.71 4.39001 1.2
      vertex -17.81 2.31001 1.2
      vertex -13.41 2.31001 1.2
    endloop
  endfacet
  facet normal 0 0 1
    outer loop
      vertex -17.81 2.31001 1.2
      vertex -16.71 4.39001 1.2
      vertex -17.81 7.68999 1.2
    endloop
  endfacet
  facet normal 0 0 1
    outer loop
      vertex -13.41 17.69 1.2
      vertex -16.71 15.61 1.2
      vertex -13.41 15.61 1.2
    endloop
  endfacet
  facet normal 0 0 1
    outer loop
      vertex -16.71 15.61 1.2
      vertex -17.81 17.69 1.2
      vertex -16.71 14.39 1.2
    endloop
  endfacet
  facet normal -0 0 1
    outer loop
      vertex -17.81 17.69 1.2
      vertex -16.71 15.61 1.2
      vertex -13.41 17.69 1.2
    endloop
  endfacet
  facet normal -0 0 1
    outer loop
      vertex -16.71 14.39 1.2
      vertex -13.41 12.31 1.2
      vertex -13.41 14.39 1.2
    endloop
  endfacet
  facet normal 0 0 1
    outer loop
      vertex -16.71 14.39 1.2
      vertex -17.81 12.31 1.2
      vertex -13.41 12.31 1.2
    endloop
  endfacet
  facet normal 0 0 1
    outer loop
      vertex -17.81 12.31 1.2
      vertex -16.71 14.39 1.2
      vertex -17.81 17.69 1.2
    endloop
  endfacet
  facet normal 0 0 1
    outer loop
      vertex -3.41 -2.31001 1.2
      vertex -6.70999 -4.39001 1.2
      vertex -3.41 -4.39001 1.2
    endloop
  endfacet
  facet normal 0 0 1
    outer loop
      vertex -12.19 -4.39001 1.2
      vertex -6.70999 -4.39001 1.2
      vertex -7.81 -2.31001 1.2
    endloop
  endfacet
  facet normal -0 0 1
    outer loop
      vertex -7.81 -2.31001 1.2
      vertex -6.70999 -4.39001 1.2
      vertex -3.41 -2.31001 1.2
    endloop
  endfacet
  facet normal -0 0 1
    outer loop
      vertex -6.70999 -5.60999 1.2
      vertex -3.41 -7.68999 1.2
      vertex -3.41 -5.60999 1.2
    endloop
  endfacet
  facet normal 0 0 1
    outer loop
      vertex -6.70999 -5.60999 1.2
      vertex -7.81 -7.68999 1.2
      vertex -3.41 -7.68999 1.2
    endloop
  endfacet
  facet normal 0 0 1
    outer loop
      vertex -6.70999 -4.39001 1.2
      vertex -12.19 -4.39001 1.2
      vertex -6.70999 -5.60999 1.2
    endloop
  endfacet
  facet normal 0 0 1
    outer loop
      vertex -5.60999 6.59 1.2
      vertex -6.59 6.59 1.2
      vertex -5.60999 4.39001 1.2
    endloop
  endfacet
  facet normal 0 0 1
    outer loop
      vertex -4.39001 4.39001 1.2
      vertex -3.41 6.59 1.2
      vertex -4.39001 6.59 1.2
    endloop
  endfacet
  facet normal -0 0 1
    outer loop
      vertex -4.39001 14.39 1.2
      vertex -3.41 11.09 1.2
      vertex -3.41 16.59 1.2
    endloop
  endfacet
  facet normal 0 0 1
    outer loop
      vertex -6.59 11.09 1.2
      vertex -3.41 11.09 1.2
      vertex -4.39001 14.39 1.2
    endloop
  endfacet
  facet normal 0 0 1
    outer loop
      vertex -4.39001 14.39 1.2
      vertex -3.41 16.59 1.2
      vertex -4.39001 16.59 1.2
    endloop
  endfacet
  facet normal 0 0 1
    outer loop
      vertex -3.41 11.09 1.2
      vertex -6.59 11.09 1.2
      vertex -3.41 8.90999 1.2
    endloop
  endfacet
  facet normal 0 0 1
    outer loop
      vertex -6.59 8.90999 1.2
      vertex -3.41 8.90999 1.2
      vertex -6.59 11.09 1.2
    endloop
  endfacet
  facet normal 0 0 1
    outer loop
      vertex -4.51001 7.81 1.2
      vertex -5.48999 7.81 1.2
      vertex -4.51001 6.70999 1.2
    endloop
  endfacet
  facet normal 0 0 1
    outer loop
      vertex -3.41 8.90999 1.2
      vertex -4.51001 7.81 1.2
      vertex -3.41 7.81 1.2
    endloop
  endfacet
  facet normal 0 0 1
    outer loop
      vertex -6.59 11.09 1.2
      vertex -4.39001 14.39 1.2
      vertex -5.60999 14.39 1.2
    endloop
  endfacet
  facet normal 0 0 1
    outer loop
      vertex -6.59 11.09 1.2
      vertex -5.60999 14.39 1.2
      vertex -6.59 16.59 1.2
    endloop
  endfacet
  facet normal 0 0 1
    outer loop
      vertex -3.41 8.90999 1.2
      vertex -6.59 8.90999 1.2
      vertex -4.51001 7.81 1.2
    endloop
  endfacet
  facet normal 0 0 1
    outer loop
      vertex -4.51001 7.81 1.2
      vertex -6.59 8.90999 1.2
      vertex -5.48999 7.81 1.2
    endloop
  endfacet
  facet normal 0 0 1
    outer loop
      vertex -5.48999 7.81 1.2
      vertex -6.59 8.90999 1.2
      vertex -6.59 7.81 1.2
    endloop
  endfacet
  facet normal -0 0 1
    outer loop
      vertex -3.41 -13.41 1.2
      vertex -2.19 -14.39 1.2
      vertex -2.19 -13.41 1.2
    endloop
  endfacet
  facet normal 0 0 1
    outer loop
      vertex -6.59 -14.39 1.2
      vertex -3.41 -13.41 1.2
      vertex -6.59 -12.31 1.2
    endloop
  endfacet
  facet normal 0 0 1
    outer loop
      vertex -3.41 -13.41 1.2
      vertex -6.59 -14.39 1.2
      vertex -2.19 -14.39 1.2
    endloop
  endfacet
  facet normal 0 0 1
    outer loop
      vertex -2.19 -8.90999 1.2
      vertex -6.70999 -11.09 1.2
      vertex -2.19 -11.09 1.2
    endloop
  endfacet
  facet normal -0 0 1
    outer loop
      vertex -7.81 -8.90999 1.2
      vertex -6.70999 -11.09 1.2
      vertex -2.19 -8.90999 1.2
    endloop
  endfacet
  facet normal 0 0 1
    outer loop
      vertex -7.81 -12.19 1.2
      vertex -6.70999 -11.09 1.2
      vertex -7.81 -8.90999 1.2
    endloop
  endfacet
  facet normal 0 0 1
    outer loop
      vertex -6.70999 -11.09 1.2
      vertex -7.81 -12.19 1.2
      vertex -6.70999 -12.19 1.2
    endloop
  endfacet
  facet normal -0 0 1
    outer loop
      vertex -3.41 1.09001 1.2
      vertex -2.19 -1.09001 1.2
      vertex -2.19 1.09001 1.2
    endloop
  endfacet
  facet normal 0 0 1
    outer loop
      vertex -3.41 6.59 1.2
      vertex -4.39001 4.39001 1.2
      vertex -3.41 1.09001 1.2
    endloop
  endfacet
  facet normal -0 0 1
    outer loop
      vertex -5.60999 4.39001 1.2
      vertex -3.41 1.09001 1.2
      vertex -4.39001 4.39001 1.2
    endloop
  endfacet
  facet normal 0 0 1
    outer loop
      vertex -6.59 1.09001 1.2
      vertex -3.41 1.09001 1.2
      vertex -5.60999 4.39001 1.2
    endloop
  endfacet
  facet normal 0 0 1
    outer loop
      vertex -6.59 1.09001 1.2
      vertex -5.60999 4.39001 1.2
      vertex -6.59 6.59 1.2
    endloop
  endfacet
  facet normal 0 0 1
    outer loop
      vertex -3.41 1.09001 1.2
      vertex -6.59 1.09001 1.2
      vertex -2.19 -1.09001 1.2
    endloop
  endfacet
  facet normal 0 0 1
    outer loop
      vertex -7.81 -1.09001 1.2
      vertex -6.59 1.09001 1.2
      vertex -7.81 1.09001 1.2
    endloop
  endfacet
  facet normal 0 0 1
    outer loop
      vertex -6.59 1.09001 1.2
      vertex -7.81 -1.09001 1.2
      vertex -2.19 -1.09001 1.2
    endloop
  endfacet
  facet normal -0 0 1
    outer loop
      vertex -3.41 11.09 1.2
      vertex -2.19 8.90999 1.2
      vertex -2.19 11.09 1.2
    endloop
  endfacet
  facet normal 0 0 1
    outer loop
      vertex -2.19 8.90999 1.2
      vertex -3.41 11.09 1.2
      vertex -3.41 8.90999 1.2
    endloop
  endfacet
  facet normal -0 0 1
    outer loop
      vertex 2.19 17.69 1.2
      vertex 4.39001 12.31 1.2
      vertex 4.39001 17.69 1.2
    endloop
  endfacet
  facet normal 0 0 1
    outer loop
      vertex 4.39001 12.31 1.2
      vertex 2.19 17.69 1.2
      vertex 2.19 12.31 1.2
    endloop
  endfacet
  facet normal 0 0 1
    outer loop
      vertex 3.29001 -17.81 1.2
      vertex 2.19 -17.81 1.2
      vertex 3.29001 -18.91 1.2
    endloop
  endfacet
  facet normal -0 0 1
    outer loop
      vertex 2.19 -5.60999 1.2
      vertex 3.29001 -7.81 1.2
      vertex 3.29001 -5.60999 1.2
    endloop
  endfacet
  facet normal 0 0 1
    outer loop
      vertex -2.19 -8.90999 1.2
      vertex 3.29001 -7.81 1.2
      vertex 2.19 -5.60999 1.2
    endloop
  endfacet
  facet normal 0 0 1
    outer loop
      vertex 3.29001 -7.81 1.2
      vertex -2.19 -8.90999 1.2
      vertex 3.29001 -11.09 1.2
    endloop
  endfacet
  facet normal 0 0 1
    outer loop
      vertex 3.29001 -11.09 1.2
      vertex 2.19 -12.19 1.2
      vertex 3.29001 -12.19 1.2
    endloop
  endfacet
  facet normal -0 0 1
    outer loop
      vertex 2.19 1.09001 1.2
      vertex 3.41 -1.09001 1.2
      vertex 3.41 1.09001 1.2
    endloop
  endfacet
  facet normal 0 0 1
    outer loop
      vertex 3.41 -1.09001 1.2
      vertex 2.19 1.09001 1.2
      vertex 2.19 -1.09001 1.2
    endloop
  endfacet
  facet normal 0 0 1
    outer loop
      vertex -5.60999 16.59 1.2
      vertex -6.59 16.59 1.2
      vertex -5.60999 14.39 1.2
    endloop
  endfacet
  facet normal 0 0 1
    outer loop
      vertex -4.51001 16.71 1.2
      vertex -5.48999 17.81 1.2
      vertex -5.48999 16.71 1.2
    endloop
  endfacet
  facet normal 0 0 1
    outer loop
      vertex -4.51001 6.70999 1.2
      vertex -5.48999 7.81 1.2
      vertex -5.48999 6.70999 1.2
    endloop
  endfacet
  facet normal 0 0 1
    outer loop
      vertex 4.39001 -7.81 1.2
      vertex 3.29001 -7.81 1.2
      vertex 4.39001 -8.90999 1.2
    endloop
  endfacet
  facet normal 0 0 1
    outer loop
      vertex 3.41 1.09001 1.2
      vertex 4.51001 4.39001 1.2
      vertex 3.41 4.39001 1.2
    endloop
  endfacet
  facet normal 0 0 1
    outer loop
      vertex 3.41 -1.09001 1.2
      vertex 4.51001 4.39001 1.2
      vertex 3.41 1.09001 1.2
    endloop
  endfacet
  facet normal 0 0 1
    outer loop
      vertex 4.51001 4.39001 1.2
      vertex 3.41 -1.09001 1.2
      vertex 4.51001 -5.48999 1.2
    endloop
  endfacet
  facet normal 0 0 1
    outer loop
      vertex 4.51001 -5.48999 1.2
      vertex 3.41 -1.09001 1.2
      vertex 3.41 -5.48999 1.2
    endloop
  endfacet
  facet normal 0 0 1
    outer loop
      vertex 6.59 7.68999 1.2
      vertex 5.48999 5.60999 1.2
      vertex 6.59 5.60999 1.2
    endloop
  endfacet
  facet normal 0 0 1
    outer loop
      vertex 4.51001 4.39001 1.2
      vertex 5.48999 4.39001 1.2
      vertex 5.48999 5.60999 1.2
    endloop
  endfacet
  facet normal 0 0 1
    outer loop
      vertex 5.48999 4.39001 1.2
      vertex 4.51001 4.39001 1.2
      vertex 5.48999 -5.48999 1.2
    endloop
  endfacet
  facet normal 0 0 1
    outer loop
      vertex 4.51001 4.39001 1.2
      vertex 5.48999 5.60999 1.2
      vertex 4.51001 5.60999 1.2
    endloop
  endfacet
  facet normal 0 0 1
    outer loop
      vertex 6.59 7.68999 1.2
      vertex 4.51001 5.60999 1.2
      vertex 5.48999 5.60999 1.2
    endloop
  endfacet
  facet normal -0 0 1
    outer loop
      vertex 3.41 7.68999 1.2
      vertex 4.51001 5.60999 1.2
      vertex 6.59 7.68999 1.2
    endloop
  endfacet
  facet normal 0 0 1
    outer loop
      vertex 4.51001 5.60999 1.2
      vertex 3.41 7.68999 1.2
      vertex 3.41 5.60999 1.2
    endloop
  endfacet
  facet normal -0 0 1
    outer loop
      vertex 3.41 -12.31 1.2
      vertex 6.59 -14.51 1.2
      vertex 6.59 -12.31 1.2
    endloop
  endfacet
  facet normal 0 0 1
    outer loop
      vertex 6.59 -14.51 1.2
      vertex 3.41 -12.31 1.2
      vertex 6.59 -15.49 1.2
    endloop
  endfacet
  facet normal 0 0 1
    outer loop
      vertex 3.41 -17.69 1.2
      vertex 6.59 -15.49 1.2
      vertex 3.41 -12.31 1.2
    endloop
  endfacet
  facet normal 0 0 1
    outer loop
      vertex 6.59 -15.49 1.2
      vertex 3.41 -17.69 1.2
      vertex 6.59 -17.69 1.2
    endloop
  endfacet
  facet normal -0 0 1
    outer loop
      vertex 5.48999 4.39001 1.2
      vertex 6.59 1.09001 1.2
      vertex 6.59 4.39001 1.2
    endloop
  endfacet
  facet normal 0 0 1
    outer loop
      vertex 6.59 1.09001 1.2
      vertex 5.48999 4.39001 1.2
      vertex 6.59 -1.09001 1.2
    endloop
  endfacet
  facet normal 0 0 1
    outer loop
      vertex 5.48999 -5.48999 1.2
      vertex 6.59 -1.09001 1.2
      vertex 5.48999 4.39001 1.2
    endloop
  endfacet
  facet normal 0 0 1
    outer loop
      vertex 6.59 -1.09001 1.2
      vertex 5.48999 -5.48999 1.2
      vertex 6.59 -5.48999 1.2
    endloop
  endfacet
  facet normal 0 0 1
    outer loop
      vertex 5.60999 -8.90999 1.2
      vertex 6.70999 -7.81 1.2
      vertex 5.60999 -7.81 1.2
    endloop
  endfacet
  facet normal 0 0 1
    outer loop
      vertex 6.70999 -7.81 1.2
      vertex 5.60999 -8.90999 1.2
      vertex 6.70999 -11.09 1.2
    endloop
  endfacet
  facet normal -0 0 1
    outer loop
      vertex 4.39001 -8.90999 1.2
      vertex 6.70999 -11.09 1.2
      vertex 5.60999 -8.90999 1.2
    endloop
  endfacet
  facet normal 0 0 1
    outer loop
      vertex 4.39001 -8.90999 1.2
      vertex 3.29001 -11.09 1.2
      vertex 6.70999 -11.09 1.2
    endloop
  endfacet
  facet normal 0 0 1
    outer loop
      vertex 3.29001 -11.09 1.2
      vertex 4.39001 -8.90999 1.2
      vertex 3.29001 -7.81 1.2
    endloop
  endfacet
  facet normal -0 0 1
    outer loop
      vertex 6.59 -14.51 1.2
      vertex 7.81 -15.49 1.2
      vertex 7.81 -14.51 1.2
    endloop
  endfacet
  facet normal 0 0 1
    outer loop
      vertex 7.81 -15.49 1.2
      vertex 6.59 -14.51 1.2
      vertex 6.59 -15.49 1.2
    endloop
  endfacet
  facet normal 0 0 1
    outer loop
      vertex 6.70999 -7.81 1.2
      vertex 7.81 -5.60999 1.2
      vertex 6.70999 -5.60999 1.2
    endloop
  endfacet
  facet normal 0 0 1
    outer loop
      vertex 7.81 -5.60999 1.2
      vertex 6.70999 -7.81 1.2
      vertex 7.81 -12.19 1.2
    endloop
  endfacet
  facet normal -0 0 1
    outer loop
      vertex 6.70999 -11.09 1.2
      vertex 7.81 -12.19 1.2
      vertex 6.70999 -7.81 1.2
    endloop
  endfacet
  facet normal 0 0 1
    outer loop
      vertex 7.81 -12.19 1.2
      vertex 6.70999 -11.09 1.2
      vertex 6.70999 -12.19 1.2
    endloop
  endfacet
  facet normal -0 0 1
    outer loop
      vertex 6.59 1.09001 1.2
      vertex 7.81 -1.09001 1.2
      vertex 7.81 1.09001 1.2
    endloop
  endfacet
  facet normal 0 0 1
    outer loop
      vertex 7.81 -1.09001 1.2
      vertex 6.59 1.09001 1.2
      vertex 6.59 -1.09001 1.2
    endloop
  endfacet
  facet normal 0 0 1
    outer loop
      vertex 7.81 11.09 1.2
      vertex 6.70999 8.90999 1.2
      vertex 7.81 7.81 1.2
    endloop
  endfacet
  facet normal 0 0 1
    outer loop
      vertex 7.81 11.09 1.2
      vertex 3.29001 8.90999 1.2
      vertex 6.70999 8.90999 1.2
    endloop
  endfacet
  facet normal -0 0 1
    outer loop
      vertex 2.19 11.09 1.2
      vertex 3.29001 8.90999 1.2
      vertex 7.81 11.09 1.2
    endloop
  endfacet
  facet normal 0 0 1
    outer loop
      vertex 2.19 7.81 1.2
      vertex 3.29001 8.90999 1.2
      vertex 2.19 11.09 1.2
    endloop
  endfacet
  facet normal 0 0 1
    outer loop
      vertex 3.29001 8.90999 1.2
      vertex 2.19 7.81 1.2
      vertex 3.29001 7.81 1.2
    endloop
  endfacet
  facet normal -0 0 1
    outer loop
      vertex 5.60999 17.69 1.2
      vertex 7.81 12.31 1.2
      vertex 7.81 17.69 1.2
    endloop
  endfacet
  facet normal 0 0 1
    outer loop
      vertex 7.81 12.31 1.2
      vertex 5.60999 17.69 1.2
      vertex 5.60999 12.31 1.2
    endloop
  endfacet
  facet normal 0 0 1
    outer loop
      vertex 16.59 7.68999 1.2
      vertex 14.51 5.60999 1.2
      vertex 16.59 2.31001 1.2
    endloop
  endfacet
  facet normal -0 0 1
    outer loop
      vertex 13.41 7.68999 1.2
      vertex 14.51 5.60999 1.2
      vertex 16.59 7.68999 1.2
    endloop
  endfacet
  facet normal -0 0 1
    outer loop
      vertex 13.41 6.59 1.2
      vertex 14.51 5.60999 1.2
      vertex 13.41 7.68999 1.2
    endloop
  endfacet
  facet normal 0 0 1
    outer loop
      vertex 12.19 5.60999 1.2
      vertex 13.41 6.59 1.2
      vertex 12.19 6.59 1.2
    endloop
  endfacet
  facet normal 0 0 1
    outer loop
      vertex 13.41 6.59 1.2
      vertex 12.19 5.60999 1.2
      vertex 14.51 5.60999 1.2
    endloop
  endfacet
  facet normal -0 0 1
    outer loop
      vertex 14.51 4.39001 1.2
      vertex 16.59 2.31001 1.2
      vertex 14.51 5.60999 1.2
    endloop
  endfacet
  facet normal 0 0 1
    outer loop
      vertex 13.41 2.31001 1.2
      vertex 14.51 4.39001 1.2
      vertex 13.41 4.39001 1.2
    endloop
  endfacet
  facet normal 0 0 1
    outer loop
      vertex 14.51 4.39001 1.2
      vertex 13.41 2.31001 1.2
      vertex 16.59 2.31001 1.2
    endloop
  endfacet
  facet normal 0 0 1
    outer loop
      vertex 15.49 -16.71 1.2
      vertex 14.51 -16.71 1.2
      vertex 15.49 -17.81 1.2
    endloop
  endfacet
  facet normal 0 0 1
    outer loop
      vertex 16.59 -17.81 1.2
      vertex 15.49 -17.81 1.2
      vertex 16.59 -18.91 1.2
    endloop
  endfacet
  facet normal -0 0 1
    outer loop
      vertex 13.41 -2.31001 1.2
      vertex 16.59 -4.51001 1.2
      vertex 16.59 -2.31001 1.2
    endloop
  endfacet
  facet normal 0 0 1
    outer loop
      vertex 16.59 -4.51001 1.2
      vertex 13.41 -2.31001 1.2
      vertex 16.59 -5.48999 1.2
    endloop
  endfacet
  facet normal 0 0 1
    outer loop
      vertex 13.41 -7.68999 1.2
      vertex 16.59 -5.48999 1.2
      vertex 13.41 -2.31001 1.2
    endloop
  endfacet
  facet normal 0 0 1
    outer loop
      vertex 16.59 -5.48999 1.2
      vertex 13.41 -7.68999 1.2
      vertex 16.59 -7.68999 1.2
    endloop
  endfacet
  facet normal -0 0 1
    outer loop
      vertex 13.29 1.09001 1.2
      vertex 16.71 -1.09001 1.2
      vertex 16.71 1.09001 1.2
    endloop
  endfacet
  facet normal 0 0 1
    outer loop
      vertex 16.71 -1.09001 1.2
      vertex 13.29 1.09001 1.2
      vertex 13.29 -1.09001 1.2
    endloop
  endfacet
  facet normal 0 0 1
    outer loop
      vertex 16.71 -8.90999 1.2
      vertex 17.81 -7.81 1.2
      vertex 16.71 -7.81 1.2
    endloop
  endfacet
  facet normal 0 0 1
    outer loop
      vertex 17.81 -7.81 1.2
      vertex 16.71 -8.90999 1.2
      vertex 17.81 -11.09 1.2
    endloop
  endfacet
  facet normal 0 0 1
    outer loop
      vertex 16.71 -8.90999 1.2
      vertex 16.59 -11.09 1.2
      vertex 17.81 -11.09 1.2
    endloop
  endfacet
  facet normal 0 0 1
    outer loop
      vertex 16.59 -11.09 1.2
      vertex 15.61 -14.39 1.2
      vertex 16.59 -16.59 1.2
    endloop
  endfacet
  facet normal 0 0 1
    outer loop
      vertex 13.41 -11.09 1.2
      vertex 16.59 -11.09 1.2
      vertex 16.71 -8.90999 1.2
    endloop
  endfacet
  facet normal 0 0 1
    outer loop
      vertex 16.59 -11.09 1.2
      vertex 13.41 -11.09 1.2
      vertex 15.61 -14.39 1.2
    endloop
  endfacet
  facet normal 0 0 1
    outer loop
      vertex 13.41 -16.59 1.2
      vertex 14.39 -14.39 1.2
      vertex 13.41 -11.09 1.2
    endloop
  endfacet
  facet normal 0 0 1
    outer loop
      vertex 15.61 -14.39 1.2
      vertex 13.41 -11.09 1.2
      vertex 14.39 -14.39 1.2
    endloop
  endfacet
  facet normal -0 0 1
    outer loop
      vertex 13.29 -8.90999 1.2
      vertex 13.41 -11.09 1.2
      vertex 16.71 -8.90999 1.2
    endloop
  endfacet
  facet normal 0 0 1
    outer loop
      vertex 12.19 -11.09 1.2
      vertex 13.29 -8.90999 1.2
      vertex 12.19 -7.81 1.2
    endloop
  endfacet
  facet normal 0 0 1
    outer loop
      vertex 13.29 -8.90999 1.2
      vertex 12.19 -11.09 1.2
      vertex 13.41 -11.09 1.2
    endloop
  endfacet
  facet normal -0 0 1
    outer loop
      vertex 16.59 -4.51001 1.2
      vertex 17.81 -5.48999 1.2
      vertex 17.81 -4.51001 1.2
    endloop
  endfacet
  facet normal 0 0 1
    outer loop
      vertex 17.81 -5.48999 1.2
      vertex 16.59 -4.51001 1.2
      vertex 16.59 -5.48999 1.2
    endloop
  endfacet
  facet normal 0 0 1
    outer loop
      vertex 16.71 1.09001 1.2
      vertex 17.81 2.19 1.2
      vertex 16.71 2.19 1.2
    endloop
  endfacet
  facet normal 0 0 1
    outer loop
      vertex 17.81 2.19 1.2
      vertex 16.71 1.09001 1.2
      vertex 17.81 -2.19 1.2
    endloop
  endfacet
  facet normal -0 0 1
    outer loop
      vertex 16.71 -1.09001 1.2
      vertex 17.81 -2.19 1.2
      vertex 16.71 1.09001 1.2
    endloop
  endfacet
  facet normal 0 0 1
    outer loop
      vertex 17.81 -2.19 1.2
      vertex 16.71 -1.09001 1.2
      vertex 16.71 -2.19 1.2
    endloop
  endfacet
  facet normal 0 0 1
    outer loop
      vertex 17.81 17.69 1.2
      vertex 16.71 8.90999 1.2
      vertex 17.81 7.81 1.2
    endloop
  endfacet
  facet normal 0 0 1
    outer loop
      vertex 15.61 11.09 1.2
      vertex 17.81 17.69 1.2
      vertex 15.61 17.69 1.2
    endloop
  endfacet
  facet normal 0 0 1
    outer loop
      vertex 17.81 17.69 1.2
      vertex 15.61 11.09 1.2
      vertex 16.71 8.90999 1.2
    endloop
  endfacet
  facet normal -0 0 1
    outer loop
      vertex 14.39 11.09 1.2
      vertex 16.71 8.90999 1.2
      vertex 15.61 11.09 1.2
    endloop
  endfacet
  facet normal 0 0 1
    outer loop
      vertex 16.71 8.90999 1.2
      vertex 14.39 11.09 1.2
      vertex 13.29 8.90999 1.2
    endloop
  endfacet
  facet normal 0 0 1
    outer loop
      vertex 17.81 17.69 1.2
      vertex 20.5 20.5 1.2
      vertex 17.81 18.91 1.2
    endloop
  endfacet
  facet normal 0 0 1
    outer loop
      vertex 20.5 20.5 1.2
      vertex 12.19 18.91 1.2
      vertex 17.81 18.91 1.2
    endloop
  endfacet
  facet normal 0 0 1
    outer loop
      vertex 7.81 17.69 1.2
      vertex 12.19 17.69 1.2
      vertex 12.19 18.91 1.2
    endloop
  endfacet
  facet normal 0 0 1
    outer loop
      vertex 12.19 17.69 1.2
      vertex 7.81 12.31 1.2
      vertex 12.19 7.81 1.2
    endloop
  endfacet
  facet normal -0 0 1
    outer loop
      vertex 7.81 11.09 1.2
      vertex 12.19 7.81 1.2
      vertex 7.81 12.31 1.2
    endloop
  endfacet
  facet normal 0 0 1
    outer loop
      vertex 7.81 7.81 1.2
      vertex 12.19 7.81 1.2
      vertex 7.81 11.09 1.2
    endloop
  endfacet
  facet normal 0 0 1
    outer loop
      vertex 12.19 6.59 1.2
      vertex 7.81 7.81 1.2
      vertex 12.19 5.60999 1.2
    endloop
  endfacet
  facet normal 0 0 1
    outer loop
      vertex 12.19 5.60999 1.2
      vertex 7.81 1.09001 1.2
      vertex 12.19 2.19 1.2
    endloop
  endfacet
  facet normal 0 0 1
    outer loop
      vertex 12.19 2.19 1.2
      vertex 7.81 1.09001 1.2
      vertex 12.19 -2.19 1.2
    endloop
  endfacet
  facet normal 0 0 1
    outer loop
      vertex 7.81 -5.60999 1.2
      vertex 12.19 -2.19 1.2
      vertex 7.81 -1.09001 1.2
    endloop
  endfacet
  facet normal 0 0 1
    outer loop
      vertex 7.81 17.69 1.2
      vertex 12.19 18.91 1.2
      vertex 7.81 18.91 1.2
    endloop
  endfacet
  facet normal 0 0 1
    outer loop
      vertex 20.5 20.5 1.2
      vertex 7.81 18.91 1.2
      vertex 12.19 18.91 1.2
    endloop
  endfacet
  facet normal 0 0 1
    outer loop
      vertex 20.5 20.5 1.2
      vertex 2.19 18.91 1.2
      vertex 7.81 18.91 1.2
    endloop
  endfacet
  facet normal -0 0 1
    outer loop
      vertex -2.19 18.91 1.2
      vertex 2.19 17.69 1.2
      vertex 2.19 18.91 1.2
    endloop
  endfacet
  facet normal 0 0 1
    outer loop
      vertex 2.19 17.69 1.2
      vertex -2.19 18.91 1.2
      vertex 2.19 12.31 1.2
    endloop
  endfacet
  facet normal 0 0 1
    outer loop
      vertex 2.19 12.31 1.2
      vertex -2.19 11.09 1.2
      vertex 2.19 11.09 1.2
    endloop
  endfacet
  facet normal 0 0 1
    outer loop
      vertex -2.19 8.90999 1.2
      vertex 2.19 11.09 1.2
      vertex -2.19 11.09 1.2
    endloop
  endfacet
  facet normal 0 0 1
    outer loop
      vertex -2.19 1.09001 1.2
      vertex 2.19 7.81 1.2
      vertex -2.19 8.90999 1.2
    endloop
  endfacet
  facet normal 0 0 1
    outer loop
      vertex 2.19 7.81 1.2
      vertex -2.19 1.09001 1.2
      vertex 2.19 1.09001 1.2
    endloop
  endfacet
  facet normal 0 0 1
    outer loop
      vertex 2.19 1.09001 1.2
      vertex -2.19 1.09001 1.2
      vertex 2.19 -1.09001 1.2
    endloop
  endfacet
  facet normal 0 0 1
    outer loop
      vertex 2.19 -1.09001 1.2
      vertex -2.19 -1.09001 1.2
      vertex 2.19 -5.60999 1.2
    endloop
  endfacet
  facet normal 0 0 1
    outer loop
      vertex 2.19 12.31 1.2
      vertex -2.19 18.91 1.2
      vertex -2.19 11.09 1.2
    endloop
  endfacet
  facet normal 0 0 1
    outer loop
      vertex 20.5 20.5 1.2
      vertex -2.19 18.91 1.2
      vertex 2.19 18.91 1.2
    endloop
  endfacet
  facet normal -0 0 1
    outer loop
      vertex -20.5 20.5 1.2
      vertex -2.19 18.91 1.2
      vertex 20.5 20.5 1.2
    endloop
  endfacet
  facet normal 0 0 1
    outer loop
      vertex -3.41 18.91 1.2
      vertex -4.51001 17.81 1.2
      vertex -3.41 17.81 1.2
    endloop
  endfacet
  facet normal 0 0 1
    outer loop
      vertex -4.51001 17.81 1.2
      vertex -5.48999 17.81 1.2
      vertex -4.51001 16.71 1.2
    endloop
  endfacet
  facet normal 0 0 1
    outer loop
      vertex -3.41 18.91 1.2
      vertex -5.48999 17.81 1.2
      vertex -4.51001 17.81 1.2
    endloop
  endfacet
  facet normal 0 0 1
    outer loop
      vertex -3.41 18.91 1.2
      vertex -6.59 18.91 1.2
      vertex -5.48999 17.81 1.2
    endloop
  endfacet
  facet normal 0 0 1
    outer loop
      vertex -2.19 18.91 1.2
      vertex -20.5 20.5 1.2
      vertex -3.41 18.91 1.2
    endloop
  endfacet
  facet normal 0 0 1
    outer loop
      vertex -3.41 18.91 1.2
      vertex -20.5 20.5 1.2
      vertex -6.59 18.91 1.2
    endloop
  endfacet
  facet normal 0 0 1
    outer loop
      vertex -12.19 11.09 1.2
      vertex -7.81 11.09 1.2
      vertex -7.81 18.91 1.2
    endloop
  endfacet
  facet normal 0 0 1
    outer loop
      vertex -7.81 11.09 1.2
      vertex -12.19 11.09 1.2
      vertex -7.81 8.90999 1.2
    endloop
  endfacet
  facet normal 0 0 1
    outer loop
      vertex -7.81 8.90999 1.2
      vertex -12.19 8.90999 1.2
      vertex -7.81 1.09001 1.2
    endloop
  endfacet
  facet normal 0 0 1
    outer loop
      vertex -12.19 1.09001 1.2
      vertex -7.81 1.09001 1.2
      vertex -12.19 8.90999 1.2
    endloop
  endfacet
  facet normal 0 0 1
    outer loop
      vertex -7.81 1.09001 1.2
      vertex -12.19 1.09001 1.2
      vertex -7.81 -1.09001 1.2
    endloop
  endfacet
  facet normal 0 0 1
    outer loop
      vertex -12.19 -1.09001 1.2
      vertex -7.81 -1.09001 1.2
      vertex -12.19 1.09001 1.2
    endloop
  endfacet
  facet normal 0 0 1
    outer loop
      vertex -12.19 -3.41 1.2
      vertex -7.81 -2.31001 1.2
      vertex -12.19 -1.09001 1.2
    endloop
  endfacet
  facet normal 0 0 1
    outer loop
      vertex -12.19 -4.39001 1.2
      vertex -7.81 -2.31001 1.2
      vertex -12.19 -3.41 1.2
    endloop
  endfacet
  facet normal 0 0 1
    outer loop
      vertex -6.70999 -5.60999 1.2
      vertex -12.19 -4.39001 1.2
      vertex -7.81 -7.68999 1.2
    endloop
  endfacet
  facet normal 0 0 1
    outer loop
      vertex -12.19 -8.90999 1.2
      vertex -7.81 -7.68999 1.2
      vertex -12.19 -4.39001 1.2
    endloop
  endfacet
  facet normal 0 0 1
    outer loop
      vertex -12.19 11.09 1.2
      vertex -7.81 18.91 1.2
      vertex -12.19 18.91 1.2
    endloop
  endfacet
  facet normal 0 0 1
    outer loop
      vertex -6.59 18.91 1.2
      vertex -20.5 20.5 1.2
      vertex -7.81 18.91 1.2
    endloop
  endfacet
  facet normal 0 0 1
    outer loop
      vertex -7.81 18.91 1.2
      vertex -20.5 20.5 1.2
      vertex -12.19 18.91 1.2
    endloop
  endfacet
  facet normal 0 0 1
    outer loop
      vertex -20.5 20.5 1.2
      vertex -17.81 17.69 1.2
      vertex -17.81 18.91 1.2
    endloop
  endfacet
  facet normal 0 0 1
    outer loop
      vertex -17.81 17.69 1.2
      vertex -20.5 20.5 1.2
      vertex -17.81 12.31 1.2
    endloop
  endfacet
  facet normal 0 0 1
    outer loop
      vertex -17.81 12.31 1.2
      vertex -20.5 20.5 1.2
      vertex -17.81 11.09 1.2
    endloop
  endfacet
  facet normal 0 0 1
    outer loop
      vertex -17.81 11.09 1.2
      vertex -20.5 20.5 1.2
      vertex -17.81 8.90999 1.2
    endloop
  endfacet
  facet normal 0 0 1
    outer loop
      vertex -17.81 8.90999 1.2
      vertex -20.5 20.5 1.2
      vertex -17.81 7.68999 1.2
    endloop
  endfacet
  facet normal 0 0 1
    outer loop
      vertex -17.81 7.68999 1.2
      vertex -20.5 20.5 1.2
      vertex -17.81 2.31001 1.2
    endloop
  endfacet
  facet normal 0 0 1
    outer loop
      vertex -17.81 2.31001 1.2
      vertex -20.5 20.5 1.2
      vertex -17.81 1.09001 1.2
    endloop
  endfacet
  facet normal 0 0 1
    outer loop
      vertex -17.81 1.09001 1.2
      vertex -20.5 20.5 1.2
      vertex -17.81 -2.19 1.2
    endloop
  endfacet
  facet normal 0 0 1
    outer loop
      vertex -20.5 -24 1.2
      vertex -17.81 -2.19 1.2
      vertex -20.5 20.5 1.2
    endloop
  endfacet
  facet normal 0 0 1
    outer loop
      vertex -17.81 -2.19 1.2
      vertex -20.5 -24 1.2
      vertex -17.81 -4.51001 1.2
    endloop
  endfacet
  facet normal 0 0 1
    outer loop
      vertex -17.81 -4.51001 1.2
      vertex -20.5 -24 1.2
      vertex -17.81 -7.68999 1.2
    endloop
  endfacet
  facet normal 0 0 1
    outer loop
      vertex -17.81 -7.68999 1.2
      vertex -20.5 -24 1.2
      vertex -17.81 -8.90999 1.2
    endloop
  endfacet
  facet normal 0 0 1
    outer loop
      vertex -17.81 -8.90999 1.2
      vertex -20.5 -24 1.2
      vertex -17.81 -12.19 1.2
    endloop
  endfacet
  facet normal 0 0 1
    outer loop
      vertex -12.19 18.91 1.2
      vertex -20.5 20.5 1.2
      vertex -17.81 18.91 1.2
    endloop
  endfacet
  facet normal 0 0 1
    outer loop
      vertex 17.81 7.81 1.2
      vertex 20.5 20.5 1.2
      vertex 17.81 17.69 1.2
    endloop
  endfacet
  facet normal 0 0 1
    outer loop
      vertex 17.81 2.19 1.2
      vertex 20.5 20.5 1.2
      vertex 17.81 7.81 1.2
    endloop
  endfacet
  facet normal 0 0 1
    outer loop
      vertex 17.81 -2.19 1.2
      vertex 20.5 20.5 1.2
      vertex 17.81 2.19 1.2
    endloop
  endfacet
  facet normal 0 0 1
    outer loop
      vertex 20.5 20.5 1.2
      vertex 17.81 -2.19 1.2
      vertex 20.5 -24 1.2
    endloop
  endfacet
  facet normal -0 0 1
    outer loop
      vertex 17.81 -4.51001 1.2
      vertex 20.5 -24 1.2
      vertex 17.81 -2.19 1.2
    endloop
  endfacet
  facet normal -0 0 1
    outer loop
      vertex 17.81 -5.48999 1.2
      vertex 20.5 -24 1.2
      vertex 17.81 -4.51001 1.2
    endloop
  endfacet
  facet normal -0 0 1
    outer loop
      vertex 17.81 -7.81 1.2
      vertex 20.5 -24 1.2
      vertex 17.81 -5.48999 1.2
    endloop
  endfacet
  facet normal -0 0 1
    outer loop
      vertex 17.81 -11.09 1.2
      vertex 20.5 -24 1.2
      vertex 17.81 -7.81 1.2
    endloop
  endfacet
  facet normal -0 0 1
    outer loop
      vertex 17.81 -18.91 1.2
      vertex 20.5 -24 1.2
      vertex 17.81 -11.09 1.2
    endloop
  endfacet
  facet normal -0 0 1
    outer loop
      vertex 16.59 -18.91 1.2
      vertex 20.5 -24 1.2
      vertex 17.81 -18.91 1.2
    endloop
  endfacet
  facet normal 0 0 1
    outer loop
      vertex 13.41 -18.91 1.2
      vertex 16.59 -18.91 1.2
      vertex 15.49 -17.81 1.2
    endloop
  endfacet
  facet normal 0 0 1
    outer loop
      vertex 14.51 -17.81 1.2
      vertex 15.49 -17.81 1.2
      vertex 14.51 -16.71 1.2
    endloop
  endfacet
  facet normal 0 0 1
    outer loop
      vertex 13.41 -18.91 1.2
      vertex 15.49 -17.81 1.2
      vertex 14.51 -17.81 1.2
    endloop
  endfacet
  facet normal 0 0 1
    outer loop
      vertex 13.41 -18.91 1.2
      vertex 14.51 -17.81 1.2
      vertex 13.41 -17.81 1.2
    endloop
  endfacet
  facet normal 0 0 1
    outer loop
      vertex 16.59 -18.91 1.2
      vertex 13.41 -18.91 1.2
      vertex 20.5 -24 1.2
    endloop
  endfacet
  facet normal -0 0 1
    outer loop
      vertex 12.19 -18.91 1.2
      vertex 20.5 -24 1.2
      vertex 13.41 -18.91 1.2
    endloop
  endfacet
  facet normal 0 0 1
    outer loop
      vertex 12.19 17.69 1.2
      vertex 7.81 17.69 1.2
      vertex 7.81 12.31 1.2
    endloop
  endfacet
  facet normal 0 0 1
    outer loop
      vertex 12.19 7.81 1.2
      vertex 7.81 7.81 1.2
      vertex 12.19 6.59 1.2
    endloop
  endfacet
  facet normal 0 0 1
    outer loop
      vertex 7.81 1.09001 1.2
      vertex 12.19 5.60999 1.2
      vertex 7.81 7.81 1.2
    endloop
  endfacet
  facet normal -0 0 1
    outer loop
      vertex 7.81 -1.09001 1.2
      vertex 12.19 -2.19 1.2
      vertex 7.81 1.09001 1.2
    endloop
  endfacet
  facet normal 0 0 1
    outer loop
      vertex 12.19 -2.19 1.2
      vertex 7.81 -5.60999 1.2
      vertex 12.19 -7.81 1.2
    endloop
  endfacet
  facet normal 0 0 1
    outer loop
      vertex 7.81 -12.19 1.2
      vertex 12.19 -7.81 1.2
      vertex 7.81 -5.60999 1.2
    endloop
  endfacet
  facet normal 0 0 1
    outer loop
      vertex 12.19 -7.81 1.2
      vertex 7.81 -12.19 1.2
      vertex 12.19 -11.09 1.2
    endloop
  endfacet
  facet normal 0 0 1
    outer loop
      vertex 7.81 -14.51 1.2
      vertex 12.19 -11.09 1.2
      vertex 7.81 -12.19 1.2
    endloop
  endfacet
  facet normal 0 0 1
    outer loop
      vertex 12.19 -11.09 1.2
      vertex 7.81 -14.51 1.2
      vertex 12.19 -18.91 1.2
    endloop
  endfacet
  facet normal -0 0 1
    outer loop
      vertex 7.81 -15.49 1.2
      vertex 12.19 -18.91 1.2
      vertex 7.81 -14.51 1.2
    endloop
  endfacet
  facet normal -0 0 1
    outer loop
      vertex 7.81 -17.81 1.2
      vertex 12.19 -18.91 1.2
      vertex 7.81 -15.49 1.2
    endloop
  endfacet
  facet normal 0 0 1
    outer loop
      vertex 6.70999 -18.91 1.2
      vertex 12.19 -18.91 1.2
      vertex 7.81 -17.81 1.2
    endloop
  endfacet
  facet normal 0 0 1
    outer loop
      vertex 6.70999 -18.91 1.2
      vertex 7.81 -17.81 1.2
      vertex 6.70999 -17.81 1.2
    endloop
  endfacet
  facet normal 0 0 1
    outer loop
      vertex 12.19 -18.91 1.2
      vertex 6.70999 -18.91 1.2
      vertex 20.5 -24 1.2
    endloop
  endfacet
  facet normal -0 0 1
    outer loop
      vertex 3.29001 -18.91 1.2
      vertex 20.5 -24 1.2
      vertex 6.70999 -18.91 1.2
    endloop
  endfacet
  facet normal 0 0 1
    outer loop
      vertex 2.19 11.09 1.2
      vertex -2.19 8.90999 1.2
      vertex 2.19 7.81 1.2
    endloop
  endfacet
  facet normal 0 0 1
    outer loop
      vertex -2.19 -1.09001 1.2
      vertex 2.19 -1.09001 1.2
      vertex -2.19 1.09001 1.2
    endloop
  endfacet
  facet normal 0 0 1
    outer loop
      vertex -2.19 -8.90999 1.2
      vertex 2.19 -5.60999 1.2
      vertex -2.19 -1.09001 1.2
    endloop
  endfacet
  facet normal 0 0 1
    outer loop
      vertex 3.29001 -11.09 1.2
      vertex -2.19 -8.90999 1.2
      vertex 2.19 -12.19 1.2
    endloop
  endfacet
  facet normal -0 0 1
    outer loop
      vertex -2.19 -11.09 1.2
      vertex 2.19 -12.19 1.2
      vertex -2.19 -8.90999 1.2
    endloop
  endfacet
  facet normal 0 0 1
    outer loop
      vertex -2.19 -13.41 1.2
      vertex 2.19 -12.19 1.2
      vertex -2.19 -11.09 1.2
    endloop
  endfacet
  facet normal 0 0 1
    outer loop
      vertex -2.19 -14.39 1.2
      vertex 2.19 -12.19 1.2
      vertex -2.19 -13.41 1.2
    endloop
  endfacet
  facet normal 0 0 1
    outer loop
      vertex 2.19 -12.19 1.2
      vertex -2.19 -14.39 1.2
      vertex 2.19 -17.81 1.2
    endloop
  endfacet
  facet normal 0 0 1
    outer loop
      vertex -2.19 -18.91 1.2
      vertex 2.19 -17.81 1.2
      vertex -2.19 -14.39 1.2
    endloop
  endfacet
  facet normal 0 0 1
    outer loop
      vertex 2.19 -17.81 1.2
      vertex -2.19 -18.91 1.2
      vertex 3.29001 -18.91 1.2
    endloop
  endfacet
  facet normal -0 0 1
    outer loop
      vertex -2.19 -18.91 1.2
      vertex 20.5 -24 1.2
      vertex 3.29001 -18.91 1.2
    endloop
  endfacet
  facet normal 0 0 1
    outer loop
      vertex -20.5 -24 1.2
      vertex -2.19 -18.91 1.2
      vertex -3.41 -18.91 1.2
    endloop
  endfacet
  facet normal 0 0 1
    outer loop
      vertex -3.41 -15.61 1.2
      vertex -4.39001 -16.71 1.2
      vertex -3.41 -18.91 1.2
    endloop
  endfacet
  facet normal 0 0 1
    outer loop
      vertex -5.48999 -17.81 1.2
      vertex -4.39001 -16.71 1.2
      vertex -5.48999 -16.71 1.2
    endloop
  endfacet
  facet normal 0 0 1
    outer loop
      vertex -4.39001 -16.71 1.2
      vertex -5.48999 -17.81 1.2
      vertex -3.41 -18.91 1.2
    endloop
  endfacet
  facet normal 0 0 1
    outer loop
      vertex -6.59 -18.91 1.2
      vertex -5.48999 -17.81 1.2
      vertex -6.59 -17.81 1.2
    endloop
  endfacet
  facet normal 0 0 1
    outer loop
      vertex -5.48999 -17.81 1.2
      vertex -6.59 -18.91 1.2
      vertex -3.41 -18.91 1.2
    endloop
  endfacet
  facet normal 0 0 1
    outer loop
      vertex -20.5 -24 1.2
      vertex -3.41 -18.91 1.2
      vertex -6.59 -18.91 1.2
    endloop
  endfacet
  facet normal 0 0 1
    outer loop
      vertex -20.5 -24 1.2
      vertex -6.59 -18.91 1.2
      vertex -7.81 -18.91 1.2
    endloop
  endfacet
  facet normal 0 0 1
    outer loop
      vertex -7.81 8.90999 1.2
      vertex -12.19 11.09 1.2
      vertex -12.19 8.90999 1.2
    endloop
  endfacet
  facet normal 0 0 1
    outer loop
      vertex -7.81 -1.09001 1.2
      vertex -12.19 -1.09001 1.2
      vertex -7.81 -2.31001 1.2
    endloop
  endfacet
  facet normal 0 0 1
    outer loop
      vertex -7.81 -7.68999 1.2
      vertex -12.19 -8.90999 1.2
      vertex -7.81 -8.90999 1.2
    endloop
  endfacet
  facet normal 0 0 1
    outer loop
      vertex -12.19 -11.09 1.2
      vertex -7.81 -8.90999 1.2
      vertex -12.19 -8.90999 1.2
    endloop
  endfacet
  facet normal 0 0 1
    outer loop
      vertex -7.81 -8.90999 1.2
      vertex -12.19 -11.09 1.2
      vertex -7.81 -12.19 1.2
    endloop
  endfacet
  facet normal 0 0 1
    outer loop
      vertex -12.19 -14.51 1.2
      vertex -7.81 -12.19 1.2
      vertex -12.19 -11.09 1.2
    endloop
  endfacet
  facet normal 0 0 1
    outer loop
      vertex -7.81 -12.19 1.2
      vertex -12.19 -14.51 1.2
      vertex -7.81 -14.51 1.2
    endloop
  endfacet
  facet normal 0 0 1
    outer loop
      vertex -12.19 -15.49 1.2
      vertex -7.81 -14.51 1.2
      vertex -12.19 -14.51 1.2
    endloop
  endfacet
  facet normal 0 0 1
    outer loop
      vertex -7.81 -14.51 1.2
      vertex -12.19 -15.49 1.2
      vertex -7.81 -17.69 1.2
    endloop
  endfacet
  facet normal 0 0 1
    outer loop
      vertex -12.19 -18.91 1.2
      vertex -7.81 -17.69 1.2
      vertex -12.19 -15.49 1.2
    endloop
  endfacet
  facet normal 0 0 1
    outer loop
      vertex -7.81 -17.69 1.2
      vertex -12.19 -18.91 1.2
      vertex -7.81 -18.91 1.2
    endloop
  endfacet
  facet normal 0 0 1
    outer loop
      vertex -20.5 -24 1.2
      vertex -7.81 -18.91 1.2
      vertex -12.19 -18.91 1.2
    endloop
  endfacet
  facet normal 0 0 1
    outer loop
      vertex -20.5 -24 1.2
      vertex -12.19 -18.91 1.2
      vertex -16.71 -18.91 1.2
    endloop
  endfacet
  facet normal 0 0 1
    outer loop
      vertex -2.19 -18.91 1.2
      vertex -20.5 -24 1.2
      vertex 20.5 -24 1.2
    endloop
  endfacet
  facet normal 0 0 1
    outer loop
      vertex -17.81 -17.81 1.2
      vertex -20.5 -24 1.2
      vertex -16.71 -18.91 1.2
    endloop
  endfacet
  facet normal 0 0 1
    outer loop
      vertex -17.81 -12.19 1.2
      vertex -20.5 -24 1.2
      vertex -17.81 -17.81 1.2
    endloop
  endfacet
  facet normal 0 0 1
    outer loop
      vertex 17.81 7.81 1.2
      vertex 16.71 8.90999 1.2
      vertex 16.71 7.81 1.2
    endloop
  endfacet
  facet normal 0 0 1
    outer loop
      vertex 16.59 -16.59 1.2
      vertex 15.61 -14.39 1.2
      vertex 15.61 -16.59 1.2
    endloop
  endfacet
  facet normal 0 0 1
    outer loop
      vertex 7.81 7.81 1.2
      vertex 6.70999 8.90999 1.2
      vertex 6.70999 7.81 1.2
    endloop
  endfacet
  facet normal 0 0 1
    outer loop
      vertex 5.48999 -5.48999 1.2
      vertex 4.51001 4.39001 1.2
      vertex 4.51001 -5.48999 1.2
    endloop
  endfacet
  facet normal 0 0 1
    outer loop
      vertex 5.48999 -5.48999 1.2
      vertex 4.51001 -5.48999 1.2
      vertex 5.48999 -7.68999 1.2
    endloop
  endfacet
  facet normal 0 0 1
    outer loop
      vertex 5.48999 -7.68999 1.2
      vertex 4.51001 -5.48999 1.2
      vertex 4.51001 -7.68999 1.2
    endloop
  endfacet
  facet normal 0 0 1
    outer loop
      vertex 13.29 -7.81 1.2
      vertex 12.19 -7.81 1.2
      vertex 13.29 -8.90999 1.2
    endloop
  endfacet
  facet normal -0 0 1
    outer loop
      vertex 12.19 2.19 1.2
      vertex 13.29 1.09001 1.2
      vertex 13.29 2.19 1.2
    endloop
  endfacet
  facet normal 0 0 1
    outer loop
      vertex 13.29 1.09001 1.2
      vertex 12.19 2.19 1.2
      vertex 13.29 -1.09001 1.2
    endloop
  endfacet
  facet normal 0 0 1
    outer loop
      vertex 12.19 -2.19 1.2
      vertex 13.29 -1.09001 1.2
      vertex 12.19 2.19 1.2
    endloop
  endfacet
  facet normal 0 0 1
    outer loop
      vertex 13.29 -1.09001 1.2
      vertex 12.19 -2.19 1.2
      vertex 13.29 -2.19 1.2
    endloop
  endfacet
  facet normal -0 0 1
    outer loop
      vertex 12.19 17.69 1.2
      vertex 14.39 11.09 1.2
      vertex 14.39 17.69 1.2
    endloop
  endfacet
  facet normal 0 0 1
    outer loop
      vertex 14.39 11.09 1.2
      vertex 12.19 17.69 1.2
      vertex 13.29 8.90999 1.2
    endloop
  endfacet
  facet normal 0 0 1
    outer loop
      vertex 12.19 7.81 1.2
      vertex 13.29 8.90999 1.2
      vertex 12.19 17.69 1.2
    endloop
  endfacet
  facet normal 0 0 1
    outer loop
      vertex 13.29 8.90999 1.2
      vertex 12.19 7.81 1.2
      vertex 13.29 7.81 1.2
    endloop
  endfacet
  facet normal 0 0 1
    outer loop
      vertex 14.39 -14.39 1.2
      vertex 13.41 -16.59 1.2
      vertex 14.39 -16.59 1.2
    endloop
  endfacet
  facet normal 0.19494 -0.980815 0
    outer loop
      vertex 21.3916 -23.9743 0
      vertex 21.7765 -23.8978 13.2
      vertex 21.3916 -23.9743 13.2
    endloop
  endfacet
  facet normal 0.19494 -0.980815 0
    outer loop
      vertex 21.7765 -23.8978 13.2
      vertex 21.3916 -23.9743 0
      vertex 21.7765 -23.8978 0
    endloop
  endfacet
  facet normal 0.321574 -0.946885 0
    outer loop
      vertex 21.7765 -23.8978 0
      vertex 22.1481 -23.7716 13.2
      vertex 21.7765 -23.8978 13.2
    endloop
  endfacet
  facet normal 0.321574 -0.946885 0
    outer loop
      vertex 22.1481 -23.7716 13.2
      vertex 21.7765 -23.8978 0
      vertex 22.1481 -23.7716 0
    endloop
  endfacet
  facet normal 0.442211 -0.896911 0
    outer loop
      vertex 22.1481 -23.7716 0
      vertex 22.5 -23.5981 13.2
      vertex 22.1481 -23.7716 13.2
    endloop
  endfacet
  facet normal 0.442211 -0.896911 0
    outer loop
      vertex 22.5 -23.5981 13.2
      vertex 22.1481 -23.7716 0
      vertex 22.5 -23.5981 0
    endloop
  endfacet
  facet normal 0.555523 -0.831501 0
    outer loop
      vertex 22.5 -23.5981 0
      vertex 22.8263 -23.3801 13.2
      vertex 22.5 -23.5981 13.2
    endloop
  endfacet
  facet normal 0.555523 -0.831501 0
    outer loop
      vertex 22.8263 -23.3801 13.2
      vertex 22.5 -23.5981 0
      vertex 22.8263 -23.3801 0
    endloop
  endfacet
  facet normal 0.659478 -0.751724 0
    outer loop
      vertex 22.8263 -23.3801 0
      vertex 23.1213 -23.1213 13.2
      vertex 22.8263 -23.3801 13.2
    endloop
  endfacet
  facet normal 0.659478 -0.751724 0
    outer loop
      vertex 23.1213 -23.1213 13.2
      vertex 22.8263 -23.3801 0
      vertex 23.1213 -23.1213 0
    endloop
  endfacet
  facet normal 0.751724 -0.659478 0
    outer loop
      vertex 23.1213 -23.1213 13.2
      vertex 23.3801 -22.8263 0
      vertex 23.3801 -22.8263 13.2
    endloop
  endfacet
  facet normal 0.751724 -0.659478 0
    outer loop
      vertex 23.3801 -22.8263 0
      vertex 23.1213 -23.1213 13.2
      vertex 23.1213 -23.1213 0
    endloop
  endfacet
  facet normal 0.831501 -0.555523 0
    outer loop
      vertex 23.3801 -22.8263 13.2
      vertex 23.5981 -22.5 0
      vertex 23.5981 -22.5 13.2
    endloop
  endfacet
  facet normal 0.831501 -0.555523 0
    outer loop
      vertex 23.5981 -22.5 0
      vertex 23.3801 -22.8263 13.2
      vertex 23.3801 -22.8263 0
    endloop
  endfacet
  facet normal 0.896911 -0.442211 0
    outer loop
      vertex 23.5981 -22.5 13.2
      vertex 23.7716 -22.1481 0
      vertex 23.7716 -22.1481 13.2
    endloop
  endfacet
  facet normal 0.896911 -0.442211 0
    outer loop
      vertex 23.7716 -22.1481 0
      vertex 23.5981 -22.5 13.2
      vertex 23.5981 -22.5 0
    endloop
  endfacet
  facet normal 0.946885 -0.321574 0
    outer loop
      vertex 23.7716 -22.1481 13.2
      vertex 23.8978 -21.7765 0
      vertex 23.8978 -21.7765 13.2
    endloop
  endfacet
  facet normal 0.946885 -0.321574 0
    outer loop
      vertex 23.8978 -21.7765 0
      vertex 23.7716 -22.1481 13.2
      vertex 23.7716 -22.1481 0
    endloop
  endfacet
  facet normal 0.980815 -0.19494 0
    outer loop
      vertex 23.8978 -21.7765 13.2
      vertex 23.9743 -21.3916 0
      vertex 23.9743 -21.3916 13.2
    endloop
  endfacet
  facet normal 0.980815 -0.19494 0
    outer loop
      vertex 23.9743 -21.3916 0
      vertex 23.8978 -21.7765 13.2
      vertex 23.8978 -21.7765 0
    endloop
  endfacet
  facet normal 0.997853 -0.0654873 0
    outer loop
      vertex 23.9743 -21.3916 13.2
      vertex 24 -21 0
      vertex 24 -21 13.2
    endloop
  endfacet
  facet normal 0.997853 -0.0654873 0
    outer loop
      vertex 24 -21 0
      vertex 23.9743 -21.3916 13.2
      vertex 23.9743 -21.3916 0
    endloop
  endfacet
  facet normal 1 -0 0
    outer loop
      vertex 24 -21 13.2
      vertex 24 21 0
      vertex 24 21 13.2
    endloop
  endfacet
  facet normal 1 0 0
    outer loop
      vertex 24 21 0
      vertex 24 -21 13.2
      vertex 24 -21 0
    endloop
  endfacet
  facet normal 0.997853 0.0654873 0
    outer loop
      vertex 24 21 13.2
      vertex 23.9743 21.3916 0
      vertex 23.9743 21.3916 13.2
    endloop
  endfacet
  facet normal 0.997853 0.0654873 0
    outer loop
      vertex 23.9743 21.3916 0
      vertex 24 21 13.2
      vertex 24 21 0
    endloop
  endfacet
  facet normal 0.980815 0.19494 0
    outer loop
      vertex 23.9743 21.3916 13.2
      vertex 23.8978 21.7765 0
      vertex 23.8978 21.7765 13.2
    endloop
  endfacet
  facet normal 0.980815 0.19494 0
    outer loop
      vertex 23.8978 21.7765 0
      vertex 23.9743 21.3916 13.2
      vertex 23.9743 21.3916 0
    endloop
  endfacet
  facet normal 0.946885 0.321574 0
    outer loop
      vertex 23.8978 21.7765 13.2
      vertex 23.7716 22.1481 0
      vertex 23.7716 22.1481 13.2
    endloop
  endfacet
  facet normal 0.946885 0.321574 0
    outer loop
      vertex 23.7716 22.1481 0
      vertex 23.8978 21.7765 13.2
      vertex 23.8978 21.7765 0
    endloop
  endfacet
  facet normal 0.896911 0.442211 0
    outer loop
      vertex 23.7716 22.1481 13.2
      vertex 23.5981 22.5 0
      vertex 23.5981 22.5 13.2
    endloop
  endfacet
  facet normal 0.896911 0.442211 0
    outer loop
      vertex 23.5981 22.5 0
      vertex 23.7716 22.1481 13.2
      vertex 23.7716 22.1481 0
    endloop
  endfacet
  facet normal 0.831501 0.555523 0
    outer loop
      vertex 23.5981 22.5 13.2
      vertex 23.3801 22.8263 0
      vertex 23.3801 22.8263 13.2
    endloop
  endfacet
  facet normal 0.831501 0.555523 0
    outer loop
      vertex 23.3801 22.8263 0
      vertex 23.5981 22.5 13.2
      vertex 23.5981 22.5 0
    endloop
  endfacet
  facet normal 0.751724 0.659478 0
    outer loop
      vertex 23.3801 22.8263 13.2
      vertex 23.1213 23.1213 0
      vertex 23.1213 23.1213 13.2
    endloop
  endfacet
  facet normal 0.751724 0.659478 0
    outer loop
      vertex 23.1213 23.1213 0
      vertex 23.3801 22.8263 13.2
      vertex 23.3801 22.8263 0
    endloop
  endfacet
  facet normal 0.659478 0.751724 -0
    outer loop
      vertex 23.1213 23.1213 0
      vertex 22.8263 23.3801 13.2
      vertex 23.1213 23.1213 13.2
    endloop
  endfacet
  facet normal 0.659478 0.751724 0
    outer loop
      vertex 22.8263 23.3801 13.2
      vertex 23.1213 23.1213 0
      vertex 22.8263 23.3801 0
    endloop
  endfacet
  facet normal 0.555523 0.831501 -0
    outer loop
      vertex 22.8263 23.3801 0
      vertex 22.5 23.5981 13.2
      vertex 22.8263 23.3801 13.2
    endloop
  endfacet
  facet normal 0.555523 0.831501 0
    outer loop
      vertex 22.5 23.5981 13.2
      vertex 22.8263 23.3801 0
      vertex 22.5 23.5981 0
    endloop
  endfacet
  facet normal 0.442211 0.896911 -0
    outer loop
      vertex 22.5 23.5981 0
      vertex 22.1481 23.7716 13.2
      vertex 22.5 23.5981 13.2
    endloop
  endfacet
  facet normal 0.442211 0.896911 0
    outer loop
      vertex 22.1481 23.7716 13.2
      vertex 22.5 23.5981 0
      vertex 22.1481 23.7716 0
    endloop
  endfacet
  facet normal 0.321574 0.946885 -0
    outer loop
      vertex 22.1481 23.7716 0
      vertex 21.7765 23.8978 13.2
      vertex 22.1481 23.7716 13.2
    endloop
  endfacet
  facet normal 0.321574 0.946885 0
    outer loop
      vertex 21.7765 23.8978 13.2
      vertex 22.1481 23.7716 0
      vertex 21.7765 23.8978 0
    endloop
  endfacet
  facet normal 0.19494 0.980815 -0
    outer loop
      vertex 21.7765 23.8978 0
      vertex 21.3916 23.9743 13.2
      vertex 21.7765 23.8978 13.2
    endloop
  endfacet
  facet normal 0.19494 0.980815 0
    outer loop
      vertex 21.3916 23.9743 13.2
      vertex 21.7765 23.8978 0
      vertex 21.3916 23.9743 0
    endloop
  endfacet
  facet normal 0.0654873 0.997853 -0
    outer loop
      vertex 21.3916 23.9743 0
      vertex 21 24 13.2
      vertex 21.3916 23.9743 13.2
    endloop
  endfacet
  facet normal 0.0654873 0.997853 0
    outer loop
      vertex 21 24 13.2
      vertex 21.3916 23.9743 0
      vertex 21 24 0
    endloop
  endfacet
  facet normal 0 1 -0
    outer loop
      vertex 21 24 0
      vertex -21 24 13.2
      vertex 21 24 13.2
    endloop
  endfacet
  facet normal 0 1 0
    outer loop
      vertex -21 24 13.2
      vertex 21 24 0
      vertex -21 24 0
    endloop
  endfacet
  facet normal -0.0654873 0.997853 0
    outer loop
      vertex -21 24 0
      vertex -21.3916 23.9743 13.2
      vertex -21 24 13.2
    endloop
  endfacet
  facet normal -0.0654873 0.997853 0
    outer loop
      vertex -21.3916 23.9743 13.2
      vertex -21 24 0
      vertex -21.3916 23.9743 0
    endloop
  endfacet
  facet normal -0.19494 0.980815 0
    outer loop
      vertex -21.3916 23.9743 0
      vertex -21.7765 23.8978 13.2
      vertex -21.3916 23.9743 13.2
    endloop
  endfacet
  facet normal -0.19494 0.980815 0
    outer loop
      vertex -21.7765 23.8978 13.2
      vertex -21.3916 23.9743 0
      vertex -21.7765 23.8978 0
    endloop
  endfacet
  facet normal -0.321574 0.946885 0
    outer loop
      vertex -21.7765 23.8978 0
      vertex -22.1481 23.7716 13.2
      vertex -21.7765 23.8978 13.2
    endloop
  endfacet
  facet normal -0.321574 0.946885 0
    outer loop
      vertex -22.1481 23.7716 13.2
      vertex -21.7765 23.8978 0
      vertex -22.1481 23.7716 0
    endloop
  endfacet
  facet normal -0.442211 0.896911 0
    outer loop
      vertex -22.1481 23.7716 0
      vertex -22.5 23.5981 13.2
      vertex -22.1481 23.7716 13.2
    endloop
  endfacet
  facet normal -0.442211 0.896911 0
    outer loop
      vertex -22.5 23.5981 13.2
      vertex -22.1481 23.7716 0
      vertex -22.5 23.5981 0
    endloop
  endfacet
  facet normal -0.555523 0.831501 0
    outer loop
      vertex -22.5 23.5981 0
      vertex -22.8263 23.3801 13.2
      vertex -22.5 23.5981 13.2
    endloop
  endfacet
  facet normal -0.555523 0.831501 0
    outer loop
      vertex -22.8263 23.3801 13.2
      vertex -22.5 23.5981 0
      vertex -22.8263 23.3801 0
    endloop
  endfacet
  facet normal -0.659478 0.751724 0
    outer loop
      vertex -22.8263 23.3801 0
      vertex -23.1213 23.1213 13.2
      vertex -22.8263 23.3801 13.2
    endloop
  endfacet
  facet normal -0.659478 0.751724 0
    outer loop
      vertex -23.1213 23.1213 13.2
      vertex -22.8263 23.3801 0
      vertex -23.1213 23.1213 0
    endloop
  endfacet
  facet normal -0.751724 0.659478 0
    outer loop
      vertex -23.3801 22.8263 0
      vertex -23.1213 23.1213 13.2
      vertex -23.1213 23.1213 0
    endloop
  endfacet
  facet normal -0.751724 0.659478 0
    outer loop
      vertex -23.1213 23.1213 13.2
      vertex -23.3801 22.8263 0
      vertex -23.3801 22.8263 13.2
    endloop
  endfacet
  facet normal -0.831501 0.555523 0
    outer loop
      vertex -23.5981 22.5 0
      vertex -23.3801 22.8263 13.2
      vertex -23.3801 22.8263 0
    endloop
  endfacet
  facet normal -0.831501 0.555523 0
    outer loop
      vertex -23.3801 22.8263 13.2
      vertex -23.5981 22.5 0
      vertex -23.5981 22.5 13.2
    endloop
  endfacet
  facet normal -0.896911 0.442211 0
    outer loop
      vertex -23.7716 22.1481 0
      vertex -23.5981 22.5 13.2
      vertex -23.5981 22.5 0
    endloop
  endfacet
  facet normal -0.896911 0.442211 0
    outer loop
      vertex -23.5981 22.5 13.2
      vertex -23.7716 22.1481 0
      vertex -23.7716 22.1481 13.2
    endloop
  endfacet
  facet normal -0.946885 0.321574 0
    outer loop
      vertex -23.8978 21.7765 0
      vertex -23.7716 22.1481 13.2
      vertex -23.7716 22.1481 0
    endloop
  endfacet
  facet normal -0.946885 0.321574 0
    outer loop
      vertex -23.7716 22.1481 13.2
      vertex -23.8978 21.7765 0
      vertex -23.8978 21.7765 13.2
    endloop
  endfacet
  facet normal -0.980815 0.19494 0
    outer loop
      vertex -23.9743 21.3916 0
      vertex -23.8978 21.7765 13.2
      vertex -23.8978 21.7765 0
    endloop
  endfacet
  facet normal -0.980815 0.19494 0
    outer loop
      vertex -23.8978 21.7765 13.2
      vertex -23.9743 21.3916 0
      vertex -23.9743 21.3916 13.2
    endloop
  endfacet
  facet normal -0.997853 0.0654873 0
    outer loop
      vertex -24 21 0
      vertex -23.9743 21.3916 13.2
      vertex -23.9743 21.3916 0
    endloop
  endfacet
  facet normal -0.997853 0.0654873 0
    outer loop
      vertex -23.9743 21.3916 13.2
      vertex -24 21 0
      vertex -24 21 13.2
    endloop
  endfacet
  facet normal -1 0 0
    outer loop
      vertex -24 -21 0
      vertex -24 21 13.2
      vertex -24 21 0
    endloop
  endfacet
  facet normal -1 -0 0
    outer loop
      vertex -24 21 13.2
      vertex -24 -21 0
      vertex -24 -21 13.2
    endloop
  endfacet
  facet normal -0.997853 -0.0654873 0
    outer loop
      vertex -23.9743 -21.3916 0
      vertex -24 -21 13.2
      vertex -24 -21 0
    endloop
  endfacet
  facet normal -0.997853 -0.0654873 0
    outer loop
      vertex -24 -21 13.2
      vertex -23.9743 -21.3916 0
      vertex -23.9743 -21.3916 13.2
    endloop
  endfacet
  facet normal -0.980815 -0.19494 0
    outer loop
      vertex -23.8978 -21.7765 0
      vertex -23.9743 -21.3916 13.2
      vertex -23.9743 -21.3916 0
    endloop
  endfacet
  facet normal -0.980815 -0.19494 0
    outer loop
      vertex -23.9743 -21.3916 13.2
      vertex -23.8978 -21.7765 0
      vertex -23.8978 -21.7765 13.2
    endloop
  endfacet
  facet normal -0.946885 -0.321574 0
    outer loop
      vertex -23.7716 -22.1481 0
      vertex -23.8978 -21.7765 13.2
      vertex -23.8978 -21.7765 0
    endloop
  endfacet
  facet normal -0.946885 -0.321574 0
    outer loop
      vertex -23.8978 -21.7765 13.2
      vertex -23.7716 -22.1481 0
      vertex -23.7716 -22.1481 13.2
    endloop
  endfacet
  facet normal -0.896911 -0.442211 0
    outer loop
      vertex -23.5981 -22.5 0
      vertex -23.7716 -22.1481 13.2
      vertex -23.7716 -22.1481 0
    endloop
  endfacet
  facet normal -0.896911 -0.442211 0
    outer loop
      vertex -23.7716 -22.1481 13.2
      vertex -23.5981 -22.5 0
      vertex -23.5981 -22.5 13.2
    endloop
  endfacet
  facet normal -0.831501 -0.555523 0
    outer loop
      vertex -23.3801 -22.8263 0
      vertex -23.5981 -22.5 13.2
      vertex -23.5981 -22.5 0
    endloop
  endfacet
  facet normal -0.831501 -0.555523 0
    outer loop
      vertex -23.5981 -22.5 13.2
      vertex -23.3801 -22.8263 0
      vertex -23.3801 -22.8263 13.2
    endloop
  endfacet
  facet normal -0.751724 -0.659478 0
    outer loop
      vertex -23.1213 -23.1213 0
      vertex -23.3801 -22.8263 13.2
      vertex -23.3801 -22.8263 0
    endloop
  endfacet
  facet normal -0.751724 -0.659478 0
    outer loop
      vertex -23.3801 -22.8263 13.2
      vertex -23.1213 -23.1213 0
      vertex -23.1213 -23.1213 13.2
    endloop
  endfacet
  facet normal -0.659478 -0.751724 0
    outer loop
      vertex -23.1213 -23.1213 0
      vertex -22.8263 -23.3801 13.2
      vertex -23.1213 -23.1213 13.2
    endloop
  endfacet
  facet normal -0.659478 -0.751724 -0
    outer loop
      vertex -22.8263 -23.3801 13.2
      vertex -23.1213 -23.1213 0
      vertex -22.8263 -23.3801 0
    endloop
  endfacet
  facet normal -0.555523 -0.831501 0
    outer loop
      vertex -22.8263 -23.3801 0
      vertex -22.5 -23.5981 13.2
      vertex -22.8263 -23.3801 13.2
    endloop
  endfacet
  facet normal -0.555523 -0.831501 -0
    outer loop
      vertex -22.5 -23.5981 13.2
      vertex -22.8263 -23.3801 0
      vertex -22.5 -23.5981 0
    endloop
  endfacet
  facet normal -0.442211 -0.896911 0
    outer loop
      vertex -22.5 -23.5981 0
      vertex -22.1481 -23.7716 13.2
      vertex -22.5 -23.5981 13.2
    endloop
  endfacet
  facet normal -0.442211 -0.896911 -0
    outer loop
      vertex -22.1481 -23.7716 13.2
      vertex -22.5 -23.5981 0
      vertex -22.1481 -23.7716 0
    endloop
  endfacet
  facet normal -0.321574 -0.946885 0
    outer loop
      vertex -22.1481 -23.7716 0
      vertex -21.7765 -23.8978 13.2
      vertex -22.1481 -23.7716 13.2
    endloop
  endfacet
  facet normal -0.321574 -0.946885 -0
    outer loop
      vertex -21.7765 -23.8978 13.2
      vertex -22.1481 -23.7716 0
      vertex -21.7765 -23.8978 0
    endloop
  endfacet
  facet normal -0.19494 -0.980815 0
    outer loop
      vertex -21.7765 -23.8978 0
      vertex -21.3916 -23.9743 13.2
      vertex -21.7765 -23.8978 13.2
    endloop
  endfacet
  facet normal -0.19494 -0.980815 -0
    outer loop
      vertex -21.3916 -23.9743 13.2
      vertex -21.7765 -23.8978 0
      vertex -21.3916 -23.9743 0
    endloop
  endfacet
  facet normal -0.0654873 -0.997853 0
    outer loop
      vertex -21.3916 -23.9743 0
      vertex -21 -24 13.2
      vertex -21.3916 -23.9743 13.2
    endloop
  endfacet
  facet normal -0.0654873 -0.997853 -0
    outer loop
      vertex -21 -24 13.2
      vertex -21.3916 -23.9743 0
      vertex -21 -24 0
    endloop
  endfacet
  facet normal 0 -1 0
    outer loop
      vertex -21 -24 13.2
      vertex -20.5 -24 3.2
      vertex 21 -24 13.2
    endloop
  endfacet
  facet normal 0 -1 0
    outer loop
      vertex -21 -24 0
      vertex -20.5 -24 3.2
      vertex -21 -24 13.2
    endloop
  endfacet
  facet normal 0 -1 -0
    outer loop
      vertex -20.5 -24 1.2
      vertex -21 -24 0
      vertex 20.5 -24 1.2
    endloop
  endfacet
  facet normal 0 -1 -0
    outer loop
      vertex -20.5 -24 3.2
      vertex -21 -24 0
      vertex -20.5 -24 1.2
    endloop
  endfacet
  facet normal 0 -1 0
    outer loop
      vertex 20.5 -24 3.2
      vertex 21 -24 13.2
      vertex -20.5 -24 3.2
    endloop
  endfacet
  facet normal 0 -1 0
    outer loop
      vertex 21 -24 0
      vertex 20.5 -24 3.2
      vertex 20.5 -24 1.2
    endloop
  endfacet
  facet normal 0 -1 0
    outer loop
      vertex 20.5 -24 3.2
      vertex 21 -24 0
      vertex 21 -24 13.2
    endloop
  endfacet
  facet normal 0 -1 0
    outer loop
      vertex 21 -24 0
      vertex 20.5 -24 1.2
      vertex -21 -24 0
    endloop
  endfacet
  facet normal 0.0654873 -0.997853 0
    outer loop
      vertex 21 -24 0
      vertex 21.3916 -23.9743 13.2
      vertex 21 -24 13.2
    endloop
  endfacet
  facet normal 0.0654873 -0.997853 0
    outer loop
      vertex 21.3916 -23.9743 13.2
      vertex 21 -24 0
      vertex 21.3916 -23.9743 0
    endloop
  endfacet
  facet normal 1 -0 0
    outer loop
      vertex -7.81 11.09 1.2
      vertex -7.81 18.91 0
      vertex -7.81 18.91 1.2
    endloop
  endfacet
  facet normal 1 0 0
    outer loop
      vertex -7.81 18.91 0
      vertex -7.81 11.09 1.2
      vertex -7.81 11.09 0
    endloop
  endfacet
  facet normal 0 -1 0
    outer loop
      vertex -7.81 18.91 0
      vertex -6.59 18.91 1.2
      vertex -7.81 18.91 1.2
    endloop
  endfacet
  facet normal 0 -1 -0
    outer loop
      vertex -6.59 18.91 1.2
      vertex -7.81 18.91 0
      vertex -6.59 18.91 0
    endloop
  endfacet
  facet normal -1 0 0
    outer loop
      vertex -6.59 17.81 0
      vertex -6.59 18.91 1.2
      vertex -6.59 18.91 0
    endloop
  endfacet
  facet normal -1 -0 0
    outer loop
      vertex -6.59 18.91 1.2
      vertex -6.59 17.81 0
      vertex -6.59 17.81 1.2
    endloop
  endfacet
  facet normal 0 -1 0
    outer loop
      vertex -6.59 17.81 0
      vertex -5.48999 17.81 1.2
      vertex -6.59 17.81 1.2
    endloop
  endfacet
  facet normal 0 -1 -0
    outer loop
      vertex -5.48999 17.81 1.2
      vertex -6.59 17.81 0
      vertex -5.48999 17.81 0
    endloop
  endfacet
  facet normal -1 0 0
    outer loop
      vertex -5.48999 16.71 0
      vertex -5.48999 17.81 1.2
      vertex -5.48999 17.81 0
    endloop
  endfacet
  facet normal -1 -0 0
    outer loop
      vertex -5.48999 17.81 1.2
      vertex -5.48999 16.71 0
      vertex -5.48999 16.71 1.2
    endloop
  endfacet
  facet normal 0 -1 0
    outer loop
      vertex -5.48999 16.71 0
      vertex -4.51001 16.71 1.2
      vertex -5.48999 16.71 1.2
    endloop
  endfacet
  facet normal 0 -1 -0
    outer loop
      vertex -4.51001 16.71 1.2
      vertex -5.48999 16.71 0
      vertex -4.51001 16.71 0
    endloop
  endfacet
  facet normal 1 -0 0
    outer loop
      vertex -4.51001 16.71 1.2
      vertex -4.51001 17.81 0
      vertex -4.51001 17.81 1.2
    endloop
  endfacet
  facet normal 1 0 0
    outer loop
      vertex -4.51001 17.81 0
      vertex -4.51001 16.71 1.2
      vertex -4.51001 16.71 0
    endloop
  endfacet
  facet normal 0 -1 0
    outer loop
      vertex -4.51001 17.81 0
      vertex -3.41 17.81 1.2
      vertex -4.51001 17.81 1.2
    endloop
  endfacet
  facet normal 0 -1 -0
    outer loop
      vertex -3.41 17.81 1.2
      vertex -4.51001 17.81 0
      vertex -3.41 17.81 0
    endloop
  endfacet
  facet normal 1 -0 0
    outer loop
      vertex -3.41 17.81 1.2
      vertex -3.41 18.91 0
      vertex -3.41 18.91 1.2
    endloop
  endfacet
  facet normal 1 0 0
    outer loop
      vertex -3.41 18.91 0
      vertex -3.41 17.81 1.2
      vertex -3.41 17.81 0
    endloop
  endfacet
  facet normal 0 -1 0
    outer loop
      vertex -3.41 18.91 0
      vertex -2.19 18.91 1.2
      vertex -3.41 18.91 1.2
    endloop
  endfacet
  facet normal 0 -1 -0
    outer loop
      vertex -2.19 18.91 1.2
      vertex -3.41 18.91 0
      vertex -2.19 18.91 0
    endloop
  endfacet
  facet normal -1 0 0
    outer loop
      vertex -2.19 11.09 0
      vertex -2.19 18.91 1.2
      vertex -2.19 18.91 0
    endloop
  endfacet
  facet normal -1 -0 0
    outer loop
      vertex -2.19 18.91 1.2
      vertex -2.19 11.09 0
      vertex -2.19 11.09 1.2
    endloop
  endfacet
  facet normal 0 1 -0
    outer loop
      vertex -2.19 11.09 0
      vertex -3.41 11.09 1.2
      vertex -2.19 11.09 1.2
    endloop
  endfacet
  facet normal 0 1 0
    outer loop
      vertex -3.41 11.09 1.2
      vertex -2.19 11.09 0
      vertex -3.41 11.09 0
    endloop
  endfacet
  facet normal 1 -0 0
    outer loop
      vertex -3.41 11.09 1.2
      vertex -3.41 16.59 0
      vertex -3.41 16.59 1.2
    endloop
  endfacet
  facet normal 1 0 0
    outer loop
      vertex -3.41 16.59 0
      vertex -3.41 11.09 1.2
      vertex -3.41 11.09 0
    endloop
  endfacet
  facet normal 0 1 -0
    outer loop
      vertex -3.41 16.59 0
      vertex -4.39001 16.59 1.2
      vertex -3.41 16.59 1.2
    endloop
  endfacet
  facet normal 0 1 0
    outer loop
      vertex -4.39001 16.59 1.2
      vertex -3.41 16.59 0
      vertex -4.39001 16.59 0
    endloop
  endfacet
  facet normal -1 0 0
    outer loop
      vertex -4.39001 14.39 0
      vertex -4.39001 16.59 1.2
      vertex -4.39001 16.59 0
    endloop
  endfacet
  facet normal -1 -0 0
    outer loop
      vertex -4.39001 16.59 1.2
      vertex -4.39001 14.39 0
      vertex -4.39001 14.39 1.2
    endloop
  endfacet
  facet normal 0 1 -0
    outer loop
      vertex -4.39001 14.39 0
      vertex -5.60999 14.39 1.2
      vertex -4.39001 14.39 1.2
    endloop
  endfacet
  facet normal 0 1 0
    outer loop
      vertex -5.60999 14.39 1.2
      vertex -4.39001 14.39 0
      vertex -5.60999 14.39 0
    endloop
  endfacet
  facet normal 1 -0 0
    outer loop
      vertex -5.60999 14.39 1.2
      vertex -5.60999 16.59 0
      vertex -5.60999 16.59 1.2
    endloop
  endfacet
  facet normal 1 0 0
    outer loop
      vertex -5.60999 16.59 0
      vertex -5.60999 14.39 1.2
      vertex -5.60999 14.39 0
    endloop
  endfacet
  facet normal 0 1 -0
    outer loop
      vertex -5.60999 16.59 0
      vertex -6.59 16.59 1.2
      vertex -5.60999 16.59 1.2
    endloop
  endfacet
  facet normal 0 1 0
    outer loop
      vertex -6.59 16.59 1.2
      vertex -5.60999 16.59 0
      vertex -6.59 16.59 0
    endloop
  endfacet
  facet normal -1 0 0
    outer loop
      vertex -6.59 11.09 0
      vertex -6.59 16.59 1.2
      vertex -6.59 16.59 0
    endloop
  endfacet
  facet normal -1 -0 0
    outer loop
      vertex -6.59 16.59 1.2
      vertex -6.59 11.09 0
      vertex -6.59 11.09 1.2
    endloop
  endfacet
  facet normal 0 1 -0
    outer loop
      vertex -6.59 11.09 0
      vertex -7.81 11.09 1.2
      vertex -6.59 11.09 1.2
    endloop
  endfacet
  facet normal 0 1 0
    outer loop
      vertex -7.81 11.09 1.2
      vertex -6.59 11.09 0
      vertex -7.81 11.09 0
    endloop
  endfacet
  facet normal 1 -0 0
    outer loop
      vertex -17.81 11.09 1.2
      vertex -17.81 12.31 0
      vertex -17.81 12.31 1.2
    endloop
  endfacet
  facet normal 1 0 0
    outer loop
      vertex -17.81 12.31 0
      vertex -17.81 11.09 1.2
      vertex -17.81 11.09 0
    endloop
  endfacet
  facet normal 0 -1 0
    outer loop
      vertex -17.81 12.31 0
      vertex -13.41 12.31 1.2
      vertex -17.81 12.31 1.2
    endloop
  endfacet
  facet normal 0 -1 -0
    outer loop
      vertex -13.41 12.31 1.2
      vertex -17.81 12.31 0
      vertex -13.41 12.31 0
    endloop
  endfacet
  facet normal 1 -0 0
    outer loop
      vertex -13.41 12.31 1.2
      vertex -13.41 14.39 0
      vertex -13.41 14.39 1.2
    endloop
  endfacet
  facet normal 1 0 0
    outer loop
      vertex -13.41 14.39 0
      vertex -13.41 12.31 1.2
      vertex -13.41 12.31 0
    endloop
  endfacet
  facet normal 0 1 -0
    outer loop
      vertex -13.41 14.39 0
      vertex -16.71 14.39 1.2
      vertex -13.41 14.39 1.2
    endloop
  endfacet
  facet normal 0 1 0
    outer loop
      vertex -16.71 14.39 1.2
      vertex -13.41 14.39 0
      vertex -16.71 14.39 0
    endloop
  endfacet
  facet normal 1 -0 0
    outer loop
      vertex -16.71 14.39 1.2
      vertex -16.71 15.61 0
      vertex -16.71 15.61 1.2
    endloop
  endfacet
  facet normal 1 0 0
    outer loop
      vertex -16.71 15.61 0
      vertex -16.71 14.39 1.2
      vertex -16.71 14.39 0
    endloop
  endfacet
  facet normal 0 -1 0
    outer loop
      vertex -16.71 15.61 0
      vertex -13.41 15.61 1.2
      vertex -16.71 15.61 1.2
    endloop
  endfacet
  facet normal 0 -1 -0
    outer loop
      vertex -13.41 15.61 1.2
      vertex -16.71 15.61 0
      vertex -13.41 15.61 0
    endloop
  endfacet
  facet normal 1 -0 0
    outer loop
      vertex -13.41 15.61 1.2
      vertex -13.41 17.69 0
      vertex -13.41 17.69 1.2
    endloop
  endfacet
  facet normal 1 0 0
    outer loop
      vertex -13.41 17.69 0
      vertex -13.41 15.61 1.2
      vertex -13.41 15.61 0
    endloop
  endfacet
  facet normal 0 1 -0
    outer loop
      vertex -13.41 17.69 0
      vertex -17.81 17.69 1.2
      vertex -13.41 17.69 1.2
    endloop
  endfacet
  facet normal 0 1 0
    outer loop
      vertex -17.81 17.69 1.2
      vertex -13.41 17.69 0
      vertex -17.81 17.69 0
    endloop
  endfacet
  facet normal 1 -0 0
    outer loop
      vertex -17.81 17.69 1.2
      vertex -17.81 18.91 0
      vertex -17.81 18.91 1.2
    endloop
  endfacet
  facet normal 1 0 0
    outer loop
      vertex -17.81 18.91 0
      vertex -17.81 17.69 1.2
      vertex -17.81 17.69 0
    endloop
  endfacet
  facet normal 0 -1 0
    outer loop
      vertex -17.81 18.91 0
      vertex -12.19 18.91 1.2
      vertex -17.81 18.91 1.2
    endloop
  endfacet
  facet normal 0 -1 -0
    outer loop
      vertex -12.19 18.91 1.2
      vertex -17.81 18.91 0
      vertex -12.19 18.91 0
    endloop
  endfacet
  facet normal -1 0 0
    outer loop
      vertex -12.19 11.09 0
      vertex -12.19 18.91 1.2
      vertex -12.19 18.91 0
    endloop
  endfacet
  facet normal -1 -0 0
    outer loop
      vertex -12.19 18.91 1.2
      vertex -12.19 11.09 0
      vertex -12.19 11.09 1.2
    endloop
  endfacet
  facet normal 0 1 -0
    outer loop
      vertex -12.19 11.09 0
      vertex -17.81 11.09 1.2
      vertex -12.19 11.09 1.2
    endloop
  endfacet
  facet normal 0 1 0
    outer loop
      vertex -17.81 11.09 1.2
      vertex -12.19 11.09 0
      vertex -17.81 11.09 0
    endloop
  endfacet
  facet normal 1 -0 0
    outer loop
      vertex 14.39 11.09 1.2
      vertex 14.39 17.69 0
      vertex 14.39 17.69 1.2
    endloop
  endfacet
  facet normal 1 0 0
    outer loop
      vertex 14.39 17.69 0
      vertex 14.39 11.09 1.2
      vertex 14.39 11.09 0
    endloop
  endfacet
  facet normal 0 1 -0
    outer loop
      vertex 14.39 17.69 0
      vertex 12.19 17.69 1.2
      vertex 14.39 17.69 1.2
    endloop
  endfacet
  facet normal 0 1 0
    outer loop
      vertex 12.19 17.69 1.2
      vertex 14.39 17.69 0
      vertex 12.19 17.69 0
    endloop
  endfacet
  facet normal 1 -0 0
    outer loop
      vertex 12.19 17.69 1.2
      vertex 12.19 18.91 0
      vertex 12.19 18.91 1.2
    endloop
  endfacet
  facet normal 1 0 0
    outer loop
      vertex 12.19 18.91 0
      vertex 12.19 17.69 1.2
      vertex 12.19 17.69 0
    endloop
  endfacet
  facet normal 0 -1 0
    outer loop
      vertex 12.19 18.91 0
      vertex 17.81 18.91 1.2
      vertex 12.19 18.91 1.2
    endloop
  endfacet
  facet normal 0 -1 -0
    outer loop
      vertex 17.81 18.91 1.2
      vertex 12.19 18.91 0
      vertex 17.81 18.91 0
    endloop
  endfacet
  facet normal -1 0 0
    outer loop
      vertex 17.81 17.69 0
      vertex 17.81 18.91 1.2
      vertex 17.81 18.91 0
    endloop
  endfacet
  facet normal -1 -0 0
    outer loop
      vertex 17.81 18.91 1.2
      vertex 17.81 17.69 0
      vertex 17.81 17.69 1.2
    endloop
  endfacet
  facet normal 0 1 -0
    outer loop
      vertex 17.81 17.69 0
      vertex 15.61 17.69 1.2
      vertex 17.81 17.69 1.2
    endloop
  endfacet
  facet normal 0 1 0
    outer loop
      vertex 15.61 17.69 1.2
      vertex 17.81 17.69 0
      vertex 15.61 17.69 0
    endloop
  endfacet
  facet normal -1 0 0
    outer loop
      vertex 15.61 11.09 0
      vertex 15.61 17.69 1.2
      vertex 15.61 17.69 0
    endloop
  endfacet
  facet normal -1 -0 0
    outer loop
      vertex 15.61 17.69 1.2
      vertex 15.61 11.09 0
      vertex 15.61 11.09 1.2
    endloop
  endfacet
  facet normal 0 1 -0
    outer loop
      vertex 15.61 11.09 0
      vertex 14.39 11.09 1.2
      vertex 15.61 11.09 1.2
    endloop
  endfacet
  facet normal 0 1 0
    outer loop
      vertex 14.39 11.09 1.2
      vertex 15.61 11.09 0
      vertex 14.39 11.09 0
    endloop
  endfacet
  facet normal 1 -0 0
    outer loop
      vertex 2.19 11.09 1.2
      vertex 2.19 12.31 0
      vertex 2.19 12.31 1.2
    endloop
  endfacet
  facet normal 1 0 0
    outer loop
      vertex 2.19 12.31 0
      vertex 2.19 11.09 1.2
      vertex 2.19 11.09 0
    endloop
  endfacet
  facet normal 0 -1 0
    outer loop
      vertex 2.19 12.31 0
      vertex 4.39001 12.31 1.2
      vertex 2.19 12.31 1.2
    endloop
  endfacet
  facet normal 0 -1 -0
    outer loop
      vertex 4.39001 12.31 1.2
      vertex 2.19 12.31 0
      vertex 4.39001 12.31 0
    endloop
  endfacet
  facet normal 1 -0 0
    outer loop
      vertex 4.39001 12.31 1.2
      vertex 4.39001 17.69 0
      vertex 4.39001 17.69 1.2
    endloop
  endfacet
  facet normal 1 0 0
    outer loop
      vertex 4.39001 17.69 0
      vertex 4.39001 12.31 1.2
      vertex 4.39001 12.31 0
    endloop
  endfacet
  facet normal 0 1 -0
    outer loop
      vertex 4.39001 17.69 0
      vertex 2.19 17.69 1.2
      vertex 4.39001 17.69 1.2
    endloop
  endfacet
  facet normal 0 1 0
    outer loop
      vertex 2.19 17.69 1.2
      vertex 4.39001 17.69 0
      vertex 2.19 17.69 0
    endloop
  endfacet
  facet normal 1 -0 0
    outer loop
      vertex 2.19 17.69 1.2
      vertex 2.19 18.91 0
      vertex 2.19 18.91 1.2
    endloop
  endfacet
  facet normal 1 0 0
    outer loop
      vertex 2.19 18.91 0
      vertex 2.19 17.69 1.2
      vertex 2.19 17.69 0
    endloop
  endfacet
  facet normal 0 -1 0
    outer loop
      vertex 2.19 18.91 0
      vertex 7.81 18.91 1.2
      vertex 2.19 18.91 1.2
    endloop
  endfacet
  facet normal 0 -1 -0
    outer loop
      vertex 7.81 18.91 1.2
      vertex 2.19 18.91 0
      vertex 7.81 18.91 0
    endloop
  endfacet
  facet normal -1 0 0
    outer loop
      vertex 7.81 17.69 0
      vertex 7.81 18.91 1.2
      vertex 7.81 18.91 0
    endloop
  endfacet
  facet normal -1 -0 0
    outer loop
      vertex 7.81 18.91 1.2
      vertex 7.81 17.69 0
      vertex 7.81 17.69 1.2
    endloop
  endfacet
  facet normal 0 1 -0
    outer loop
      vertex 7.81 17.69 0
      vertex 5.60999 17.69 1.2
      vertex 7.81 17.69 1.2
    endloop
  endfacet
  facet normal 0 1 0
    outer loop
      vertex 5.60999 17.69 1.2
      vertex 7.81 17.69 0
      vertex 5.60999 17.69 0
    endloop
  endfacet
  facet normal -1 0 0
    outer loop
      vertex 5.60999 12.31 0
      vertex 5.60999 17.69 1.2
      vertex 5.60999 17.69 0
    endloop
  endfacet
  facet normal -1 -0 0
    outer loop
      vertex 5.60999 17.69 1.2
      vertex 5.60999 12.31 0
      vertex 5.60999 12.31 1.2
    endloop
  endfacet
  facet normal 0 -1 0
    outer loop
      vertex 5.60999 12.31 0
      vertex 7.81 12.31 1.2
      vertex 5.60999 12.31 1.2
    endloop
  endfacet
  facet normal 0 -1 -0
    outer loop
      vertex 7.81 12.31 1.2
      vertex 5.60999 12.31 0
      vertex 7.81 12.31 0
    endloop
  endfacet
  facet normal -1 0 0
    outer loop
      vertex 7.81 11.09 0
      vertex 7.81 12.31 1.2
      vertex 7.81 12.31 0
    endloop
  endfacet
  facet normal -1 -0 0
    outer loop
      vertex 7.81 12.31 1.2
      vertex 7.81 11.09 0
      vertex 7.81 11.09 1.2
    endloop
  endfacet
  facet normal 0 1 -0
    outer loop
      vertex 7.81 11.09 0
      vertex 2.19 11.09 1.2
      vertex 7.81 11.09 1.2
    endloop
  endfacet
  facet normal 0 1 0
    outer loop
      vertex 2.19 11.09 1.2
      vertex 7.81 11.09 0
      vertex 2.19 11.09 0
    endloop
  endfacet
  facet normal 1 -0 0
    outer loop
      vertex -7.81 1.09001 1.2
      vertex -7.81 8.90999 0
      vertex -7.81 8.90999 1.2
    endloop
  endfacet
  facet normal 1 0 0
    outer loop
      vertex -7.81 8.90999 0
      vertex -7.81 1.09001 1.2
      vertex -7.81 1.09001 0
    endloop
  endfacet
  facet normal 0 -1 0
    outer loop
      vertex -7.81 8.90999 0
      vertex -6.59 8.90999 1.2
      vertex -7.81 8.90999 1.2
    endloop
  endfacet
  facet normal 0 -1 -0
    outer loop
      vertex -6.59 8.90999 1.2
      vertex -7.81 8.90999 0
      vertex -6.59 8.90999 0
    endloop
  endfacet
  facet normal -1 0 0
    outer loop
      vertex -6.59 7.81 0
      vertex -6.59 8.90999 1.2
      vertex -6.59 8.90999 0
    endloop
  endfacet
  facet normal -1 -0 0
    outer loop
      vertex -6.59 8.90999 1.2
      vertex -6.59 7.81 0
      vertex -6.59 7.81 1.2
    endloop
  endfacet
  facet normal 0 -1 0
    outer loop
      vertex -6.59 7.81 0
      vertex -5.48999 7.81 1.2
      vertex -6.59 7.81 1.2
    endloop
  endfacet
  facet normal 0 -1 -0
    outer loop
      vertex -5.48999 7.81 1.2
      vertex -6.59 7.81 0
      vertex -5.48999 7.81 0
    endloop
  endfacet
  facet normal -1 0 0
    outer loop
      vertex -5.48999 6.70999 0
      vertex -5.48999 7.81 1.2
      vertex -5.48999 7.81 0
    endloop
  endfacet
  facet normal -1 -0 0
    outer loop
      vertex -5.48999 7.81 1.2
      vertex -5.48999 6.70999 0
      vertex -5.48999 6.70999 1.2
    endloop
  endfacet
  facet normal 0 -1 0
    outer loop
      vertex -5.48999 6.70999 0
      vertex -4.51001 6.70999 1.2
      vertex -5.48999 6.70999 1.2
    endloop
  endfacet
  facet normal 0 -1 -0
    outer loop
      vertex -4.51001 6.70999 1.2
      vertex -5.48999 6.70999 0
      vertex -4.51001 6.70999 0
    endloop
  endfacet
  facet normal 1 -0 0
    outer loop
      vertex -4.51001 6.70999 1.2
      vertex -4.51001 7.81 0
      vertex -4.51001 7.81 1.2
    endloop
  endfacet
  facet normal 1 0 0
    outer loop
      vertex -4.51001 7.81 0
      vertex -4.51001 6.70999 1.2
      vertex -4.51001 6.70999 0
    endloop
  endfacet
  facet normal 0 -1 0
    outer loop
      vertex -4.51001 7.81 0
      vertex -3.41 7.81 1.2
      vertex -4.51001 7.81 1.2
    endloop
  endfacet
  facet normal 0 -1 -0
    outer loop
      vertex -3.41 7.81 1.2
      vertex -4.51001 7.81 0
      vertex -3.41 7.81 0
    endloop
  endfacet
  facet normal 1 -0 0
    outer loop
      vertex -3.41 7.81 1.2
      vertex -3.41 8.90999 0
      vertex -3.41 8.90999 1.2
    endloop
  endfacet
  facet normal 1 0 0
    outer loop
      vertex -3.41 8.90999 0
      vertex -3.41 7.81 1.2
      vertex -3.41 7.81 0
    endloop
  endfacet
  facet normal 0 -1 0
    outer loop
      vertex -3.41 8.90999 0
      vertex -2.19 8.90999 1.2
      vertex -3.41 8.90999 1.2
    endloop
  endfacet
  facet normal 0 -1 -0
    outer loop
      vertex -2.19 8.90999 1.2
      vertex -3.41 8.90999 0
      vertex -2.19 8.90999 0
    endloop
  endfacet
  facet normal -1 0 0
    outer loop
      vertex -2.19 1.09001 0
      vertex -2.19 8.90999 1.2
      vertex -2.19 8.90999 0
    endloop
  endfacet
  facet normal -1 -0 0
    outer loop
      vertex -2.19 8.90999 1.2
      vertex -2.19 1.09001 0
      vertex -2.19 1.09001 1.2
    endloop
  endfacet
  facet normal 0 1 -0
    outer loop
      vertex -2.19 1.09001 0
      vertex -3.41 1.09001 1.2
      vertex -2.19 1.09001 1.2
    endloop
  endfacet
  facet normal 0 1 0
    outer loop
      vertex -3.41 1.09001 1.2
      vertex -2.19 1.09001 0
      vertex -3.41 1.09001 0
    endloop
  endfacet
  facet normal 1 -0 0
    outer loop
      vertex -3.41 1.09001 1.2
      vertex -3.41 6.59 0
      vertex -3.41 6.59 1.2
    endloop
  endfacet
  facet normal 1 0 0
    outer loop
      vertex -3.41 6.59 0
      vertex -3.41 1.09001 1.2
      vertex -3.41 1.09001 0
    endloop
  endfacet
  facet normal 0 1 -0
    outer loop
      vertex -3.41 6.59 0
      vertex -4.39001 6.59 1.2
      vertex -3.41 6.59 1.2
    endloop
  endfacet
  facet normal 0 1 0
    outer loop
      vertex -4.39001 6.59 1.2
      vertex -3.41 6.59 0
      vertex -4.39001 6.59 0
    endloop
  endfacet
  facet normal -1 0 0
    outer loop
      vertex -4.39001 4.39001 0
      vertex -4.39001 6.59 1.2
      vertex -4.39001 6.59 0
    endloop
  endfacet
  facet normal -1 -0 0
    outer loop
      vertex -4.39001 6.59 1.2
      vertex -4.39001 4.39001 0
      vertex -4.39001 4.39001 1.2
    endloop
  endfacet
  facet normal 0 1 -0
    outer loop
      vertex -4.39001 4.39001 0
      vertex -5.60999 4.39001 1.2
      vertex -4.39001 4.39001 1.2
    endloop
  endfacet
  facet normal 0 1 0
    outer loop
      vertex -5.60999 4.39001 1.2
      vertex -4.39001 4.39001 0
      vertex -5.60999 4.39001 0
    endloop
  endfacet
  facet normal 1 -0 0
    outer loop
      vertex -5.60999 4.39001 1.2
      vertex -5.60999 6.59 0
      vertex -5.60999 6.59 1.2
    endloop
  endfacet
  facet normal 1 0 0
    outer loop
      vertex -5.60999 6.59 0
      vertex -5.60999 4.39001 1.2
      vertex -5.60999 4.39001 0
    endloop
  endfacet
  facet normal 0 1 -0
    outer loop
      vertex -5.60999 6.59 0
      vertex -6.59 6.59 1.2
      vertex -5.60999 6.59 1.2
    endloop
  endfacet
  facet normal 0 1 0
    outer loop
      vertex -6.59 6.59 1.2
      vertex -5.60999 6.59 0
      vertex -6.59 6.59 0
    endloop
  endfacet
  facet normal -1 0 0
    outer loop
      vertex -6.59 1.09001 0
      vertex -6.59 6.59 1.2
      vertex -6.59 6.59 0
    endloop
  endfacet
  facet normal -1 -0 0
    outer loop
      vertex -6.59 6.59 1.2
      vertex -6.59 1.09001 0
      vertex -6.59 1.09001 1.2
    endloop
  endfacet
  facet normal 0 1 -0
    outer loop
      vertex -6.59 1.09001 0
      vertex -7.81 1.09001 1.2
      vertex -6.59 1.09001 1.2
    endloop
  endfacet
  facet normal 0 1 0
    outer loop
      vertex -7.81 1.09001 1.2
      vertex -6.59 1.09001 0
      vertex -7.81 1.09001 0
    endloop
  endfacet
  facet normal 1 -0 0
    outer loop
      vertex 13.29 1.09001 1.2
      vertex 13.29 2.19 0
      vertex 13.29 2.19 1.2
    endloop
  endfacet
  facet normal 1 0 0
    outer loop
      vertex 13.29 2.19 0
      vertex 13.29 1.09001 1.2
      vertex 13.29 1.09001 0
    endloop
  endfacet
  facet normal 0 1 -0
    outer loop
      vertex 13.29 2.19 0
      vertex 12.19 2.19 1.2
      vertex 13.29 2.19 1.2
    endloop
  endfacet
  facet normal 0 1 0
    outer loop
      vertex 12.19 2.19 1.2
      vertex 13.29 2.19 0
      vertex 12.19 2.19 0
    endloop
  endfacet
  facet normal 1 -0 0
    outer loop
      vertex 12.19 2.19 1.2
      vertex 12.19 5.60999 0
      vertex 12.19 5.60999 1.2
    endloop
  endfacet
  facet normal 1 0 0
    outer loop
      vertex 12.19 5.60999 0
      vertex 12.19 2.19 1.2
      vertex 12.19 2.19 0
    endloop
  endfacet
  facet normal 0 -1 0
    outer loop
      vertex 12.19 5.60999 0
      vertex 14.51 5.60999 1.2
      vertex 12.19 5.60999 1.2
    endloop
  endfacet
  facet normal 0 -1 -0
    outer loop
      vertex 14.51 5.60999 1.2
      vertex 12.19 5.60999 0
      vertex 14.51 5.60999 0
    endloop
  endfacet
  facet normal -1 0 0
    outer loop
      vertex 14.51 4.39001 0
      vertex 14.51 5.60999 1.2
      vertex 14.51 5.60999 0
    endloop
  endfacet
  facet normal -1 -0 0
    outer loop
      vertex 14.51 5.60999 1.2
      vertex 14.51 4.39001 0
      vertex 14.51 4.39001 1.2
    endloop
  endfacet
  facet normal 0 1 -0
    outer loop
      vertex 14.51 4.39001 0
      vertex 13.41 4.39001 1.2
      vertex 14.51 4.39001 1.2
    endloop
  endfacet
  facet normal 0 1 0
    outer loop
      vertex 13.41 4.39001 1.2
      vertex 14.51 4.39001 0
      vertex 13.41 4.39001 0
    endloop
  endfacet
  facet normal -1 0 0
    outer loop
      vertex 13.41 2.31001 0
      vertex 13.41 4.39001 1.2
      vertex 13.41 4.39001 0
    endloop
  endfacet
  facet normal -1 -0 0
    outer loop
      vertex 13.41 4.39001 1.2
      vertex 13.41 2.31001 0
      vertex 13.41 2.31001 1.2
    endloop
  endfacet
  facet normal 0 -1 0
    outer loop
      vertex 13.41 2.31001 0
      vertex 16.59 2.31001 1.2
      vertex 13.41 2.31001 1.2
    endloop
  endfacet
  facet normal 0 -1 -0
    outer loop
      vertex 16.59 2.31001 1.2
      vertex 13.41 2.31001 0
      vertex 16.59 2.31001 0
    endloop
  endfacet
  facet normal 1 -0 0
    outer loop
      vertex 16.59 2.31001 1.2
      vertex 16.59 7.68999 0
      vertex 16.59 7.68999 1.2
    endloop
  endfacet
  facet normal 1 0 0
    outer loop
      vertex 16.59 7.68999 0
      vertex 16.59 2.31001 1.2
      vertex 16.59 2.31001 0
    endloop
  endfacet
  facet normal 0 1 -0
    outer loop
      vertex 16.59 7.68999 0
      vertex 13.41 7.68999 1.2
      vertex 16.59 7.68999 1.2
    endloop
  endfacet
  facet normal 0 1 0
    outer loop
      vertex 13.41 7.68999 1.2
      vertex 16.59 7.68999 0
      vertex 13.41 7.68999 0
    endloop
  endfacet
  facet normal -1 0 0
    outer loop
      vertex 13.41 6.59 0
      vertex 13.41 7.68999 1.2
      vertex 13.41 7.68999 0
    endloop
  endfacet
  facet normal -1 -0 0
    outer loop
      vertex 13.41 7.68999 1.2
      vertex 13.41 6.59 0
      vertex 13.41 6.59 1.2
    endloop
  endfacet
  facet normal 0 1 -0
    outer loop
      vertex 13.41 6.59 0
      vertex 12.19 6.59 1.2
      vertex 13.41 6.59 1.2
    endloop
  endfacet
  facet normal 0 1 0
    outer loop
      vertex 12.19 6.59 1.2
      vertex 13.41 6.59 0
      vertex 12.19 6.59 0
    endloop
  endfacet
  facet normal 1 -0 0
    outer loop
      vertex 12.19 6.59 1.2
      vertex 12.19 7.81 0
      vertex 12.19 7.81 1.2
    endloop
  endfacet
  facet normal 1 0 0
    outer loop
      vertex 12.19 7.81 0
      vertex 12.19 6.59 1.2
      vertex 12.19 6.59 0
    endloop
  endfacet
  facet normal 0 -1 0
    outer loop
      vertex 12.19 7.81 0
      vertex 13.29 7.81 1.2
      vertex 12.19 7.81 1.2
    endloop
  endfacet
  facet normal 0 -1 -0
    outer loop
      vertex 13.29 7.81 1.2
      vertex 12.19 7.81 0
      vertex 13.29 7.81 0
    endloop
  endfacet
  facet normal 1 -0 0
    outer loop
      vertex 13.29 7.81 1.2
      vertex 13.29 8.90999 0
      vertex 13.29 8.90999 1.2
    endloop
  endfacet
  facet normal 1 0 0
    outer loop
      vertex 13.29 8.90999 0
      vertex 13.29 7.81 1.2
      vertex 13.29 7.81 0
    endloop
  endfacet
  facet normal 0 -1 0
    outer loop
      vertex 13.29 8.90999 0
      vertex 16.71 8.90999 1.2
      vertex 13.29 8.90999 1.2
    endloop
  endfacet
  facet normal 0 -1 -0
    outer loop
      vertex 16.71 8.90999 1.2
      vertex 13.29 8.90999 0
      vertex 16.71 8.90999 0
    endloop
  endfacet
  facet normal -1 0 0
    outer loop
      vertex 16.71 7.81 0
      vertex 16.71 8.90999 1.2
      vertex 16.71 8.90999 0
    endloop
  endfacet
  facet normal -1 -0 0
    outer loop
      vertex 16.71 8.90999 1.2
      vertex 16.71 7.81 0
      vertex 16.71 7.81 1.2
    endloop
  endfacet
  facet normal 0 -1 0
    outer loop
      vertex 16.71 7.81 0
      vertex 17.81 7.81 1.2
      vertex 16.71 7.81 1.2
    endloop
  endfacet
  facet normal 0 -1 -0
    outer loop
      vertex 17.81 7.81 1.2
      vertex 16.71 7.81 0
      vertex 17.81 7.81 0
    endloop
  endfacet
  facet normal -1 0 0
    outer loop
      vertex 17.81 2.19 0
      vertex 17.81 7.81 1.2
      vertex 17.81 7.81 0
    endloop
  endfacet
  facet normal -1 -0 0
    outer loop
      vertex 17.81 7.81 1.2
      vertex 17.81 2.19 0
      vertex 17.81 2.19 1.2
    endloop
  endfacet
  facet normal 0 1 -0
    outer loop
      vertex 17.81 2.19 0
      vertex 16.71 2.19 1.2
      vertex 17.81 2.19 1.2
    endloop
  endfacet
  facet normal 0 1 0
    outer loop
      vertex 16.71 2.19 1.2
      vertex 17.81 2.19 0
      vertex 16.71 2.19 0
    endloop
  endfacet
  facet normal -1 0 0
    outer loop
      vertex 16.71 1.09001 0
      vertex 16.71 2.19 1.2
      vertex 16.71 2.19 0
    endloop
  endfacet
  facet normal -1 -0 0
    outer loop
      vertex 16.71 2.19 1.2
      vertex 16.71 1.09001 0
      vertex 16.71 1.09001 1.2
    endloop
  endfacet
  facet normal 0 1 -0
    outer loop
      vertex 16.71 1.09001 0
      vertex 13.29 1.09001 1.2
      vertex 16.71 1.09001 1.2
    endloop
  endfacet
  facet normal 0 1 0
    outer loop
      vertex 13.29 1.09001 1.2
      vertex 16.71 1.09001 0
      vertex 13.29 1.09001 0
    endloop
  endfacet
  facet normal 1 -0 0
    outer loop
      vertex 2.19 1.09001 1.2
      vertex 2.19 7.81 0
      vertex 2.19 7.81 1.2
    endloop
  endfacet
  facet normal 1 0 0
    outer loop
      vertex 2.19 7.81 0
      vertex 2.19 1.09001 1.2
      vertex 2.19 1.09001 0
    endloop
  endfacet
  facet normal 0 -1 0
    outer loop
      vertex 2.19 7.81 0
      vertex 3.29001 7.81 1.2
      vertex 2.19 7.81 1.2
    endloop
  endfacet
  facet normal 0 -1 -0
    outer loop
      vertex 3.29001 7.81 1.2
      vertex 2.19 7.81 0
      vertex 3.29001 7.81 0
    endloop
  endfacet
  facet normal 1 -0 0
    outer loop
      vertex 3.29001 7.81 1.2
      vertex 3.29001 8.90999 0
      vertex 3.29001 8.90999 1.2
    endloop
  endfacet
  facet normal 1 0 0
    outer loop
      vertex 3.29001 8.90999 0
      vertex 3.29001 7.81 1.2
      vertex 3.29001 7.81 0
    endloop
  endfacet
  facet normal 0 -1 0
    outer loop
      vertex 3.29001 8.90999 0
      vertex 6.70999 8.90999 1.2
      vertex 3.29001 8.90999 1.2
    endloop
  endfacet
  facet normal 0 -1 -0
    outer loop
      vertex 6.70999 8.90999 1.2
      vertex 3.29001 8.90999 0
      vertex 6.70999 8.90999 0
    endloop
  endfacet
  facet normal -1 0 0
    outer loop
      vertex 6.70999 7.81 0
      vertex 6.70999 8.90999 1.2
      vertex 6.70999 8.90999 0
    endloop
  endfacet
  facet normal -1 -0 0
    outer loop
      vertex 6.70999 8.90999 1.2
      vertex 6.70999 7.81 0
      vertex 6.70999 7.81 1.2
    endloop
  endfacet
  facet normal 0 -1 0
    outer loop
      vertex 6.70999 7.81 0
      vertex 7.81 7.81 1.2
      vertex 6.70999 7.81 1.2
    endloop
  endfacet
  facet normal 0 -1 -0
    outer loop
      vertex 7.81 7.81 1.2
      vertex 6.70999 7.81 0
      vertex 7.81 7.81 0
    endloop
  endfacet
  facet normal -1 0 0
    outer loop
      vertex 7.81 1.09001 0
      vertex 7.81 7.81 1.2
      vertex 7.81 7.81 0
    endloop
  endfacet
  facet normal -1 -0 0
    outer loop
      vertex 7.81 7.81 1.2
      vertex 7.81 1.09001 0
      vertex 7.81 1.09001 1.2
    endloop
  endfacet
  facet normal 0 1 -0
    outer loop
      vertex 7.81 1.09001 0
      vertex 6.59 1.09001 1.2
      vertex 7.81 1.09001 1.2
    endloop
  endfacet
  facet normal 0 1 0
    outer loop
      vertex 6.59 1.09001 1.2
      vertex 7.81 1.09001 0
      vertex 6.59 1.09001 0
    endloop
  endfacet
  facet normal 1 -0 0
    outer loop
      vertex 6.59 1.09001 1.2
      vertex 6.59 4.39001 0
      vertex 6.59 4.39001 1.2
    endloop
  endfacet
  facet normal 1 0 0
    outer loop
      vertex 6.59 4.39001 0
      vertex 6.59 1.09001 1.2
      vertex 6.59 1.09001 0
    endloop
  endfacet
  facet normal 0 1 -0
    outer loop
      vertex 6.59 4.39001 0
      vertex 5.48999 4.39001 1.2
      vertex 6.59 4.39001 1.2
    endloop
  endfacet
  facet normal 0 1 0
    outer loop
      vertex 5.48999 4.39001 1.2
      vertex 6.59 4.39001 0
      vertex 5.48999 4.39001 0
    endloop
  endfacet
  facet normal 1 -0 0
    outer loop
      vertex 5.48999 4.39001 1.2
      vertex 5.48999 5.60999 0
      vertex 5.48999 5.60999 1.2
    endloop
  endfacet
  facet normal 1 0 0
    outer loop
      vertex 5.48999 5.60999 0
      vertex 5.48999 4.39001 1.2
      vertex 5.48999 4.39001 0
    endloop
  endfacet
  facet normal 0 -1 0
    outer loop
      vertex 5.48999 5.60999 0
      vertex 6.59 5.60999 1.2
      vertex 5.48999 5.60999 1.2
    endloop
  endfacet
  facet normal 0 -1 -0
    outer loop
      vertex 6.59 5.60999 1.2
      vertex 5.48999 5.60999 0
      vertex 6.59 5.60999 0
    endloop
  endfacet
  facet normal 1 -0 0
    outer loop
      vertex 6.59 5.60999 1.2
      vertex 6.59 7.68999 0
      vertex 6.59 7.68999 1.2
    endloop
  endfacet
  facet normal 1 0 0
    outer loop
      vertex 6.59 7.68999 0
      vertex 6.59 5.60999 1.2
      vertex 6.59 5.60999 0
    endloop
  endfacet
  facet normal 0 1 -0
    outer loop
      vertex 6.59 7.68999 0
      vertex 3.41 7.68999 1.2
      vertex 6.59 7.68999 1.2
    endloop
  endfacet
  facet normal 0 1 0
    outer loop
      vertex 3.41 7.68999 1.2
      vertex 6.59 7.68999 0
      vertex 3.41 7.68999 0
    endloop
  endfacet
  facet normal -1 0 0
    outer loop
      vertex 3.41 5.60999 0
      vertex 3.41 7.68999 1.2
      vertex 3.41 7.68999 0
    endloop
  endfacet
  facet normal -1 -0 0
    outer loop
      vertex 3.41 7.68999 1.2
      vertex 3.41 5.60999 0
      vertex 3.41 5.60999 1.2
    endloop
  endfacet
  facet normal 0 -1 0
    outer loop
      vertex 3.41 5.60999 0
      vertex 4.51001 5.60999 1.2
      vertex 3.41 5.60999 1.2
    endloop
  endfacet
  facet normal 0 -1 -0
    outer loop
      vertex 4.51001 5.60999 1.2
      vertex 3.41 5.60999 0
      vertex 4.51001 5.60999 0
    endloop
  endfacet
  facet normal -1 0 0
    outer loop
      vertex 4.51001 4.39001 0
      vertex 4.51001 5.60999 1.2
      vertex 4.51001 5.60999 0
    endloop
  endfacet
  facet normal -1 -0 0
    outer loop
      vertex 4.51001 5.60999 1.2
      vertex 4.51001 4.39001 0
      vertex 4.51001 4.39001 1.2
    endloop
  endfacet
  facet normal 0 1 -0
    outer loop
      vertex 4.51001 4.39001 0
      vertex 3.41 4.39001 1.2
      vertex 4.51001 4.39001 1.2
    endloop
  endfacet
  facet normal 0 1 0
    outer loop
      vertex 3.41 4.39001 1.2
      vertex 4.51001 4.39001 0
      vertex 3.41 4.39001 0
    endloop
  endfacet
  facet normal -1 0 0
    outer loop
      vertex 3.41 1.09001 0
      vertex 3.41 4.39001 1.2
      vertex 3.41 4.39001 0
    endloop
  endfacet
  facet normal -1 -0 0
    outer loop
      vertex 3.41 4.39001 1.2
      vertex 3.41 1.09001 0
      vertex 3.41 1.09001 1.2
    endloop
  endfacet
  facet normal 0 1 -0
    outer loop
      vertex 3.41 1.09001 0
      vertex 2.19 1.09001 1.2
      vertex 3.41 1.09001 1.2
    endloop
  endfacet
  facet normal 0 1 0
    outer loop
      vertex 2.19 1.09001 1.2
      vertex 3.41 1.09001 0
      vertex 2.19 1.09001 0
    endloop
  endfacet
  facet normal 1 -0 0
    outer loop
      vertex -17.81 1.09001 1.2
      vertex -17.81 2.31001 0
      vertex -17.81 2.31001 1.2
    endloop
  endfacet
  facet normal 1 0 0
    outer loop
      vertex -17.81 2.31001 0
      vertex -17.81 1.09001 1.2
      vertex -17.81 1.09001 0
    endloop
  endfacet
  facet normal 0 -1 0
    outer loop
      vertex -17.81 2.31001 0
      vertex -13.41 2.31001 1.2
      vertex -17.81 2.31001 1.2
    endloop
  endfacet
  facet normal 0 -1 -0
    outer loop
      vertex -13.41 2.31001 1.2
      vertex -17.81 2.31001 0
      vertex -13.41 2.31001 0
    endloop
  endfacet
  facet normal 1 -0 0
    outer loop
      vertex -13.41 2.31001 1.2
      vertex -13.41 4.39001 0
      vertex -13.41 4.39001 1.2
    endloop
  endfacet
  facet normal 1 0 0
    outer loop
      vertex -13.41 4.39001 0
      vertex -13.41 2.31001 1.2
      vertex -13.41 2.31001 0
    endloop
  endfacet
  facet normal 0 1 -0
    outer loop
      vertex -13.41 4.39001 0
      vertex -16.71 4.39001 1.2
      vertex -13.41 4.39001 1.2
    endloop
  endfacet
  facet normal 0 1 0
    outer loop
      vertex -16.71 4.39001 1.2
      vertex -13.41 4.39001 0
      vertex -16.71 4.39001 0
    endloop
  endfacet
  facet normal 1 -0 0
    outer loop
      vertex -16.71 4.39001 1.2
      vertex -16.71 5.60999 0
      vertex -16.71 5.60999 1.2
    endloop
  endfacet
  facet normal 1 0 0
    outer loop
      vertex -16.71 5.60999 0
      vertex -16.71 4.39001 1.2
      vertex -16.71 4.39001 0
    endloop
  endfacet
  facet normal 0 -1 0
    outer loop
      vertex -16.71 5.60999 0
      vertex -13.41 5.60999 1.2
      vertex -16.71 5.60999 1.2
    endloop
  endfacet
  facet normal 0 -1 -0
    outer loop
      vertex -13.41 5.60999 1.2
      vertex -16.71 5.60999 0
      vertex -13.41 5.60999 0
    endloop
  endfacet
  facet normal 1 -0 0
    outer loop
      vertex -13.41 5.60999 1.2
      vertex -13.41 7.68999 0
      vertex -13.41 7.68999 1.2
    endloop
  endfacet
  facet normal 1 0 0
    outer loop
      vertex -13.41 7.68999 0
      vertex -13.41 5.60999 1.2
      vertex -13.41 5.60999 0
    endloop
  endfacet
  facet normal 0 1 -0
    outer loop
      vertex -13.41 7.68999 0
      vertex -17.81 7.68999 1.2
      vertex -13.41 7.68999 1.2
    endloop
  endfacet
  facet normal 0 1 0
    outer loop
      vertex -17.81 7.68999 1.2
      vertex -13.41 7.68999 0
      vertex -17.81 7.68999 0
    endloop
  endfacet
  facet normal 1 -0 0
    outer loop
      vertex -17.81 7.68999 1.2
      vertex -17.81 8.90999 0
      vertex -17.81 8.90999 1.2
    endloop
  endfacet
  facet normal 1 0 0
    outer loop
      vertex -17.81 8.90999 0
      vertex -17.81 7.68999 1.2
      vertex -17.81 7.68999 0
    endloop
  endfacet
  facet normal 0 -1 0
    outer loop
      vertex -17.81 8.90999 0
      vertex -12.19 8.90999 1.2
      vertex -17.81 8.90999 1.2
    endloop
  endfacet
  facet normal 0 -1 -0
    outer loop
      vertex -12.19 8.90999 1.2
      vertex -17.81 8.90999 0
      vertex -12.19 8.90999 0
    endloop
  endfacet
  facet normal -1 0 0
    outer loop
      vertex -12.19 1.09001 0
      vertex -12.19 8.90999 1.2
      vertex -12.19 8.90999 0
    endloop
  endfacet
  facet normal -1 -0 0
    outer loop
      vertex -12.19 8.90999 1.2
      vertex -12.19 1.09001 0
      vertex -12.19 1.09001 1.2
    endloop
  endfacet
  facet normal 0 1 -0
    outer loop
      vertex -12.19 1.09001 0
      vertex -17.81 1.09001 1.2
      vertex -12.19 1.09001 1.2
    endloop
  endfacet
  facet normal 0 1 0
    outer loop
      vertex -17.81 1.09001 1.2
      vertex -12.19 1.09001 0
      vertex -17.81 1.09001 0
    endloop
  endfacet
  facet normal 1 -0 0
    outer loop
      vertex 13.29 -8.90999 1.2
      vertex 13.29 -7.81 0
      vertex 13.29 -7.81 1.2
    endloop
  endfacet
  facet normal 1 0 0
    outer loop
      vertex 13.29 -7.81 0
      vertex 13.29 -8.90999 1.2
      vertex 13.29 -8.90999 0
    endloop
  endfacet
  facet normal 0 1 -0
    outer loop
      vertex 13.29 -7.81 0
      vertex 12.19 -7.81 1.2
      vertex 13.29 -7.81 1.2
    endloop
  endfacet
  facet normal 0 1 0
    outer loop
      vertex 12.19 -7.81 1.2
      vertex 13.29 -7.81 0
      vertex 12.19 -7.81 0
    endloop
  endfacet
  facet normal 1 -0 0
    outer loop
      vertex 12.19 -7.81 1.2
      vertex 12.19 -2.19 0
      vertex 12.19 -2.19 1.2
    endloop
  endfacet
  facet normal 1 0 0
    outer loop
      vertex 12.19 -2.19 0
      vertex 12.19 -7.81 1.2
      vertex 12.19 -7.81 0
    endloop
  endfacet
  facet normal 0 -1 0
    outer loop
      vertex 12.19 -2.19 0
      vertex 13.29 -2.19 1.2
      vertex 12.19 -2.19 1.2
    endloop
  endfacet
  facet normal 0 -1 -0
    outer loop
      vertex 13.29 -2.19 1.2
      vertex 12.19 -2.19 0
      vertex 13.29 -2.19 0
    endloop
  endfacet
  facet normal 1 -0 0
    outer loop
      vertex 13.29 -2.19 1.2
      vertex 13.29 -1.09001 0
      vertex 13.29 -1.09001 1.2
    endloop
  endfacet
  facet normal 1 0 0
    outer loop
      vertex 13.29 -1.09001 0
      vertex 13.29 -2.19 1.2
      vertex 13.29 -2.19 0
    endloop
  endfacet
  facet normal 0 -1 0
    outer loop
      vertex 13.29 -1.09001 0
      vertex 16.71 -1.09001 1.2
      vertex 13.29 -1.09001 1.2
    endloop
  endfacet
  facet normal 0 -1 -0
    outer loop
      vertex 16.71 -1.09001 1.2
      vertex 13.29 -1.09001 0
      vertex 16.71 -1.09001 0
    endloop
  endfacet
  facet normal -1 0 0
    outer loop
      vertex 16.71 -2.19 0
      vertex 16.71 -1.09001 1.2
      vertex 16.71 -1.09001 0
    endloop
  endfacet
  facet normal -1 -0 0
    outer loop
      vertex 16.71 -1.09001 1.2
      vertex 16.71 -2.19 0
      vertex 16.71 -2.19 1.2
    endloop
  endfacet
  facet normal 0 -1 0
    outer loop
      vertex 16.71 -2.19 0
      vertex 17.81 -2.19 1.2
      vertex 16.71 -2.19 1.2
    endloop
  endfacet
  facet normal 0 -1 -0
    outer loop
      vertex 17.81 -2.19 1.2
      vertex 16.71 -2.19 0
      vertex 17.81 -2.19 0
    endloop
  endfacet
  facet normal -1 0 0
    outer loop
      vertex 17.81 -4.51001 0
      vertex 17.81 -2.19 1.2
      vertex 17.81 -2.19 0
    endloop
  endfacet
  facet normal -1 -0 0
    outer loop
      vertex 17.81 -2.19 1.2
      vertex 17.81 -4.51001 0
      vertex 17.81 -4.51001 1.2
    endloop
  endfacet
  facet normal 0 1 -0
    outer loop
      vertex 17.81 -4.51001 0
      vertex 16.59 -4.51001 1.2
      vertex 17.81 -4.51001 1.2
    endloop
  endfacet
  facet normal 0 1 0
    outer loop
      vertex 16.59 -4.51001 1.2
      vertex 17.81 -4.51001 0
      vertex 16.59 -4.51001 0
    endloop
  endfacet
  facet normal 1 -0 0
    outer loop
      vertex 16.59 -4.51001 1.2
      vertex 16.59 -2.31001 0
      vertex 16.59 -2.31001 1.2
    endloop
  endfacet
  facet normal 1 0 0
    outer loop
      vertex 16.59 -2.31001 0
      vertex 16.59 -4.51001 1.2
      vertex 16.59 -4.51001 0
    endloop
  endfacet
  facet normal 0 1 -0
    outer loop
      vertex 16.59 -2.31001 0
      vertex 13.41 -2.31001 1.2
      vertex 16.59 -2.31001 1.2
    endloop
  endfacet
  facet normal 0 1 0
    outer loop
      vertex 13.41 -2.31001 1.2
      vertex 16.59 -2.31001 0
      vertex 13.41 -2.31001 0
    endloop
  endfacet
  facet normal -1 0 0
    outer loop
      vertex 13.41 -7.68999 0
      vertex 13.41 -2.31001 1.2
      vertex 13.41 -2.31001 0
    endloop
  endfacet
  facet normal -1 -0 0
    outer loop
      vertex 13.41 -2.31001 1.2
      vertex 13.41 -7.68999 0
      vertex 13.41 -7.68999 1.2
    endloop
  endfacet
  facet normal 0 -1 0
    outer loop
      vertex 13.41 -7.68999 0
      vertex 16.59 -7.68999 1.2
      vertex 13.41 -7.68999 1.2
    endloop
  endfacet
  facet normal 0 -1 -0
    outer loop
      vertex 16.59 -7.68999 1.2
      vertex 13.41 -7.68999 0
      vertex 16.59 -7.68999 0
    endloop
  endfacet
  facet normal 1 -0 0
    outer loop
      vertex 16.59 -7.68999 1.2
      vertex 16.59 -5.48999 0
      vertex 16.59 -5.48999 1.2
    endloop
  endfacet
  facet normal 1 0 0
    outer loop
      vertex 16.59 -5.48999 0
      vertex 16.59 -7.68999 1.2
      vertex 16.59 -7.68999 0
    endloop
  endfacet
  facet normal 0 -1 0
    outer loop
      vertex 16.59 -5.48999 0
      vertex 17.81 -5.48999 1.2
      vertex 16.59 -5.48999 1.2
    endloop
  endfacet
  facet normal 0 -1 -0
    outer loop
      vertex 17.81 -5.48999 1.2
      vertex 16.59 -5.48999 0
      vertex 17.81 -5.48999 0
    endloop
  endfacet
  facet normal -1 0 0
    outer loop
      vertex 17.81 -7.81 0
      vertex 17.81 -5.48999 1.2
      vertex 17.81 -5.48999 0
    endloop
  endfacet
  facet normal -1 -0 0
    outer loop
      vertex 17.81 -5.48999 1.2
      vertex 17.81 -7.81 0
      vertex 17.81 -7.81 1.2
    endloop
  endfacet
  facet normal 0 1 -0
    outer loop
      vertex 17.81 -7.81 0
      vertex 16.71 -7.81 1.2
      vertex 17.81 -7.81 1.2
    endloop
  endfacet
  facet normal 0 1 0
    outer loop
      vertex 16.71 -7.81 1.2
      vertex 17.81 -7.81 0
      vertex 16.71 -7.81 0
    endloop
  endfacet
  facet normal -1 0 0
    outer loop
      vertex 16.71 -8.90999 0
      vertex 16.71 -7.81 1.2
      vertex 16.71 -7.81 0
    endloop
  endfacet
  facet normal -1 -0 0
    outer loop
      vertex 16.71 -7.81 1.2
      vertex 16.71 -8.90999 0
      vertex 16.71 -8.90999 1.2
    endloop
  endfacet
  facet normal 0 1 -0
    outer loop
      vertex 16.71 -8.90999 0
      vertex 13.29 -8.90999 1.2
      vertex 16.71 -8.90999 1.2
    endloop
  endfacet
  facet normal 0 1 0
    outer loop
      vertex 13.29 -8.90999 1.2
      vertex 16.71 -8.90999 0
      vertex 13.29 -8.90999 0
    endloop
  endfacet
  facet normal 1 -0 0
    outer loop
      vertex -17.81 -8.90999 1.2
      vertex -17.81 -7.68999 0
      vertex -17.81 -7.68999 1.2
    endloop
  endfacet
  facet normal 1 0 0
    outer loop
      vertex -17.81 -7.68999 0
      vertex -17.81 -8.90999 1.2
      vertex -17.81 -8.90999 0
    endloop
  endfacet
  facet normal 0 -1 0
    outer loop
      vertex -17.81 -7.68999 0
      vertex -16.71 -7.68999 1.2
      vertex -17.81 -7.68999 1.2
    endloop
  endfacet
  facet normal 0 -1 -0
    outer loop
      vertex -16.71 -7.68999 1.2
      vertex -17.81 -7.68999 0
      vertex -16.71 -7.68999 0
    endloop
  endfacet
  facet normal 1 -0 0
    outer loop
      vertex -16.71 -7.68999 1.2
      vertex -16.71 -6.59 0
      vertex -16.71 -6.59 1.2
    endloop
  endfacet
  facet normal 1 0 0
    outer loop
      vertex -16.71 -6.59 0
      vertex -16.71 -7.68999 1.2
      vertex -16.71 -7.68999 0
    endloop
  endfacet
  facet normal 0 -1 0
    outer loop
      vertex -16.71 -6.59 0
      vertex -15.61 -6.59 1.2
      vertex -16.71 -6.59 1.2
    endloop
  endfacet
  facet normal 0 -1 -0
    outer loop
      vertex -15.61 -6.59 1.2
      vertex -16.71 -6.59 0
      vertex -15.61 -6.59 0
    endloop
  endfacet
  facet normal 1 -0 0
    outer loop
      vertex -15.61 -6.59 1.2
      vertex -15.61 -5.60999 0
      vertex -15.61 -5.60999 1.2
    endloop
  endfacet
  facet normal 1 0 0
    outer loop
      vertex -15.61 -5.60999 0
      vertex -15.61 -6.59 1.2
      vertex -15.61 -6.59 0
    endloop
  endfacet
  facet normal 0 1 -0
    outer loop
      vertex -15.61 -5.60999 0
      vertex -16.71 -5.60999 1.2
      vertex -15.61 -5.60999 1.2
    endloop
  endfacet
  facet normal 0 1 0
    outer loop
      vertex -16.71 -5.60999 1.2
      vertex -15.61 -5.60999 0
      vertex -16.71 -5.60999 0
    endloop
  endfacet
  facet normal 1 -0 0
    outer loop
      vertex -16.71 -5.60999 1.2
      vertex -16.71 -4.51001 0
      vertex -16.71 -4.51001 1.2
    endloop
  endfacet
  facet normal 1 0 0
    outer loop
      vertex -16.71 -4.51001 0
      vertex -16.71 -5.60999 1.2
      vertex -16.71 -5.60999 0
    endloop
  endfacet
  facet normal 0 1 -0
    outer loop
      vertex -16.71 -4.51001 0
      vertex -17.81 -4.51001 1.2
      vertex -16.71 -4.51001 1.2
    endloop
  endfacet
  facet normal 0 1 0
    outer loop
      vertex -17.81 -4.51001 1.2
      vertex -16.71 -4.51001 0
      vertex -17.81 -4.51001 0
    endloop
  endfacet
  facet normal 1 -0 0
    outer loop
      vertex -17.81 -4.51001 1.2
      vertex -17.81 -2.19 0
      vertex -17.81 -2.19 1.2
    endloop
  endfacet
  facet normal 1 0 0
    outer loop
      vertex -17.81 -2.19 0
      vertex -17.81 -4.51001 1.2
      vertex -17.81 -4.51001 0
    endloop
  endfacet
  facet normal 0 -1 0
    outer loop
      vertex -17.81 -2.19 0
      vertex -16.71 -2.19 1.2
      vertex -17.81 -2.19 1.2
    endloop
  endfacet
  facet normal 0 -1 -0
    outer loop
      vertex -16.71 -2.19 1.2
      vertex -17.81 -2.19 0
      vertex -16.71 -2.19 0
    endloop
  endfacet
  facet normal 1 -0 0
    outer loop
      vertex -16.71 -2.19 1.2
      vertex -16.71 -1.09001 0
      vertex -16.71 -1.09001 1.2
    endloop
  endfacet
  facet normal 1 0 0
    outer loop
      vertex -16.71 -1.09001 0
      vertex -16.71 -2.19 1.2
      vertex -16.71 -2.19 0
    endloop
  endfacet
  facet normal 0 -1 0
    outer loop
      vertex -16.71 -1.09001 0
      vertex -12.19 -1.09001 1.2
      vertex -16.71 -1.09001 1.2
    endloop
  endfacet
  facet normal 0 -1 -0
    outer loop
      vertex -12.19 -1.09001 1.2
      vertex -16.71 -1.09001 0
      vertex -12.19 -1.09001 0
    endloop
  endfacet
  facet normal -1 0 0
    outer loop
      vertex -12.19 -3.41 0
      vertex -12.19 -1.09001 1.2
      vertex -12.19 -1.09001 0
    endloop
  endfacet
  facet normal -1 -0 0
    outer loop
      vertex -12.19 -1.09001 1.2
      vertex -12.19 -3.41 0
      vertex -12.19 -3.41 1.2
    endloop
  endfacet
  facet normal 0 1 -0
    outer loop
      vertex -12.19 -3.41 0
      vertex -13.41 -3.41 1.2
      vertex -12.19 -3.41 1.2
    endloop
  endfacet
  facet normal 0 1 0
    outer loop
      vertex -13.41 -3.41 1.2
      vertex -12.19 -3.41 0
      vertex -13.41 -3.41 0
    endloop
  endfacet
  facet normal 1 -0 0
    outer loop
      vertex -13.41 -3.41 1.2
      vertex -13.41 -2.31001 0
      vertex -13.41 -2.31001 1.2
    endloop
  endfacet
  facet normal 1 0 0
    outer loop
      vertex -13.41 -2.31001 0
      vertex -13.41 -3.41 1.2
      vertex -13.41 -3.41 0
    endloop
  endfacet
  facet normal 0 1 -0
    outer loop
      vertex -13.41 -2.31001 0
      vertex -16.59 -2.31001 1.2
      vertex -13.41 -2.31001 1.2
    endloop
  endfacet
  facet normal 0 1 0
    outer loop
      vertex -16.59 -2.31001 1.2
      vertex -13.41 -2.31001 0
      vertex -16.59 -2.31001 0
    endloop
  endfacet
  facet normal -1 0 0
    outer loop
      vertex -16.59 -4.39001 0
      vertex -16.59 -2.31001 1.2
      vertex -16.59 -2.31001 0
    endloop
  endfacet
  facet normal -1 -0 0
    outer loop
      vertex -16.59 -2.31001 1.2
      vertex -16.59 -4.39001 0
      vertex -16.59 -4.39001 1.2
    endloop
  endfacet
  facet normal 0 -1 0
    outer loop
      vertex -16.59 -4.39001 0
      vertex -12.19 -4.39001 1.2
      vertex -16.59 -4.39001 1.2
    endloop
  endfacet
  facet normal 0 -1 -0
    outer loop
      vertex -12.19 -4.39001 1.2
      vertex -16.59 -4.39001 0
      vertex -12.19 -4.39001 0
    endloop
  endfacet
  facet normal -1 0 0
    outer loop
      vertex -12.19 -8.90999 0
      vertex -12.19 -4.39001 1.2
      vertex -12.19 -4.39001 0
    endloop
  endfacet
  facet normal -1 -0 0
    outer loop
      vertex -12.19 -4.39001 1.2
      vertex -12.19 -8.90999 0
      vertex -12.19 -8.90999 1.2
    endloop
  endfacet
  facet normal 0 1 -0
    outer loop
      vertex -12.19 -8.90999 0
      vertex -13.41 -8.90999 1.2
      vertex -12.19 -8.90999 1.2
    endloop
  endfacet
  facet normal 0 1 0
    outer loop
      vertex -13.41 -8.90999 1.2
      vertex -12.19 -8.90999 0
      vertex -13.41 -8.90999 0
    endloop
  endfacet
  facet normal 1 -0 0
    outer loop
      vertex -13.41 -8.90999 1.2
      vertex -13.41 -5.60999 0
      vertex -13.41 -5.60999 1.2
    endloop
  endfacet
  facet normal 1 0 0
    outer loop
      vertex -13.41 -5.60999 0
      vertex -13.41 -8.90999 1.2
      vertex -13.41 -8.90999 0
    endloop
  endfacet
  facet normal 0 1 -0
    outer loop
      vertex -13.41 -5.60999 0
      vertex -14.39 -5.60999 1.2
      vertex -13.41 -5.60999 1.2
    endloop
  endfacet
  facet normal 0 1 0
    outer loop
      vertex -14.39 -5.60999 1.2
      vertex -13.41 -5.60999 0
      vertex -14.39 -5.60999 0
    endloop
  endfacet
  facet normal -1 0 0
    outer loop
      vertex -14.39 -6.70999 0
      vertex -14.39 -5.60999 1.2
      vertex -14.39 -5.60999 0
    endloop
  endfacet
  facet normal -1 -0 0
    outer loop
      vertex -14.39 -5.60999 1.2
      vertex -14.39 -6.70999 0
      vertex -14.39 -6.70999 1.2
    endloop
  endfacet
  facet normal 0 1 -0
    outer loop
      vertex -14.39 -6.70999 0
      vertex -15.49 -6.70999 1.2
      vertex -14.39 -6.70999 1.2
    endloop
  endfacet
  facet normal 0 1 0
    outer loop
      vertex -15.49 -6.70999 1.2
      vertex -14.39 -6.70999 0
      vertex -15.49 -6.70999 0
    endloop
  endfacet
  facet normal -1 0 0
    outer loop
      vertex -15.49 -7.81 0
      vertex -15.49 -6.70999 1.2
      vertex -15.49 -6.70999 0
    endloop
  endfacet
  facet normal -1 -0 0
    outer loop
      vertex -15.49 -6.70999 1.2
      vertex -15.49 -7.81 0
      vertex -15.49 -7.81 1.2
    endloop
  endfacet
  facet normal 0 1 -0
    outer loop
      vertex -15.49 -7.81 0
      vertex -16.59 -7.81 1.2
      vertex -15.49 -7.81 1.2
    endloop
  endfacet
  facet normal 0 1 0
    outer loop
      vertex -16.59 -7.81 1.2
      vertex -15.49 -7.81 0
      vertex -16.59 -7.81 0
    endloop
  endfacet
  facet normal -1 0 0
    outer loop
      vertex -16.59 -8.90999 0
      vertex -16.59 -7.81 1.2
      vertex -16.59 -7.81 0
    endloop
  endfacet
  facet normal -1 -0 0
    outer loop
      vertex -16.59 -7.81 1.2
      vertex -16.59 -8.90999 0
      vertex -16.59 -8.90999 1.2
    endloop
  endfacet
  facet normal 0 1 -0
    outer loop
      vertex -16.59 -8.90999 0
      vertex -17.81 -8.90999 1.2
      vertex -16.59 -8.90999 1.2
    endloop
  endfacet
  facet normal 0 1 0
    outer loop
      vertex -17.81 -8.90999 1.2
      vertex -16.59 -8.90999 0
      vertex -17.81 -8.90999 0
    endloop
  endfacet
  facet normal 1 -0 0
    outer loop
      vertex -7.81 -8.90999 1.2
      vertex -7.81 -7.68999 0
      vertex -7.81 -7.68999 1.2
    endloop
  endfacet
  facet normal 1 0 0
    outer loop
      vertex -7.81 -7.68999 0
      vertex -7.81 -8.90999 1.2
      vertex -7.81 -8.90999 0
    endloop
  endfacet
  facet normal 0 -1 0
    outer loop
      vertex -7.81 -7.68999 0
      vertex -3.41 -7.68999 1.2
      vertex -7.81 -7.68999 1.2
    endloop
  endfacet
  facet normal 0 -1 -0
    outer loop
      vertex -3.41 -7.68999 1.2
      vertex -7.81 -7.68999 0
      vertex -3.41 -7.68999 0
    endloop
  endfacet
  facet normal 1 -0 0
    outer loop
      vertex -3.41 -7.68999 1.2
      vertex -3.41 -5.60999 0
      vertex -3.41 -5.60999 1.2
    endloop
  endfacet
  facet normal 1 0 0
    outer loop
      vertex -3.41 -5.60999 0
      vertex -3.41 -7.68999 1.2
      vertex -3.41 -7.68999 0
    endloop
  endfacet
  facet normal 0 1 -0
    outer loop
      vertex -3.41 -5.60999 0
      vertex -6.70999 -5.60999 1.2
      vertex -3.41 -5.60999 1.2
    endloop
  endfacet
  facet normal 0 1 0
    outer loop
      vertex -6.70999 -5.60999 1.2
      vertex -3.41 -5.60999 0
      vertex -6.70999 -5.60999 0
    endloop
  endfacet
  facet normal 1 -0 0
    outer loop
      vertex -6.70999 -5.60999 1.2
      vertex -6.70999 -4.39001 0
      vertex -6.70999 -4.39001 1.2
    endloop
  endfacet
  facet normal 1 0 0
    outer loop
      vertex -6.70999 -4.39001 0
      vertex -6.70999 -5.60999 1.2
      vertex -6.70999 -5.60999 0
    endloop
  endfacet
  facet normal 0 -1 0
    outer loop
      vertex -6.70999 -4.39001 0
      vertex -3.41 -4.39001 1.2
      vertex -6.70999 -4.39001 1.2
    endloop
  endfacet
  facet normal 0 -1 -0
    outer loop
      vertex -3.41 -4.39001 1.2
      vertex -6.70999 -4.39001 0
      vertex -3.41 -4.39001 0
    endloop
  endfacet
  facet normal 1 -0 0
    outer loop
      vertex -3.41 -4.39001 1.2
      vertex -3.41 -2.31001 0
      vertex -3.41 -2.31001 1.2
    endloop
  endfacet
  facet normal 1 0 0
    outer loop
      vertex -3.41 -2.31001 0
      vertex -3.41 -4.39001 1.2
      vertex -3.41 -4.39001 0
    endloop
  endfacet
  facet normal 0 1 -0
    outer loop
      vertex -3.41 -2.31001 0
      vertex -7.81 -2.31001 1.2
      vertex -3.41 -2.31001 1.2
    endloop
  endfacet
  facet normal 0 1 0
    outer loop
      vertex -7.81 -2.31001 1.2
      vertex -3.41 -2.31001 0
      vertex -7.81 -2.31001 0
    endloop
  endfacet
  facet normal 1 -0 0
    outer loop
      vertex -7.81 -2.31001 1.2
      vertex -7.81 -1.09001 0
      vertex -7.81 -1.09001 1.2
    endloop
  endfacet
  facet normal 1 0 0
    outer loop
      vertex -7.81 -1.09001 0
      vertex -7.81 -2.31001 1.2
      vertex -7.81 -2.31001 0
    endloop
  endfacet
  facet normal 0 -1 0
    outer loop
      vertex -7.81 -1.09001 0
      vertex -2.19 -1.09001 1.2
      vertex -7.81 -1.09001 1.2
    endloop
  endfacet
  facet normal 0 -1 -0
    outer loop
      vertex -2.19 -1.09001 1.2
      vertex -7.81 -1.09001 0
      vertex -2.19 -1.09001 0
    endloop
  endfacet
  facet normal -1 0 0
    outer loop
      vertex -2.19 -8.90999 0
      vertex -2.19 -1.09001 1.2
      vertex -2.19 -1.09001 0
    endloop
  endfacet
  facet normal -1 -0 0
    outer loop
      vertex -2.19 -1.09001 1.2
      vertex -2.19 -8.90999 0
      vertex -2.19 -8.90999 1.2
    endloop
  endfacet
  facet normal 0 1 -0
    outer loop
      vertex -2.19 -8.90999 0
      vertex -7.81 -8.90999 1.2
      vertex -2.19 -8.90999 1.2
    endloop
  endfacet
  facet normal 0 1 0
    outer loop
      vertex -7.81 -8.90999 1.2
      vertex -2.19 -8.90999 0
      vertex -7.81 -8.90999 0
    endloop
  endfacet
  facet normal 1 -0 0
    outer loop
      vertex 4.39001 -8.90999 1.2
      vertex 4.39001 -7.81 0
      vertex 4.39001 -7.81 1.2
    endloop
  endfacet
  facet normal 1 0 0
    outer loop
      vertex 4.39001 -7.81 0
      vertex 4.39001 -8.90999 1.2
      vertex 4.39001 -8.90999 0
    endloop
  endfacet
  facet normal 0 1 -0
    outer loop
      vertex 4.39001 -7.81 0
      vertex 3.29001 -7.81 1.2
      vertex 4.39001 -7.81 1.2
    endloop
  endfacet
  facet normal 0 1 0
    outer loop
      vertex 3.29001 -7.81 1.2
      vertex 4.39001 -7.81 0
      vertex 3.29001 -7.81 0
    endloop
  endfacet
  facet normal 1 -0 0
    outer loop
      vertex 3.29001 -7.81 1.2
      vertex 3.29001 -5.60999 0
      vertex 3.29001 -5.60999 1.2
    endloop
  endfacet
  facet normal 1 0 0
    outer loop
      vertex 3.29001 -5.60999 0
      vertex 3.29001 -7.81 1.2
      vertex 3.29001 -7.81 0
    endloop
  endfacet
  facet normal 0 1 -0
    outer loop
      vertex 3.29001 -5.60999 0
      vertex 2.19 -5.60999 1.2
      vertex 3.29001 -5.60999 1.2
    endloop
  endfacet
  facet normal 0 1 0
    outer loop
      vertex 2.19 -5.60999 1.2
      vertex 3.29001 -5.60999 0
      vertex 2.19 -5.60999 0
    endloop
  endfacet
  facet normal 1 -0 0
    outer loop
      vertex 2.19 -5.60999 1.2
      vertex 2.19 -1.09001 0
      vertex 2.19 -1.09001 1.2
    endloop
  endfacet
  facet normal 1 0 0
    outer loop
      vertex 2.19 -1.09001 0
      vertex 2.19 -5.60999 1.2
      vertex 2.19 -5.60999 0
    endloop
  endfacet
  facet normal 0 -1 0
    outer loop
      vertex 2.19 -1.09001 0
      vertex 3.41 -1.09001 1.2
      vertex 2.19 -1.09001 1.2
    endloop
  endfacet
  facet normal 0 -1 -0
    outer loop
      vertex 3.41 -1.09001 1.2
      vertex 2.19 -1.09001 0
      vertex 3.41 -1.09001 0
    endloop
  endfacet
  facet normal -1 0 0
    outer loop
      vertex 3.41 -5.48999 0
      vertex 3.41 -1.09001 1.2
      vertex 3.41 -1.09001 0
    endloop
  endfacet
  facet normal -1 -0 0
    outer loop
      vertex 3.41 -1.09001 1.2
      vertex 3.41 -5.48999 0
      vertex 3.41 -5.48999 1.2
    endloop
  endfacet
  facet normal 0 -1 0
    outer loop
      vertex 3.41 -5.48999 0
      vertex 4.51001 -5.48999 1.2
      vertex 3.41 -5.48999 1.2
    endloop
  endfacet
  facet normal 0 -1 -0
    outer loop
      vertex 4.51001 -5.48999 1.2
      vertex 3.41 -5.48999 0
      vertex 4.51001 -5.48999 0
    endloop
  endfacet
  facet normal -1 0 0
    outer loop
      vertex 4.51001 -7.68999 0
      vertex 4.51001 -5.48999 1.2
      vertex 4.51001 -5.48999 0
    endloop
  endfacet
  facet normal -1 -0 0
    outer loop
      vertex 4.51001 -5.48999 1.2
      vertex 4.51001 -7.68999 0
      vertex 4.51001 -7.68999 1.2
    endloop
  endfacet
  facet normal 0 -1 0
    outer loop
      vertex 4.51001 -7.68999 0
      vertex 5.48999 -7.68999 1.2
      vertex 4.51001 -7.68999 1.2
    endloop
  endfacet
  facet normal 0 -1 -0
    outer loop
      vertex 5.48999 -7.68999 1.2
      vertex 4.51001 -7.68999 0
      vertex 5.48999 -7.68999 0
    endloop
  endfacet
  facet normal 1 -0 0
    outer loop
      vertex 5.48999 -7.68999 1.2
      vertex 5.48999 -5.48999 0
      vertex 5.48999 -5.48999 1.2
    endloop
  endfacet
  facet normal 1 0 0
    outer loop
      vertex 5.48999 -5.48999 0
      vertex 5.48999 -7.68999 1.2
      vertex 5.48999 -7.68999 0
    endloop
  endfacet
  facet normal 0 -1 0
    outer loop
      vertex 5.48999 -5.48999 0
      vertex 6.59 -5.48999 1.2
      vertex 5.48999 -5.48999 1.2
    endloop
  endfacet
  facet normal 0 -1 -0
    outer loop
      vertex 6.59 -5.48999 1.2
      vertex 5.48999 -5.48999 0
      vertex 6.59 -5.48999 0
    endloop
  endfacet
  facet normal 1 -0 0
    outer loop
      vertex 6.59 -5.48999 1.2
      vertex 6.59 -1.09001 0
      vertex 6.59 -1.09001 1.2
    endloop
  endfacet
  facet normal 1 0 0
    outer loop
      vertex 6.59 -1.09001 0
      vertex 6.59 -5.48999 1.2
      vertex 6.59 -5.48999 0
    endloop
  endfacet
  facet normal 0 -1 0
    outer loop
      vertex 6.59 -1.09001 0
      vertex 7.81 -1.09001 1.2
      vertex 6.59 -1.09001 1.2
    endloop
  endfacet
  facet normal 0 -1 -0
    outer loop
      vertex 7.81 -1.09001 1.2
      vertex 6.59 -1.09001 0
      vertex 7.81 -1.09001 0
    endloop
  endfacet
  facet normal -1 0 0
    outer loop
      vertex 7.81 -5.60999 0
      vertex 7.81 -1.09001 1.2
      vertex 7.81 -1.09001 0
    endloop
  endfacet
  facet normal -1 -0 0
    outer loop
      vertex 7.81 -1.09001 1.2
      vertex 7.81 -5.60999 0
      vertex 7.81 -5.60999 1.2
    endloop
  endfacet
  facet normal 0 1 -0
    outer loop
      vertex 7.81 -5.60999 0
      vertex 6.70999 -5.60999 1.2
      vertex 7.81 -5.60999 1.2
    endloop
  endfacet
  facet normal 0 1 0
    outer loop
      vertex 6.70999 -5.60999 1.2
      vertex 7.81 -5.60999 0
      vertex 6.70999 -5.60999 0
    endloop
  endfacet
  facet normal -1 0 0
    outer loop
      vertex 6.70999 -7.81 0
      vertex 6.70999 -5.60999 1.2
      vertex 6.70999 -5.60999 0
    endloop
  endfacet
  facet normal -1 -0 0
    outer loop
      vertex 6.70999 -5.60999 1.2
      vertex 6.70999 -7.81 0
      vertex 6.70999 -7.81 1.2
    endloop
  endfacet
  facet normal 0 1 -0
    outer loop
      vertex 6.70999 -7.81 0
      vertex 5.60999 -7.81 1.2
      vertex 6.70999 -7.81 1.2
    endloop
  endfacet
  facet normal 0 1 0
    outer loop
      vertex 5.60999 -7.81 1.2
      vertex 6.70999 -7.81 0
      vertex 5.60999 -7.81 0
    endloop
  endfacet
  facet normal -1 0 0
    outer loop
      vertex 5.60999 -8.90999 0
      vertex 5.60999 -7.81 1.2
      vertex 5.60999 -7.81 0
    endloop
  endfacet
  facet normal -1 -0 0
    outer loop
      vertex 5.60999 -7.81 1.2
      vertex 5.60999 -8.90999 0
      vertex 5.60999 -8.90999 1.2
    endloop
  endfacet
  facet normal 0 1 -0
    outer loop
      vertex 5.60999 -8.90999 0
      vertex 4.39001 -8.90999 1.2
      vertex 5.60999 -8.90999 1.2
    endloop
  endfacet
  facet normal 0 1 0
    outer loop
      vertex 4.39001 -8.90999 1.2
      vertex 5.60999 -8.90999 0
      vertex 4.39001 -8.90999 0
    endloop
  endfacet
  facet normal 1 -0 0
    outer loop
      vertex -16.71 -18.91 1.2
      vertex -16.71 -17.81 0
      vertex -16.71 -17.81 1.2
    endloop
  endfacet
  facet normal 1 0 0
    outer loop
      vertex -16.71 -17.81 0
      vertex -16.71 -18.91 1.2
      vertex -16.71 -18.91 0
    endloop
  endfacet
  facet normal 0 1 -0
    outer loop
      vertex -16.71 -17.81 0
      vertex -17.81 -17.81 1.2
      vertex -16.71 -17.81 1.2
    endloop
  endfacet
  facet normal 0 1 0
    outer loop
      vertex -17.81 -17.81 1.2
      vertex -16.71 -17.81 0
      vertex -17.81 -17.81 0
    endloop
  endfacet
  facet normal 1 -0 0
    outer loop
      vertex -17.81 -17.81 1.2
      vertex -17.81 -12.19 0
      vertex -17.81 -12.19 1.2
    endloop
  endfacet
  facet normal 1 0 0
    outer loop
      vertex -17.81 -12.19 0
      vertex -17.81 -17.81 1.2
      vertex -17.81 -17.81 0
    endloop
  endfacet
  facet normal 0 -1 0
    outer loop
      vertex -17.81 -12.19 0
      vertex -16.71 -12.19 1.2
      vertex -17.81 -12.19 1.2
    endloop
  endfacet
  facet normal 0 -1 -0
    outer loop
      vertex -16.71 -12.19 1.2
      vertex -17.81 -12.19 0
      vertex -16.71 -12.19 0
    endloop
  endfacet
  facet normal 1 -0 0
    outer loop
      vertex -16.71 -12.19 1.2
      vertex -16.71 -11.09 0
      vertex -16.71 -11.09 1.2
    endloop
  endfacet
  facet normal 1 0 0
    outer loop
      vertex -16.71 -11.09 0
      vertex -16.71 -12.19 1.2
      vertex -16.71 -12.19 0
    endloop
  endfacet
  facet normal 0 -1 0
    outer loop
      vertex -16.71 -11.09 0
      vertex -12.19 -11.09 1.2
      vertex -16.71 -11.09 1.2
    endloop
  endfacet
  facet normal 0 -1 -0
    outer loop
      vertex -12.19 -11.09 1.2
      vertex -16.71 -11.09 0
      vertex -12.19 -11.09 0
    endloop
  endfacet
  facet normal -1 0 0
    outer loop
      vertex -12.19 -14.51 0
      vertex -12.19 -11.09 1.2
      vertex -12.19 -11.09 0
    endloop
  endfacet
  facet normal -1 -0 0
    outer loop
      vertex -12.19 -11.09 1.2
      vertex -12.19 -14.51 0
      vertex -12.19 -14.51 1.2
    endloop
  endfacet
  facet normal 0 1 -0
    outer loop
      vertex -12.19 -14.51 0
      vertex -13.41 -14.51 1.2
      vertex -12.19 -14.51 1.2
    endloop
  endfacet
  facet normal 0 1 0
    outer loop
      vertex -13.41 -14.51 1.2
      vertex -12.19 -14.51 0
      vertex -13.41 -14.51 0
    endloop
  endfacet
  facet normal 1 -0 0
    outer loop
      vertex -13.41 -14.51 1.2
      vertex -13.41 -12.31 0
      vertex -13.41 -12.31 1.2
    endloop
  endfacet
  facet normal 1 0 0
    outer loop
      vertex -13.41 -12.31 0
      vertex -13.41 -14.51 1.2
      vertex -13.41 -14.51 0
    endloop
  endfacet
  facet normal 0 1 -0
    outer loop
      vertex -13.41 -12.31 0
      vertex -16.59 -12.31 1.2
      vertex -13.41 -12.31 1.2
    endloop
  endfacet
  facet normal 0 1 0
    outer loop
      vertex -16.59 -12.31 1.2
      vertex -13.41 -12.31 0
      vertex -16.59 -12.31 0
    endloop
  endfacet
  facet normal -1 0 0
    outer loop
      vertex -16.59 -17.69 0
      vertex -16.59 -12.31 1.2
      vertex -16.59 -12.31 0
    endloop
  endfacet
  facet normal -1 -0 0
    outer loop
      vertex -16.59 -12.31 1.2
      vertex -16.59 -17.69 0
      vertex -16.59 -17.69 1.2
    endloop
  endfacet
  facet normal 0 -1 0
    outer loop
      vertex -16.59 -17.69 0
      vertex -13.41 -17.69 1.2
      vertex -16.59 -17.69 1.2
    endloop
  endfacet
  facet normal 0 -1 -0
    outer loop
      vertex -13.41 -17.69 1.2
      vertex -16.59 -17.69 0
      vertex -13.41 -17.69 0
    endloop
  endfacet
  facet normal 1 -0 0
    outer loop
      vertex -13.41 -17.69 1.2
      vertex -13.41 -15.49 0
      vertex -13.41 -15.49 1.2
    endloop
  endfacet
  facet normal 1 0 0
    outer loop
      vertex -13.41 -15.49 0
      vertex -13.41 -17.69 1.2
      vertex -13.41 -17.69 0
    endloop
  endfacet
  facet normal 0 -1 0
    outer loop
      vertex -13.41 -15.49 0
      vertex -12.19 -15.49 1.2
      vertex -13.41 -15.49 1.2
    endloop
  endfacet
  facet normal 0 -1 -0
    outer loop
      vertex -12.19 -15.49 1.2
      vertex -13.41 -15.49 0
      vertex -12.19 -15.49 0
    endloop
  endfacet
  facet normal -1 0 0
    outer loop
      vertex -12.19 -18.91 0
      vertex -12.19 -15.49 1.2
      vertex -12.19 -15.49 0
    endloop
  endfacet
  facet normal -1 -0 0
    outer loop
      vertex -12.19 -15.49 1.2
      vertex -12.19 -18.91 0
      vertex -12.19 -18.91 1.2
    endloop
  endfacet
  facet normal 0 1 -0
    outer loop
      vertex -12.19 -18.91 0
      vertex -16.71 -18.91 1.2
      vertex -12.19 -18.91 1.2
    endloop
  endfacet
  facet normal 0 1 0
    outer loop
      vertex -16.71 -18.91 1.2
      vertex -12.19 -18.91 0
      vertex -16.71 -18.91 0
    endloop
  endfacet
  facet normal 1 -0 0
    outer loop
      vertex -7.81 -18.91 1.2
      vertex -7.81 -17.69 0
      vertex -7.81 -17.69 1.2
    endloop
  endfacet
  facet normal 1 0 0
    outer loop
      vertex -7.81 -17.69 0
      vertex -7.81 -18.91 1.2
      vertex -7.81 -18.91 0
    endloop
  endfacet
  facet normal 0 -1 0
    outer loop
      vertex -7.81 -17.69 0
      vertex -6.70999 -17.69 1.2
      vertex -7.81 -17.69 1.2
    endloop
  endfacet
  facet normal 0 -1 -0
    outer loop
      vertex -6.70999 -17.69 1.2
      vertex -7.81 -17.69 0
      vertex -6.70999 -17.69 0
    endloop
  endfacet
  facet normal 1 -0 0
    outer loop
      vertex -6.70999 -17.69 1.2
      vertex -6.70999 -16.59 0
      vertex -6.70999 -16.59 1.2
    endloop
  endfacet
  facet normal 1 0 0
    outer loop
      vertex -6.70999 -16.59 0
      vertex -6.70999 -17.69 1.2
      vertex -6.70999 -17.69 0
    endloop
  endfacet
  facet normal 0 -1 0
    outer loop
      vertex -6.70999 -16.59 0
      vertex -5.60999 -16.59 1.2
      vertex -6.70999 -16.59 1.2
    endloop
  endfacet
  facet normal 0 -1 -0
    outer loop
      vertex -5.60999 -16.59 1.2
      vertex -6.70999 -16.59 0
      vertex -5.60999 -16.59 0
    endloop
  endfacet
  facet normal 1 -0 0
    outer loop
      vertex -5.60999 -16.59 1.2
      vertex -5.60999 -15.61 0
      vertex -5.60999 -15.61 1.2
    endloop
  endfacet
  facet normal 1 0 0
    outer loop
      vertex -5.60999 -15.61 0
      vertex -5.60999 -16.59 1.2
      vertex -5.60999 -16.59 0
    endloop
  endfacet
  facet normal 0 1 -0
    outer loop
      vertex -5.60999 -15.61 0
      vertex -6.70999 -15.61 1.2
      vertex -5.60999 -15.61 1.2
    endloop
  endfacet
  facet normal 0 1 0
    outer loop
      vertex -6.70999 -15.61 1.2
      vertex -5.60999 -15.61 0
      vertex -6.70999 -15.61 0
    endloop
  endfacet
  facet normal 1 -0 0
    outer loop
      vertex -6.70999 -15.61 1.2
      vertex -6.70999 -14.51 0
      vertex -6.70999 -14.51 1.2
    endloop
  endfacet
  facet normal 1 0 0
    outer loop
      vertex -6.70999 -14.51 0
      vertex -6.70999 -15.61 1.2
      vertex -6.70999 -15.61 0
    endloop
  endfacet
  facet normal 0 1 -0
    outer loop
      vertex -6.70999 -14.51 0
      vertex -7.81 -14.51 1.2
      vertex -6.70999 -14.51 1.2
    endloop
  endfacet
  facet normal 0 1 0
    outer loop
      vertex -7.81 -14.51 1.2
      vertex -6.70999 -14.51 0
      vertex -7.81 -14.51 0
    endloop
  endfacet
  facet normal 1 -0 0
    outer loop
      vertex -7.81 -14.51 1.2
      vertex -7.81 -12.19 0
      vertex -7.81 -12.19 1.2
    endloop
  endfacet
  facet normal 1 0 0
    outer loop
      vertex -7.81 -12.19 0
      vertex -7.81 -14.51 1.2
      vertex -7.81 -14.51 0
    endloop
  endfacet
  facet normal 0 -1 0
    outer loop
      vertex -7.81 -12.19 0
      vertex -6.70999 -12.19 1.2
      vertex -7.81 -12.19 1.2
    endloop
  endfacet
  facet normal 0 -1 -0
    outer loop
      vertex -6.70999 -12.19 1.2
      vertex -7.81 -12.19 0
      vertex -6.70999 -12.19 0
    endloop
  endfacet
  facet normal 1 -0 0
    outer loop
      vertex -6.70999 -12.19 1.2
      vertex -6.70999 -11.09 0
      vertex -6.70999 -11.09 1.2
    endloop
  endfacet
  facet normal 1 0 0
    outer loop
      vertex -6.70999 -11.09 0
      vertex -6.70999 -12.19 1.2
      vertex -6.70999 -12.19 0
    endloop
  endfacet
  facet normal 0 -1 0
    outer loop
      vertex -6.70999 -11.09 0
      vertex -2.19 -11.09 1.2
      vertex -6.70999 -11.09 1.2
    endloop
  endfacet
  facet normal 0 -1 -0
    outer loop
      vertex -2.19 -11.09 1.2
      vertex -6.70999 -11.09 0
      vertex -2.19 -11.09 0
    endloop
  endfacet
  facet normal -1 0 0
    outer loop
      vertex -2.19 -13.41 0
      vertex -2.19 -11.09 1.2
      vertex -2.19 -11.09 0
    endloop
  endfacet
  facet normal -1 -0 0
    outer loop
      vertex -2.19 -11.09 1.2
      vertex -2.19 -13.41 0
      vertex -2.19 -13.41 1.2
    endloop
  endfacet
  facet normal 0 1 -0
    outer loop
      vertex -2.19 -13.41 0
      vertex -3.41 -13.41 1.2
      vertex -2.19 -13.41 1.2
    endloop
  endfacet
  facet normal 0 1 0
    outer loop
      vertex -3.41 -13.41 1.2
      vertex -2.19 -13.41 0
      vertex -3.41 -13.41 0
    endloop
  endfacet
  facet normal 1 -0 0
    outer loop
      vertex -3.41 -13.41 1.2
      vertex -3.41 -12.31 0
      vertex -3.41 -12.31 1.2
    endloop
  endfacet
  facet normal 1 0 0
    outer loop
      vertex -3.41 -12.31 0
      vertex -3.41 -13.41 1.2
      vertex -3.41 -13.41 0
    endloop
  endfacet
  facet normal 0 1 -0
    outer loop
      vertex -3.41 -12.31 0
      vertex -6.59 -12.31 1.2
      vertex -3.41 -12.31 1.2
    endloop
  endfacet
  facet normal 0 1 0
    outer loop
      vertex -6.59 -12.31 1.2
      vertex -3.41 -12.31 0
      vertex -6.59 -12.31 0
    endloop
  endfacet
  facet normal -1 0 0
    outer loop
      vertex -6.59 -14.39 0
      vertex -6.59 -12.31 1.2
      vertex -6.59 -12.31 0
    endloop
  endfacet
  facet normal -1 -0 0
    outer loop
      vertex -6.59 -12.31 1.2
      vertex -6.59 -14.39 0
      vertex -6.59 -14.39 1.2
    endloop
  endfacet
  facet normal 0 -1 0
    outer loop
      vertex -6.59 -14.39 0
      vertex -2.19 -14.39 1.2
      vertex -6.59 -14.39 1.2
    endloop
  endfacet
  facet normal 0 -1 -0
    outer loop
      vertex -2.19 -14.39 1.2
      vertex -6.59 -14.39 0
      vertex -2.19 -14.39 0
    endloop
  endfacet
  facet normal -1 0 0
    outer loop
      vertex -2.19 -18.91 0
      vertex -2.19 -14.39 1.2
      vertex -2.19 -14.39 0
    endloop
  endfacet
  facet normal -1 -0 0
    outer loop
      vertex -2.19 -14.39 1.2
      vertex -2.19 -18.91 0
      vertex -2.19 -18.91 1.2
    endloop
  endfacet
  facet normal 0 1 -0
    outer loop
      vertex -2.19 -18.91 0
      vertex -3.41 -18.91 1.2
      vertex -2.19 -18.91 1.2
    endloop
  endfacet
  facet normal 0 1 0
    outer loop
      vertex -3.41 -18.91 1.2
      vertex -2.19 -18.91 0
      vertex -3.41 -18.91 0
    endloop
  endfacet
  facet normal 1 -0 0
    outer loop
      vertex -3.41 -18.91 1.2
      vertex -3.41 -15.61 0
      vertex -3.41 -15.61 1.2
    endloop
  endfacet
  facet normal 1 0 0
    outer loop
      vertex -3.41 -15.61 0
      vertex -3.41 -18.91 1.2
      vertex -3.41 -18.91 0
    endloop
  endfacet
  facet normal 0 1 -0
    outer loop
      vertex -3.41 -15.61 0
      vertex -4.39001 -15.61 1.2
      vertex -3.41 -15.61 1.2
    endloop
  endfacet
  facet normal 0 1 0
    outer loop
      vertex -4.39001 -15.61 1.2
      vertex -3.41 -15.61 0
      vertex -4.39001 -15.61 0
    endloop
  endfacet
  facet normal -1 0 0
    outer loop
      vertex -4.39001 -16.71 0
      vertex -4.39001 -15.61 1.2
      vertex -4.39001 -15.61 0
    endloop
  endfacet
  facet normal -1 -0 0
    outer loop
      vertex -4.39001 -15.61 1.2
      vertex -4.39001 -16.71 0
      vertex -4.39001 -16.71 1.2
    endloop
  endfacet
  facet normal 0 1 -0
    outer loop
      vertex -4.39001 -16.71 0
      vertex -5.48999 -16.71 1.2
      vertex -4.39001 -16.71 1.2
    endloop
  endfacet
  facet normal 0 1 0
    outer loop
      vertex -5.48999 -16.71 1.2
      vertex -4.39001 -16.71 0
      vertex -5.48999 -16.71 0
    endloop
  endfacet
  facet normal -1 0 0
    outer loop
      vertex -5.48999 -17.81 0
      vertex -5.48999 -16.71 1.2
      vertex -5.48999 -16.71 0
    endloop
  endfacet
  facet normal -1 -0 0
    outer loop
      vertex -5.48999 -16.71 1.2
      vertex -5.48999 -17.81 0
      vertex -5.48999 -17.81 1.2
    endloop
  endfacet
  facet normal 0 1 -0
    outer loop
      vertex -5.48999 -17.81 0
      vertex -6.59 -17.81 1.2
      vertex -5.48999 -17.81 1.2
    endloop
  endfacet
  facet normal 0 1 0
    outer loop
      vertex -6.59 -17.81 1.2
      vertex -5.48999 -17.81 0
      vertex -6.59 -17.81 0
    endloop
  endfacet
  facet normal -1 0 0
    outer loop
      vertex -6.59 -18.91 0
      vertex -6.59 -17.81 1.2
      vertex -6.59 -17.81 0
    endloop
  endfacet
  facet normal -1 -0 0
    outer loop
      vertex -6.59 -17.81 1.2
      vertex -6.59 -18.91 0
      vertex -6.59 -18.91 1.2
    endloop
  endfacet
  facet normal 0 1 -0
    outer loop
      vertex -6.59 -18.91 0
      vertex -7.81 -18.91 1.2
      vertex -6.59 -18.91 1.2
    endloop
  endfacet
  facet normal 0 1 0
    outer loop
      vertex -7.81 -18.91 1.2
      vertex -6.59 -18.91 0
      vertex -7.81 -18.91 0
    endloop
  endfacet
  facet normal 1 -0 0
    outer loop
      vertex 3.29001 -18.91 1.2
      vertex 3.29001 -17.81 0
      vertex 3.29001 -17.81 1.2
    endloop
  endfacet
  facet normal 1 0 0
    outer loop
      vertex 3.29001 -17.81 0
      vertex 3.29001 -18.91 1.2
      vertex 3.29001 -18.91 0
    endloop
  endfacet
  facet normal 0 1 -0
    outer loop
      vertex 3.29001 -17.81 0
      vertex 2.19 -17.81 1.2
      vertex 3.29001 -17.81 1.2
    endloop
  endfacet
  facet normal 0 1 0
    outer loop
      vertex 2.19 -17.81 1.2
      vertex 3.29001 -17.81 0
      vertex 2.19 -17.81 0
    endloop
  endfacet
  facet normal 1 -0 0
    outer loop
      vertex 2.19 -17.81 1.2
      vertex 2.19 -12.19 0
      vertex 2.19 -12.19 1.2
    endloop
  endfacet
  facet normal 1 0 0
    outer loop
      vertex 2.19 -12.19 0
      vertex 2.19 -17.81 1.2
      vertex 2.19 -17.81 0
    endloop
  endfacet
  facet normal 0 -1 0
    outer loop
      vertex 2.19 -12.19 0
      vertex 3.29001 -12.19 1.2
      vertex 2.19 -12.19 1.2
    endloop
  endfacet
  facet normal 0 -1 -0
    outer loop
      vertex 3.29001 -12.19 1.2
      vertex 2.19 -12.19 0
      vertex 3.29001 -12.19 0
    endloop
  endfacet
  facet normal 1 -0 0
    outer loop
      vertex 3.29001 -12.19 1.2
      vertex 3.29001 -11.09 0
      vertex 3.29001 -11.09 1.2
    endloop
  endfacet
  facet normal 1 0 0
    outer loop
      vertex 3.29001 -11.09 0
      vertex 3.29001 -12.19 1.2
      vertex 3.29001 -12.19 0
    endloop
  endfacet
  facet normal 0 -1 0
    outer loop
      vertex 3.29001 -11.09 0
      vertex 6.70999 -11.09 1.2
      vertex 3.29001 -11.09 1.2
    endloop
  endfacet
  facet normal 0 -1 -0
    outer loop
      vertex 6.70999 -11.09 1.2
      vertex 3.29001 -11.09 0
      vertex 6.70999 -11.09 0
    endloop
  endfacet
  facet normal -1 0 0
    outer loop
      vertex 6.70999 -12.19 0
      vertex 6.70999 -11.09 1.2
      vertex 6.70999 -11.09 0
    endloop
  endfacet
  facet normal -1 -0 0
    outer loop
      vertex 6.70999 -11.09 1.2
      vertex 6.70999 -12.19 0
      vertex 6.70999 -12.19 1.2
    endloop
  endfacet
  facet normal 0 -1 0
    outer loop
      vertex 6.70999 -12.19 0
      vertex 7.81 -12.19 1.2
      vertex 6.70999 -12.19 1.2
    endloop
  endfacet
  facet normal 0 -1 -0
    outer loop
      vertex 7.81 -12.19 1.2
      vertex 6.70999 -12.19 0
      vertex 7.81 -12.19 0
    endloop
  endfacet
  facet normal -1 0 0
    outer loop
      vertex 7.81 -14.51 0
      vertex 7.81 -12.19 1.2
      vertex 7.81 -12.19 0
    endloop
  endfacet
  facet normal -1 -0 0
    outer loop
      vertex 7.81 -12.19 1.2
      vertex 7.81 -14.51 0
      vertex 7.81 -14.51 1.2
    endloop
  endfacet
  facet normal 0 1 -0
    outer loop
      vertex 7.81 -14.51 0
      vertex 6.59 -14.51 1.2
      vertex 7.81 -14.51 1.2
    endloop
  endfacet
  facet normal 0 1 0
    outer loop
      vertex 6.59 -14.51 1.2
      vertex 7.81 -14.51 0
      vertex 6.59 -14.51 0
    endloop
  endfacet
  facet normal 1 -0 0
    outer loop
      vertex 6.59 -14.51 1.2
      vertex 6.59 -12.31 0
      vertex 6.59 -12.31 1.2
    endloop
  endfacet
  facet normal 1 0 0
    outer loop
      vertex 6.59 -12.31 0
      vertex 6.59 -14.51 1.2
      vertex 6.59 -14.51 0
    endloop
  endfacet
  facet normal 0 1 -0
    outer loop
      vertex 6.59 -12.31 0
      vertex 3.41 -12.31 1.2
      vertex 6.59 -12.31 1.2
    endloop
  endfacet
  facet normal 0 1 0
    outer loop
      vertex 3.41 -12.31 1.2
      vertex 6.59 -12.31 0
      vertex 3.41 -12.31 0
    endloop
  endfacet
  facet normal -1 0 0
    outer loop
      vertex 3.41 -17.69 0
      vertex 3.41 -12.31 1.2
      vertex 3.41 -12.31 0
    endloop
  endfacet
  facet normal -1 -0 0
    outer loop
      vertex 3.41 -12.31 1.2
      vertex 3.41 -17.69 0
      vertex 3.41 -17.69 1.2
    endloop
  endfacet
  facet normal 0 -1 0
    outer loop
      vertex 3.41 -17.69 0
      vertex 6.59 -17.69 1.2
      vertex 3.41 -17.69 1.2
    endloop
  endfacet
  facet normal 0 -1 -0
    outer loop
      vertex 6.59 -17.69 1.2
      vertex 3.41 -17.69 0
      vertex 6.59 -17.69 0
    endloop
  endfacet
  facet normal 1 -0 0
    outer loop
      vertex 6.59 -17.69 1.2
      vertex 6.59 -15.49 0
      vertex 6.59 -15.49 1.2
    endloop
  endfacet
  facet normal 1 0 0
    outer loop
      vertex 6.59 -15.49 0
      vertex 6.59 -17.69 1.2
      vertex 6.59 -17.69 0
    endloop
  endfacet
  facet normal 0 -1 0
    outer loop
      vertex 6.59 -15.49 0
      vertex 7.81 -15.49 1.2
      vertex 6.59 -15.49 1.2
    endloop
  endfacet
  facet normal 0 -1 -0
    outer loop
      vertex 7.81 -15.49 1.2
      vertex 6.59 -15.49 0
      vertex 7.81 -15.49 0
    endloop
  endfacet
  facet normal -1 0 0
    outer loop
      vertex 7.81 -17.81 0
      vertex 7.81 -15.49 1.2
      vertex 7.81 -15.49 0
    endloop
  endfacet
  facet normal -1 -0 0
    outer loop
      vertex 7.81 -15.49 1.2
      vertex 7.81 -17.81 0
      vertex 7.81 -17.81 1.2
    endloop
  endfacet
  facet normal 0 1 -0
    outer loop
      vertex 7.81 -17.81 0
      vertex 6.70999 -17.81 1.2
      vertex 7.81 -17.81 1.2
    endloop
  endfacet
  facet normal 0 1 0
    outer loop
      vertex 6.70999 -17.81 1.2
      vertex 7.81 -17.81 0
      vertex 6.70999 -17.81 0
    endloop
  endfacet
  facet normal -1 0 0
    outer loop
      vertex 6.70999 -18.91 0
      vertex 6.70999 -17.81 1.2
      vertex 6.70999 -17.81 0
    endloop
  endfacet
  facet normal -1 -0 0
    outer loop
      vertex 6.70999 -17.81 1.2
      vertex 6.70999 -18.91 0
      vertex 6.70999 -18.91 1.2
    endloop
  endfacet
  facet normal 0 1 -0
    outer loop
      vertex 6.70999 -18.91 0
      vertex 3.29001 -18.91 1.2
      vertex 6.70999 -18.91 1.2
    endloop
  endfacet
  facet normal 0 1 0
    outer loop
      vertex 3.29001 -18.91 1.2
      vertex 6.70999 -18.91 0
      vertex 3.29001 -18.91 0
    endloop
  endfacet
  facet normal 1 -0 0
    outer loop
      vertex 12.19 -18.91 1.2
      vertex 12.19 -11.09 0
      vertex 12.19 -11.09 1.2
    endloop
  endfacet
  facet normal 1 0 0
    outer loop
      vertex 12.19 -11.09 0
      vertex 12.19 -18.91 1.2
      vertex 12.19 -18.91 0
    endloop
  endfacet
  facet normal 0 -1 0
    outer loop
      vertex 12.19 -11.09 0
      vertex 13.41 -11.09 1.2
      vertex 12.19 -11.09 1.2
    endloop
  endfacet
  facet normal 0 -1 -0
    outer loop
      vertex 13.41 -11.09 1.2
      vertex 12.19 -11.09 0
      vertex 13.41 -11.09 0
    endloop
  endfacet
  facet normal -1 0 0
    outer loop
      vertex 13.41 -16.59 0
      vertex 13.41 -11.09 1.2
      vertex 13.41 -11.09 0
    endloop
  endfacet
  facet normal -1 -0 0
    outer loop
      vertex 13.41 -11.09 1.2
      vertex 13.41 -16.59 0
      vertex 13.41 -16.59 1.2
    endloop
  endfacet
  facet normal 0 -1 0
    outer loop
      vertex 13.41 -16.59 0
      vertex 14.39 -16.59 1.2
      vertex 13.41 -16.59 1.2
    endloop
  endfacet
  facet normal 0 -1 -0
    outer loop
      vertex 14.39 -16.59 1.2
      vertex 13.41 -16.59 0
      vertex 14.39 -16.59 0
    endloop
  endfacet
  facet normal 1 -0 0
    outer loop
      vertex 14.39 -16.59 1.2
      vertex 14.39 -14.39 0
      vertex 14.39 -14.39 1.2
    endloop
  endfacet
  facet normal 1 0 0
    outer loop
      vertex 14.39 -14.39 0
      vertex 14.39 -16.59 1.2
      vertex 14.39 -16.59 0
    endloop
  endfacet
  facet normal 0 -1 0
    outer loop
      vertex 14.39 -14.39 0
      vertex 15.61 -14.39 1.2
      vertex 14.39 -14.39 1.2
    endloop
  endfacet
  facet normal 0 -1 -0
    outer loop
      vertex 15.61 -14.39 1.2
      vertex 14.39 -14.39 0
      vertex 15.61 -14.39 0
    endloop
  endfacet
  facet normal -1 0 0
    outer loop
      vertex 15.61 -16.59 0
      vertex 15.61 -14.39 1.2
      vertex 15.61 -14.39 0
    endloop
  endfacet
  facet normal -1 -0 0
    outer loop
      vertex 15.61 -14.39 1.2
      vertex 15.61 -16.59 0
      vertex 15.61 -16.59 1.2
    endloop
  endfacet
  facet normal 0 -1 0
    outer loop
      vertex 15.61 -16.59 0
      vertex 16.59 -16.59 1.2
      vertex 15.61 -16.59 1.2
    endloop
  endfacet
  facet normal 0 -1 -0
    outer loop
      vertex 16.59 -16.59 1.2
      vertex 15.61 -16.59 0
      vertex 16.59 -16.59 0
    endloop
  endfacet
  facet normal 1 -0 0
    outer loop
      vertex 16.59 -16.59 1.2
      vertex 16.59 -11.09 0
      vertex 16.59 -11.09 1.2
    endloop
  endfacet
  facet normal 1 0 0
    outer loop
      vertex 16.59 -11.09 0
      vertex 16.59 -16.59 1.2
      vertex 16.59 -16.59 0
    endloop
  endfacet
  facet normal 0 -1 0
    outer loop
      vertex 16.59 -11.09 0
      vertex 17.81 -11.09 1.2
      vertex 16.59 -11.09 1.2
    endloop
  endfacet
  facet normal 0 -1 -0
    outer loop
      vertex 17.81 -11.09 1.2
      vertex 16.59 -11.09 0
      vertex 17.81 -11.09 0
    endloop
  endfacet
  facet normal -1 0 0
    outer loop
      vertex 17.81 -18.91 0
      vertex 17.81 -11.09 1.2
      vertex 17.81 -11.09 0
    endloop
  endfacet
  facet normal -1 -0 0
    outer loop
      vertex 17.81 -11.09 1.2
      vertex 17.81 -18.91 0
      vertex 17.81 -18.91 1.2
    endloop
  endfacet
  facet normal 0 1 -0
    outer loop
      vertex 17.81 -18.91 0
      vertex 16.59 -18.91 1.2
      vertex 17.81 -18.91 1.2
    endloop
  endfacet
  facet normal 0 1 0
    outer loop
      vertex 16.59 -18.91 1.2
      vertex 17.81 -18.91 0
      vertex 16.59 -18.91 0
    endloop
  endfacet
  facet normal 1 -0 0
    outer loop
      vertex 16.59 -18.91 1.2
      vertex 16.59 -17.81 0
      vertex 16.59 -17.81 1.2
    endloop
  endfacet
  facet normal 1 0 0
    outer loop
      vertex 16.59 -17.81 0
      vertex 16.59 -18.91 1.2
      vertex 16.59 -18.91 0
    endloop
  endfacet
  facet normal 0 1 -0
    outer loop
      vertex 16.59 -17.81 0
      vertex 15.49 -17.81 1.2
      vertex 16.59 -17.81 1.2
    endloop
  endfacet
  facet normal 0 1 0
    outer loop
      vertex 15.49 -17.81 1.2
      vertex 16.59 -17.81 0
      vertex 15.49 -17.81 0
    endloop
  endfacet
  facet normal 1 -0 0
    outer loop
      vertex 15.49 -17.81 1.2
      vertex 15.49 -16.71 0
      vertex 15.49 -16.71 1.2
    endloop
  endfacet
  facet normal 1 0 0
    outer loop
      vertex 15.49 -16.71 0
      vertex 15.49 -17.81 1.2
      vertex 15.49 -17.81 0
    endloop
  endfacet
  facet normal 0 1 -0
    outer loop
      vertex 15.49 -16.71 0
      vertex 14.51 -16.71 1.2
      vertex 15.49 -16.71 1.2
    endloop
  endfacet
  facet normal 0 1 0
    outer loop
      vertex 14.51 -16.71 1.2
      vertex 15.49 -16.71 0
      vertex 14.51 -16.71 0
    endloop
  endfacet
  facet normal -1 0 0
    outer loop
      vertex 14.51 -17.81 0
      vertex 14.51 -16.71 1.2
      vertex 14.51 -16.71 0
    endloop
  endfacet
  facet normal -1 -0 0
    outer loop
      vertex 14.51 -16.71 1.2
      vertex 14.51 -17.81 0
      vertex 14.51 -17.81 1.2
    endloop
  endfacet
  facet normal 0 1 -0
    outer loop
      vertex 14.51 -17.81 0
      vertex 13.41 -17.81 1.2
      vertex 14.51 -17.81 1.2
    endloop
  endfacet
  facet normal 0 1 0
    outer loop
      vertex 13.41 -17.81 1.2
      vertex 14.51 -17.81 0
      vertex 13.41 -17.81 0
    endloop
  endfacet
  facet normal -1 0 0
    outer loop
      vertex 13.41 -18.91 0
      vertex 13.41 -17.81 1.2
      vertex 13.41 -17.81 0
    endloop
  endfacet
  facet normal -1 -0 0
    outer loop
      vertex 13.41 -17.81 1.2
      vertex 13.41 -18.91 0
      vertex 13.41 -18.91 1.2
    endloop
  endfacet
  facet normal 0 1 -0
    outer loop
      vertex 13.41 -18.91 0
      vertex 12.19 -18.91 1.2
      vertex 13.41 -18.91 1.2
    endloop
  endfacet
  facet normal 0 1 0
    outer loop
      vertex 12.19 -18.91 1.2
      vertex 13.41 -18.91 0
      vertex 12.19 -18.91 0
    endloop
  endfacet
  facet normal 0 0 -1
    outer loop
      vertex -19.4 9.39999 3.2
      vertex -10.6 10.6 3.2
      vertex -10.6 9.39999 3.2
    endloop
  endfacet
  facet normal -0 0 -1
    outer loop
      vertex -10.6 10.6 3.2
      vertex -19.4 9.39999 3.2
      vertex -19.4 10.6 3.2
    endloop
  endfacet
  facet normal 0 0 -1
    outer loop
      vertex -19.4 -0.599991 3.2
      vertex -10.6 0.599991 3.2
      vertex -10.6 -0.599991 3.2
    endloop
  endfacet
  facet normal -0 0 -1
    outer loop
      vertex -10.6 0.599991 3.2
      vertex -19.4 -0.599991 3.2
      vertex -19.4 0.599991 3.2
    endloop
  endfacet
  facet normal 0 0 -1
    outer loop
      vertex -19.4 -10.6 3.2
      vertex -10.6 -9.39999 3.2
      vertex -10.6 -10.6 3.2
    endloop
  endfacet
  facet normal -0 0 -1
    outer loop
      vertex -10.6 -9.39999 3.2
      vertex -19.4 -10.6 3.2
      vertex -19.4 -9.39999 3.2
    endloop
  endfacet
  facet normal 0 0 -1
    outer loop
      vertex -9.39999 9.39999 3.2
      vertex -0.599991 10.6 3.2
      vertex -0.599991 9.39999 3.2
    endloop
  endfacet
  facet normal -0 0 -1
    outer loop
      vertex -0.599991 10.6 3.2
      vertex -9.39999 9.39999 3.2
      vertex -9.39999 10.6 3.2
    endloop
  endfacet
  facet normal 0 0 -1
    outer loop
      vertex -9.39999 -0.599991 3.2
      vertex -0.599991 0.599991 3.2
      vertex -0.599991 -0.599991 3.2
    endloop
  endfacet
  facet normal -0 0 -1
    outer loop
      vertex -0.599991 0.599991 3.2
      vertex -9.39999 -0.599991 3.2
      vertex -9.39999 0.599991 3.2
    endloop
  endfacet
  facet normal 0 0 -1
    outer loop
      vertex -9.39999 -10.6 3.2
      vertex -0.599991 -9.39999 3.2
      vertex -0.599991 -10.6 3.2
    endloop
  endfacet
  facet normal -0 0 -1
    outer loop
      vertex -0.599991 -9.39999 3.2
      vertex -9.39999 -10.6 3.2
      vertex -9.39999 -9.39999 3.2
    endloop
  endfacet
  facet normal 0 0 -1
    outer loop
      vertex 0.599991 9.39999 3.2
      vertex 9.39999 10.6 3.2
      vertex 9.39999 9.39999 3.2
    endloop
  endfacet
  facet normal -0 0 -1
    outer loop
      vertex 9.39999 10.6 3.2
      vertex 0.599991 9.39999 3.2
      vertex 0.599991 10.6 3.2
    endloop
  endfacet
  facet normal 0 0 -1
    outer loop
      vertex 0.599991 -0.599991 3.2
      vertex 9.39999 0.599991 3.2
      vertex 9.39999 -0.599991 3.2
    endloop
  endfacet
  facet normal -0 0 -1
    outer loop
      vertex 9.39999 0.599991 3.2
      vertex 0.599991 -0.599991 3.2
      vertex 0.599991 0.599991 3.2
    endloop
  endfacet
  facet normal 0 0 -1
    outer loop
      vertex 0.599991 -10.6 3.2
      vertex 9.39999 -9.39999 3.2
      vertex 9.39999 -10.6 3.2
    endloop
  endfacet
  facet normal -0 0 -1
    outer loop
      vertex 9.39999 -9.39999 3.2
      vertex 0.599991 -10.6 3.2
      vertex 0.599991 -9.39999 3.2
    endloop
  endfacet
  facet normal 0 0 -1
    outer loop
      vertex 10.6 9.39999 3.2
      vertex 19.4 10.6 3.2
      vertex 19.4 9.39999 3.2
    endloop
  endfacet
  facet normal -0 0 -1
    outer loop
      vertex 19.4 10.6 3.2
      vertex 10.6 9.39999 3.2
      vertex 10.6 10.6 3.2
    endloop
  endfacet
  facet normal 0 0 -1
    outer loop
      vertex 10.6 -0.599991 3.2
      vertex 19.4 0.599991 3.2
      vertex 19.4 -0.599991 3.2
    endloop
  endfacet
  facet normal -0 0 -1
    outer loop
      vertex 19.4 0.599991 3.2
      vertex 10.6 -0.599991 3.2
      vertex 10.6 0.599991 3.2
    endloop
  endfacet
  facet normal 0 0 -1
    outer loop
      vertex 10.6 -10.6 3.2
      vertex 19.4 -9.39999 3.2
      vertex 19.4 -10.6 3.2
    endloop
  endfacet
  facet normal -0 0 -1
    outer loop
      vertex 19.4 -9.39999 3.2
      vertex 10.6 -10.6 3.2
      vertex 10.6 -9.39999 3.2
    endloop
  endfacet
  facet normal 0 0 -1
    outer loop
      vertex 19.4 -10.6 3.2
      vertex 20.5 -24 3.2
      vertex 19.4 -19.4 3.2
    endloop
  endfacet
  facet normal 0 0 -1
    outer loop
      vertex 20.5 -24 3.2
      vertex 10.6 -19.4 3.2
      vertex 19.4 -19.4 3.2
    endloop
  endfacet
  facet normal 0 0 -1
    outer loop
      vertex 9.39999 -10.6 3.2
      vertex 10.6 -10.6 3.2
      vertex 10.6 -19.4 3.2
    endloop
  endfacet
  facet normal 0 0 -1
    outer loop
      vertex 10.6 -10.6 3.2
      vertex 9.39999 -10.6 3.2
      vertex 10.6 -9.39999 3.2
    endloop
  endfacet
  facet normal 0 0 -1
    outer loop
      vertex 10.6 -9.39999 3.2
      vertex 9.39999 -9.39999 3.2
      vertex 10.6 -0.599991 3.2
    endloop
  endfacet
  facet normal 0 0 -1
    outer loop
      vertex 9.39999 -0.599991 3.2
      vertex 10.6 -0.599991 3.2
      vertex 9.39999 -9.39999 3.2
    endloop
  endfacet
  facet normal 0 0 -1
    outer loop
      vertex 9.39999 0.599991 3.2
      vertex 10.6 0.599991 3.2
      vertex 9.39999 -0.599991 3.2
    endloop
  endfacet
  facet normal 0 0 -1
    outer loop
      vertex 10.6 0.599991 3.2
      vertex 9.39999 0.599991 3.2
      vertex 10.6 9.39999 3.2
    endloop
  endfacet
  facet normal 0 0 -1
    outer loop
      vertex 9.39999 -10.6 3.2
      vertex 10.6 -19.4 3.2
      vertex 9.39999 -19.4 3.2
    endloop
  endfacet
  facet normal 0 0 -1
    outer loop
      vertex 20.5 -24 3.2
      vertex 9.39999 -19.4 3.2
      vertex 10.6 -19.4 3.2
    endloop
  endfacet
  facet normal 0 0 -1
    outer loop
      vertex 20.5 -24 3.2
      vertex 0.599991 -19.4 3.2
      vertex 9.39999 -19.4 3.2
    endloop
  endfacet
  facet normal 0 0 -1
    outer loop
      vertex -0.599991 -10.6 3.2
      vertex 0.599991 -10.6 3.2
      vertex 0.599991 -19.4 3.2
    endloop
  endfacet
  facet normal 0 0 -1
    outer loop
      vertex 0.599991 -10.6 3.2
      vertex -0.599991 -10.6 3.2
      vertex 0.599991 -9.39999 3.2
    endloop
  endfacet
  facet normal 0 0 -1
    outer loop
      vertex 0.599991 -9.39999 3.2
      vertex -0.599991 -9.39999 3.2
      vertex 0.599991 -0.599991 3.2
    endloop
  endfacet
  facet normal 0 0 -1
    outer loop
      vertex -0.599991 -0.599991 3.2
      vertex 0.599991 -0.599991 3.2
      vertex -0.599991 -9.39999 3.2
    endloop
  endfacet
  facet normal 0 0 -1
    outer loop
      vertex -0.599991 0.599991 3.2
      vertex 0.599991 0.599991 3.2
      vertex -0.599991 -0.599991 3.2
    endloop
  endfacet
  facet normal 0 0 -1
    outer loop
      vertex 0.599991 0.599991 3.2
      vertex -0.599991 0.599991 3.2
      vertex 0.599991 9.39999 3.2
    endloop
  endfacet
  facet normal 0 0 -1
    outer loop
      vertex -0.599991 -10.6 3.2
      vertex 0.599991 -19.4 3.2
      vertex -0.599991 -19.4 3.2
    endloop
  endfacet
  facet normal 0 0 -1
    outer loop
      vertex 20.5 -24 3.2
      vertex -0.599991 -19.4 3.2
      vertex 0.599991 -19.4 3.2
    endloop
  endfacet
  facet normal 0 0 -1
    outer loop
      vertex -20.5 -24 3.2
      vertex -0.599991 -19.4 3.2
      vertex 20.5 -24 3.2
    endloop
  endfacet
  facet normal 0 0 -1
    outer loop
      vertex -10.6 -10.6 3.2
      vertex -9.39999 -10.6 3.2
      vertex -9.39999 -19.4 3.2
    endloop
  endfacet
  facet normal 0 0 -1
    outer loop
      vertex -9.39999 -10.6 3.2
      vertex -10.6 -10.6 3.2
      vertex -9.39999 -9.39999 3.2
    endloop
  endfacet
  facet normal 0 0 -1
    outer loop
      vertex -9.39999 -9.39999 3.2
      vertex -10.6 -9.39999 3.2
      vertex -9.39999 -0.599991 3.2
    endloop
  endfacet
  facet normal 0 0 -1
    outer loop
      vertex -10.6 -0.599991 3.2
      vertex -9.39999 -0.599991 3.2
      vertex -10.6 -9.39999 3.2
    endloop
  endfacet
  facet normal 0 0 -1
    outer loop
      vertex -10.6 0.599991 3.2
      vertex -9.39999 0.599991 3.2
      vertex -10.6 -0.599991 3.2
    endloop
  endfacet
  facet normal 0 0 -1
    outer loop
      vertex -9.39999 0.599991 3.2
      vertex -10.6 0.599991 3.2
      vertex -9.39999 9.39999 3.2
    endloop
  endfacet
  facet normal 0 0 -1
    outer loop
      vertex -10.6 -10.6 3.2
      vertex -9.39999 -19.4 3.2
      vertex -10.6 -19.4 3.2
    endloop
  endfacet
  facet normal -0 0 -1
    outer loop
      vertex -0.599991 -19.4 3.2
      vertex -20.5 -24 3.2
      vertex -9.39999 -19.4 3.2
    endloop
  endfacet
  facet normal -0 0 -1
    outer loop
      vertex -9.39999 -19.4 3.2
      vertex -20.5 -24 3.2
      vertex -10.6 -19.4 3.2
    endloop
  endfacet
  facet normal 0 0 -1
    outer loop
      vertex -20.5 -24 3.2
      vertex -19.4 -10.6 3.2
      vertex -19.4 -19.4 3.2
    endloop
  endfacet
  facet normal -0 0 -1
    outer loop
      vertex -19.4 -10.6 3.2
      vertex -20.5 -24 3.2
      vertex -19.4 -9.39999 3.2
    endloop
  endfacet
  facet normal -0 0 -1
    outer loop
      vertex -19.4 -9.39999 3.2
      vertex -20.5 -24 3.2
      vertex -19.4 -0.599991 3.2
    endloop
  endfacet
  facet normal -0 0 -1
    outer loop
      vertex -19.4 -0.599991 3.2
      vertex -20.5 -24 3.2
      vertex -19.4 0.599991 3.2
    endloop
  endfacet
  facet normal 0 0 -1
    outer loop
      vertex -20.5 20.5 3.2
      vertex -19.4 0.599991 3.2
      vertex -20.5 -24 3.2
    endloop
  endfacet
  facet normal 0 0 -1
    outer loop
      vertex -19.4 0.599991 3.2
      vertex -20.5 20.5 3.2
      vertex -19.4 9.39999 3.2
    endloop
  endfacet
  facet normal 0 0 -1
    outer loop
      vertex -19.4 9.39999 3.2
      vertex -20.5 20.5 3.2
      vertex -19.4 10.6 3.2
    endloop
  endfacet
  facet normal -0 0 -1
    outer loop
      vertex -10.6 -19.4 3.2
      vertex -20.5 -24 3.2
      vertex -19.4 -19.4 3.2
    endloop
  endfacet
  facet normal 0 0 -1
    outer loop
      vertex 19.4 -9.39999 3.2
      vertex 20.5 -24 3.2
      vertex 19.4 -10.6 3.2
    endloop
  endfacet
  facet normal 0 0 -1
    outer loop
      vertex 19.4 -0.599991 3.2
      vertex 20.5 -24 3.2
      vertex 19.4 -9.39999 3.2
    endloop
  endfacet
  facet normal 0 0 -1
    outer loop
      vertex 20.5 -24 3.2
      vertex 19.4 -0.599991 3.2
      vertex 20.5 20.5 3.2
    endloop
  endfacet
  facet normal 0 0 -1
    outer loop
      vertex 19.4 0.599991 3.2
      vertex 20.5 20.5 3.2
      vertex 19.4 -0.599991 3.2
    endloop
  endfacet
  facet normal 0 0 -1
    outer loop
      vertex 19.4 9.39999 3.2
      vertex 20.5 20.5 3.2
      vertex 19.4 0.599991 3.2
    endloop
  endfacet
  facet normal 0 0 -1
    outer loop
      vertex 19.4 10.6 3.2
      vertex 20.5 20.5 3.2
      vertex 19.4 9.39999 3.2
    endloop
  endfacet
  facet normal 0 0 -1
    outer loop
      vertex 19.4 19.4 3.2
      vertex 20.5 20.5 3.2
      vertex 19.4 10.6 3.2
    endloop
  endfacet
  facet normal 0 0 -1
    outer loop
      vertex 10.6 19.4 3.2
      vertex 20.5 20.5 3.2
      vertex 19.4 19.4 3.2
    endloop
  endfacet
  facet normal -0 0 -1
    outer loop
      vertex 10.6 -9.39999 3.2
      vertex 9.39999 -10.6 3.2
      vertex 9.39999 -9.39999 3.2
    endloop
  endfacet
  facet normal 0 0 -1
    outer loop
      vertex 10.6 -0.599991 3.2
      vertex 9.39999 -0.599991 3.2
      vertex 10.6 0.599991 3.2
    endloop
  endfacet
  facet normal 0 0 -1
    outer loop
      vertex 9.39999 9.39999 3.2
      vertex 10.6 9.39999 3.2
      vertex 9.39999 0.599991 3.2
    endloop
  endfacet
  facet normal 0 0 -1
    outer loop
      vertex 10.6 9.39999 3.2
      vertex 9.39999 9.39999 3.2
      vertex 10.6 10.6 3.2
    endloop
  endfacet
  facet normal 0 0 -1
    outer loop
      vertex 9.39999 10.6 3.2
      vertex 10.6 10.6 3.2
      vertex 9.39999 9.39999 3.2
    endloop
  endfacet
  facet normal 0 0 -1
    outer loop
      vertex 10.6 10.6 3.2
      vertex 9.39999 10.6 3.2
      vertex 10.6 19.4 3.2
    endloop
  endfacet
  facet normal 0 0 -1
    outer loop
      vertex 9.39999 19.4 3.2
      vertex 10.6 19.4 3.2
      vertex 9.39999 10.6 3.2
    endloop
  endfacet
  facet normal 0 0 -1
    outer loop
      vertex 9.39999 19.4 3.2
      vertex 20.5 20.5 3.2
      vertex 10.6 19.4 3.2
    endloop
  endfacet
  facet normal 0 0 -1
    outer loop
      vertex 0.599991 19.4 3.2
      vertex 20.5 20.5 3.2
      vertex 9.39999 19.4 3.2
    endloop
  endfacet
  facet normal -0 0 -1
    outer loop
      vertex 0.599991 -9.39999 3.2
      vertex -0.599991 -10.6 3.2
      vertex -0.599991 -9.39999 3.2
    endloop
  endfacet
  facet normal 0 0 -1
    outer loop
      vertex 0.599991 -0.599991 3.2
      vertex -0.599991 -0.599991 3.2
      vertex 0.599991 0.599991 3.2
    endloop
  endfacet
  facet normal 0 0 -1
    outer loop
      vertex -0.599991 9.39999 3.2
      vertex 0.599991 9.39999 3.2
      vertex -0.599991 0.599991 3.2
    endloop
  endfacet
  facet normal 0 0 -1
    outer loop
      vertex 0.599991 9.39999 3.2
      vertex -0.599991 9.39999 3.2
      vertex 0.599991 10.6 3.2
    endloop
  endfacet
  facet normal 0 0 -1
    outer loop
      vertex -0.599991 10.6 3.2
      vertex 0.599991 10.6 3.2
      vertex -0.599991 9.39999 3.2
    endloop
  endfacet
  facet normal 0 0 -1
    outer loop
      vertex 0.599991 10.6 3.2
      vertex -0.599991 10.6 3.2
      vertex 0.599991 19.4 3.2
    endloop
  endfacet
  facet normal 0 0 -1
    outer loop
      vertex -0.599991 19.4 3.2
      vertex 0.599991 19.4 3.2
      vertex -0.599991 10.6 3.2
    endloop
  endfacet
  facet normal 0 0 -1
    outer loop
      vertex -0.599991 19.4 3.2
      vertex 20.5 20.5 3.2
      vertex 0.599991 19.4 3.2
    endloop
  endfacet
  facet normal 0 0 -1
    outer loop
      vertex -20.5 20.5 3.2
      vertex -0.599991 19.4 3.2
      vertex -9.39999 19.4 3.2
    endloop
  endfacet
  facet normal -0 0 -1
    outer loop
      vertex -9.39999 -9.39999 3.2
      vertex -10.6 -10.6 3.2
      vertex -10.6 -9.39999 3.2
    endloop
  endfacet
  facet normal 0 0 -1
    outer loop
      vertex -9.39999 -0.599991 3.2
      vertex -10.6 -0.599991 3.2
      vertex -9.39999 0.599991 3.2
    endloop
  endfacet
  facet normal 0 0 -1
    outer loop
      vertex -10.6 9.39999 3.2
      vertex -9.39999 9.39999 3.2
      vertex -10.6 0.599991 3.2
    endloop
  endfacet
  facet normal 0 0 -1
    outer loop
      vertex -9.39999 9.39999 3.2
      vertex -10.6 9.39999 3.2
      vertex -9.39999 10.6 3.2
    endloop
  endfacet
  facet normal 0 0 -1
    outer loop
      vertex -10.6 10.6 3.2
      vertex -9.39999 10.6 3.2
      vertex -10.6 9.39999 3.2
    endloop
  endfacet
  facet normal 0 0 -1
    outer loop
      vertex -9.39999 10.6 3.2
      vertex -10.6 10.6 3.2
      vertex -9.39999 19.4 3.2
    endloop
  endfacet
  facet normal 0 0 -1
    outer loop
      vertex -10.6 19.4 3.2
      vertex -9.39999 19.4 3.2
      vertex -10.6 10.6 3.2
    endloop
  endfacet
  facet normal 0 0 -1
    outer loop
      vertex -20.5 20.5 3.2
      vertex -9.39999 19.4 3.2
      vertex -10.6 19.4 3.2
    endloop
  endfacet
  facet normal 0 0 -1
    outer loop
      vertex -20.5 20.5 3.2
      vertex -10.6 19.4 3.2
      vertex -19.4 19.4 3.2
    endloop
  endfacet
  facet normal 0 0 -1
    outer loop
      vertex -0.599991 19.4 3.2
      vertex -20.5 20.5 3.2
      vertex 20.5 20.5 3.2
    endloop
  endfacet
  facet normal 0 0 -1
    outer loop
      vertex -19.4 10.6 3.2
      vertex -20.5 20.5 3.2
      vertex -19.4 19.4 3.2
    endloop
  endfacet
  facet normal -1 0 0
    outer loop
      vertex 20.5 -24 1.2
      vertex 20.5 20.5 3.2
      vertex 20.5 20.5 1.2
    endloop
  endfacet
  facet normal -1 -0 0
    outer loop
      vertex 20.5 20.5 3.2
      vertex 20.5 -24 1.2
      vertex 20.5 -24 3.2
    endloop
  endfacet
  facet normal 1 -0 0
    outer loop
      vertex -20.5 -24 3.2
      vertex -20.5 20.5 1.2
      vertex -20.5 20.5 3.2
    endloop
  endfacet
  facet normal 1 0 0
    outer loop
      vertex -20.5 20.5 1.2
      vertex -20.5 -24 3.2
      vertex -20.5 -24 1.2
    endloop
  endfacet
  facet normal 0 -1 0
    outer loop
      vertex -20.5 20.5 1.2
      vertex 20.5 20.5 3.2
      vertex -20.5 20.5 3.2
    endloop
  endfacet
  facet normal 0 -1 -0
    outer loop
      vertex 20.5 20.5 3.2
      vertex -20.5 20.5 1.2
      vertex 20.5 20.5 1.2
    endloop
  endfacet
  facet normal -0 0 1
    outer loop
      vertex -19.4 -9.39999 13.2
      vertex -10.6 -10.6 13.2
      vertex -10.6 -9.39999 13.2
    endloop
  endfacet
  facet normal 0 0 1
    outer loop
      vertex -10.6 -10.6 13.2
      vertex -19.4 -9.39999 13.2
      vertex -19.4 -10.6 13.2
    endloop
  endfacet
  facet normal -0 0 1
    outer loop
      vertex -19.4 0.599991 13.2
      vertex -10.6 -0.599991 13.2
      vertex -10.6 0.599991 13.2
    endloop
  endfacet
  facet normal 0 0 1
    outer loop
      vertex -10.6 -0.599991 13.2
      vertex -19.4 0.599991 13.2
      vertex -19.4 -0.599991 13.2
    endloop
  endfacet
  facet normal -0 0 1
    outer loop
      vertex -19.4 10.6 13.2
      vertex -10.6 9.39999 13.2
      vertex -10.6 10.6 13.2
    endloop
  endfacet
  facet normal 0 0 1
    outer loop
      vertex -10.6 9.39999 13.2
      vertex -19.4 10.6 13.2
      vertex -19.4 9.39999 13.2
    endloop
  endfacet
  facet normal -0 0 1
    outer loop
      vertex -9.39999 -9.39999 13.2
      vertex -0.599991 -10.6 13.2
      vertex -0.599991 -9.39999 13.2
    endloop
  endfacet
  facet normal 0 0 1
    outer loop
      vertex -0.599991 -10.6 13.2
      vertex -9.39999 -9.39999 13.2
      vertex -9.39999 -10.6 13.2
    endloop
  endfacet
  facet normal -0 0 1
    outer loop
      vertex -9.39999 0.599991 13.2
      vertex -0.599991 -0.599991 13.2
      vertex -0.599991 0.599991 13.2
    endloop
  endfacet
  facet normal 0 0 1
    outer loop
      vertex -0.599991 -0.599991 13.2
      vertex -9.39999 0.599991 13.2
      vertex -9.39999 -0.599991 13.2
    endloop
  endfacet
  facet normal -0 0 1
    outer loop
      vertex -9.39999 10.6 13.2
      vertex -0.599991 9.39999 13.2
      vertex -0.599991 10.6 13.2
    endloop
  endfacet
  facet normal 0 0 1
    outer loop
      vertex -0.599991 9.39999 13.2
      vertex -9.39999 10.6 13.2
      vertex -9.39999 9.39999 13.2
    endloop
  endfacet
  facet normal -0 0 1
    outer loop
      vertex 0.599991 -9.39999 13.2
      vertex 9.39999 -10.6 13.2
      vertex 9.39999 -9.39999 13.2
    endloop
  endfacet
  facet normal 0 0 1
    outer loop
      vertex 9.39999 -10.6 13.2
      vertex 0.599991 -9.39999 13.2
      vertex 0.599991 -10.6 13.2
    endloop
  endfacet
  facet normal -0 0 1
    outer loop
      vertex 0.599991 0.599991 13.2
      vertex 9.39999 -0.599991 13.2
      vertex 9.39999 0.599991 13.2
    endloop
  endfacet
  facet normal 0 0 1
    outer loop
      vertex 9.39999 -0.599991 13.2
      vertex 0.599991 0.599991 13.2
      vertex 0.599991 -0.599991 13.2
    endloop
  endfacet
  facet normal -0 0 1
    outer loop
      vertex 0.599991 10.6 13.2
      vertex 9.39999 9.39999 13.2
      vertex 9.39999 10.6 13.2
    endloop
  endfacet
  facet normal 0 0 1
    outer loop
      vertex 9.39999 9.39999 13.2
      vertex 0.599991 10.6 13.2
      vertex 0.599991 9.39999 13.2
    endloop
  endfacet
  facet normal -0 0 1
    outer loop
      vertex 10.6 -9.39999 13.2
      vertex 19.4 -10.6 13.2
      vertex 19.4 -9.39999 13.2
    endloop
  endfacet
  facet normal 0 0 1
    outer loop
      vertex 19.4 -10.6 13.2
      vertex 10.6 -9.39999 13.2
      vertex 10.6 -10.6 13.2
    endloop
  endfacet
  facet normal -0 0 1
    outer loop
      vertex 10.6 0.599991 13.2
      vertex 19.4 -0.599991 13.2
      vertex 19.4 0.599991 13.2
    endloop
  endfacet
  facet normal 0 0 1
    outer loop
      vertex 19.4 -0.599991 13.2
      vertex 10.6 0.599991 13.2
      vertex 10.6 -0.599991 13.2
    endloop
  endfacet
  facet normal -0 0 1
    outer loop
      vertex 10.6 10.6 13.2
      vertex 19.4 9.39999 13.2
      vertex 19.4 10.6 13.2
    endloop
  endfacet
  facet normal 0 0 1
    outer loop
      vertex 19.4 9.39999 13.2
      vertex 10.6 10.6 13.2
      vertex 10.6 9.39999 13.2
    endloop
  endfacet
  facet normal 0 0 1
    outer loop
      vertex 19.4 19.4 13.2
      vertex 24 21 13.2
      vertex 23.9743 21.3916 13.2
    endloop
  endfacet
  facet normal 0 0 1
    outer loop
      vertex 24 21 13.2
      vertex 19.4 0.599991 13.2
      vertex 24 -21 13.2
    endloop
  endfacet
  facet normal 0 0 1
    outer loop
      vertex 19.4 19.4 13.2
      vertex 23.9743 21.3916 13.2
      vertex 23.8978 21.7765 13.2
    endloop
  endfacet
  facet normal -0 0 1
    outer loop
      vertex 19.4 -0.599991 13.2
      vertex 24 -21 13.2
      vertex 19.4 0.599991 13.2
    endloop
  endfacet
  facet normal 0 0 1
    outer loop
      vertex 19.4 19.4 13.2
      vertex 23.8978 21.7765 13.2
      vertex 23.7716 22.1481 13.2
    endloop
  endfacet
  facet normal -0 0 1
    outer loop
      vertex 19.4 -9.39999 13.2
      vertex 24 -21 13.2
      vertex 19.4 -0.599991 13.2
    endloop
  endfacet
  facet normal 0 0 1
    outer loop
      vertex 19.4 19.4 13.2
      vertex 23.7716 22.1481 13.2
      vertex 23.5981 22.5 13.2
    endloop
  endfacet
  facet normal -0 0 1
    outer loop
      vertex 19.4 -10.6 13.2
      vertex 24 -21 13.2
      vertex 19.4 -9.39999 13.2
    endloop
  endfacet
  facet normal 0 0 1
    outer loop
      vertex 19.4 19.4 13.2
      vertex 23.5981 22.5 13.2
      vertex 23.3801 22.8263 13.2
    endloop
  endfacet
  facet normal -0 0 1
    outer loop
      vertex 19.4 -19.4 13.2
      vertex 24 -21 13.2
      vertex 19.4 -10.6 13.2
    endloop
  endfacet
  facet normal 0 0 1
    outer loop
      vertex 19.4 19.4 13.2
      vertex 23.3801 22.8263 13.2
      vertex 23.1213 23.1213 13.2
    endloop
  endfacet
  facet normal 0 0 1
    outer loop
      vertex 24 -21 13.2
      vertex 19.4 -19.4 13.2
      vertex 23.9743 -21.3916 13.2
    endloop
  endfacet
  facet normal 0 0 1
    outer loop
      vertex 19.4 19.4 13.2
      vertex 23.1213 23.1213 13.2
      vertex 22.8263 23.3801 13.2
    endloop
  endfacet
  facet normal 0 0 1
    outer loop
      vertex 23.9743 -21.3916 13.2
      vertex 19.4 -19.4 13.2
      vertex 23.8978 -21.7765 13.2
    endloop
  endfacet
  facet normal 0 0 1
    outer loop
      vertex 19.4 19.4 13.2
      vertex 22.8263 23.3801 13.2
      vertex 22.5 23.5981 13.2
    endloop
  endfacet
  facet normal 0 0 1
    outer loop
      vertex 23.8978 -21.7765 13.2
      vertex 19.4 -19.4 13.2
      vertex 23.7716 -22.1481 13.2
    endloop
  endfacet
  facet normal 0 0 1
    outer loop
      vertex 19.4 19.4 13.2
      vertex 22.5 23.5981 13.2
      vertex 22.1481 23.7716 13.2
    endloop
  endfacet
  facet normal 0 0 1
    outer loop
      vertex 23.7716 -22.1481 13.2
      vertex 19.4 -19.4 13.2
      vertex 23.5981 -22.5 13.2
    endloop
  endfacet
  facet normal 0 0 1
    outer loop
      vertex 19.4 19.4 13.2
      vertex 22.1481 23.7716 13.2
      vertex 21.7765 23.8978 13.2
    endloop
  endfacet
  facet normal 0 0 1
    outer loop
      vertex 23.5981 -22.5 13.2
      vertex 19.4 -19.4 13.2
      vertex 23.3801 -22.8263 13.2
    endloop
  endfacet
  facet normal 0 0 1
    outer loop
      vertex 19.4 19.4 13.2
      vertex 21.7765 23.8978 13.2
      vertex 21.3916 23.9743 13.2
    endloop
  endfacet
  facet normal 0 0 1
    outer loop
      vertex 23.3801 -22.8263 13.2
      vertex 19.4 -19.4 13.2
      vertex 23.1213 -23.1213 13.2
    endloop
  endfacet
  facet normal 0 0 1
    outer loop
      vertex 19.4 19.4 13.2
      vertex 21.3916 23.9743 13.2
      vertex 21 24 13.2
    endloop
  endfacet
  facet normal 0 0 1
    outer loop
      vertex 23.1213 -23.1213 13.2
      vertex 19.4 -19.4 13.2
      vertex 22.8263 -23.3801 13.2
    endloop
  endfacet
  facet normal 0 0 1
    outer loop
      vertex 24 21 13.2
      vertex 19.4 19.4 13.2
      vertex 19.4 10.6 13.2
    endloop
  endfacet
  facet normal 0 0 1
    outer loop
      vertex 21 24 13.2
      vertex 10.6 19.4 13.2
      vertex 19.4 19.4 13.2
    endloop
  endfacet
  facet normal 0 0 1
    outer loop
      vertex 9.39999 10.6 13.2
      vertex 10.6 10.6 13.2
      vertex 10.6 19.4 13.2
    endloop
  endfacet
  facet normal 0 0 1
    outer loop
      vertex 10.6 10.6 13.2
      vertex 9.39999 10.6 13.2
      vertex 10.6 9.39999 13.2
    endloop
  endfacet
  facet normal 0 0 1
    outer loop
      vertex 10.6 9.39999 13.2
      vertex 9.39999 9.39999 13.2
      vertex 10.6 0.599991 13.2
    endloop
  endfacet
  facet normal 0 0 1
    outer loop
      vertex 9.39999 0.599991 13.2
      vertex 10.6 0.599991 13.2
      vertex 9.39999 9.39999 13.2
    endloop
  endfacet
  facet normal 0 0 1
    outer loop
      vertex 9.39999 -0.599991 13.2
      vertex 10.6 -0.599991 13.2
      vertex 9.39999 0.599991 13.2
    endloop
  endfacet
  facet normal 0 0 1
    outer loop
      vertex 10.6 -0.599991 13.2
      vertex 9.39999 -0.599991 13.2
      vertex 10.6 -9.39999 13.2
    endloop
  endfacet
  facet normal 0 0 1
    outer loop
      vertex 9.39999 10.6 13.2
      vertex 10.6 19.4 13.2
      vertex 9.39999 19.4 13.2
    endloop
  endfacet
  facet normal 0 0 1
    outer loop
      vertex 21 24 13.2
      vertex 9.39999 19.4 13.2
      vertex 10.6 19.4 13.2
    endloop
  endfacet
  facet normal 0 0 1
    outer loop
      vertex 21 24 13.2
      vertex 0.599991 19.4 13.2
      vertex 9.39999 19.4 13.2
    endloop
  endfacet
  facet normal 0 0 1
    outer loop
      vertex -0.599991 10.6 13.2
      vertex 0.599991 10.6 13.2
      vertex 0.599991 19.4 13.2
    endloop
  endfacet
  facet normal 0 0 1
    outer loop
      vertex 0.599991 10.6 13.2
      vertex -0.599991 10.6 13.2
      vertex 0.599991 9.39999 13.2
    endloop
  endfacet
  facet normal 0 0 1
    outer loop
      vertex 0.599991 9.39999 13.2
      vertex -0.599991 9.39999 13.2
      vertex 0.599991 0.599991 13.2
    endloop
  endfacet
  facet normal 0 0 1
    outer loop
      vertex -0.599991 0.599991 13.2
      vertex 0.599991 0.599991 13.2
      vertex -0.599991 9.39999 13.2
    endloop
  endfacet
  facet normal 0 0 1
    outer loop
      vertex -0.599991 -0.599991 13.2
      vertex 0.599991 -0.599991 13.2
      vertex -0.599991 0.599991 13.2
    endloop
  endfacet
  facet normal 0 0 1
    outer loop
      vertex 0.599991 -0.599991 13.2
      vertex -0.599991 -0.599991 13.2
      vertex 0.599991 -9.39999 13.2
    endloop
  endfacet
  facet normal 0 0 1
    outer loop
      vertex -0.599991 10.6 13.2
      vertex 0.599991 19.4 13.2
      vertex -0.599991 19.4 13.2
    endloop
  endfacet
  facet normal 0 0 1
    outer loop
      vertex 21 24 13.2
      vertex -0.599991 19.4 13.2
      vertex 0.599991 19.4 13.2
    endloop
  endfacet
  facet normal -0 0 1
    outer loop
      vertex -21 24 13.2
      vertex -0.599991 19.4 13.2
      vertex 21 24 13.2
    endloop
  endfacet
  facet normal 0 0 1
    outer loop
      vertex -10.6 10.6 13.2
      vertex -9.39999 10.6 13.2
      vertex -9.39999 19.4 13.2
    endloop
  endfacet
  facet normal 0 0 1
    outer loop
      vertex -9.39999 10.6 13.2
      vertex -10.6 10.6 13.2
      vertex -9.39999 9.39999 13.2
    endloop
  endfacet
  facet normal 0 0 1
    outer loop
      vertex -9.39999 9.39999 13.2
      vertex -10.6 9.39999 13.2
      vertex -9.39999 0.599991 13.2
    endloop
  endfacet
  facet normal 0 0 1
    outer loop
      vertex -10.6 0.599991 13.2
      vertex -9.39999 0.599991 13.2
      vertex -10.6 9.39999 13.2
    endloop
  endfacet
  facet normal 0 0 1
    outer loop
      vertex -10.6 -0.599991 13.2
      vertex -9.39999 -0.599991 13.2
      vertex -10.6 0.599991 13.2
    endloop
  endfacet
  facet normal 0 0 1
    outer loop
      vertex -9.39999 -0.599991 13.2
      vertex -10.6 -0.599991 13.2
      vertex -9.39999 -9.39999 13.2
    endloop
  endfacet
  facet normal 0 0 1
    outer loop
      vertex -10.6 10.6 13.2
      vertex -9.39999 19.4 13.2
      vertex -10.6 19.4 13.2
    endloop
  endfacet
  facet normal 0 0 1
    outer loop
      vertex -0.599991 19.4 13.2
      vertex -21 24 13.2
      vertex -9.39999 19.4 13.2
    endloop
  endfacet
  facet normal 0 0 1
    outer loop
      vertex -9.39999 19.4 13.2
      vertex -21 24 13.2
      vertex -10.6 19.4 13.2
    endloop
  endfacet
  facet normal 0 0 1
    outer loop
      vertex -24 21 13.2
      vertex -19.4 10.6 13.2
      vertex -19.4 19.4 13.2
    endloop
  endfacet
  facet normal 0 0 1
    outer loop
      vertex -19.4 10.6 13.2
      vertex -24 21 13.2
      vertex -19.4 9.39999 13.2
    endloop
  endfacet
  facet normal 0 0 1
    outer loop
      vertex -19.4 9.39999 13.2
      vertex -24 21 13.2
      vertex -19.4 0.599991 13.2
    endloop
  endfacet
  facet normal 0 0 1
    outer loop
      vertex -19.4 0.599991 13.2
      vertex -24 21 13.2
      vertex -19.4 -0.599991 13.2
    endloop
  endfacet
  facet normal 0 0 1
    outer loop
      vertex -24 -21 13.2
      vertex -19.4 -0.599991 13.2
      vertex -24 21 13.2
    endloop
  endfacet
  facet normal 0 0 1
    outer loop
      vertex -19.4 -0.599991 13.2
      vertex -24 -21 13.2
      vertex -19.4 -9.39999 13.2
    endloop
  endfacet
  facet normal -0 0 1
    outer loop
      vertex -21.3916 23.9743 13.2
      vertex -19.4 19.4 13.2
      vertex -21 24 13.2
    endloop
  endfacet
  facet normal 0 0 1
    outer loop
      vertex -10.6 19.4 13.2
      vertex -21 24 13.2
      vertex -19.4 19.4 13.2
    endloop
  endfacet
  facet normal 0 0 1
    outer loop
      vertex 24 21 13.2
      vertex 19.4 10.6 13.2
      vertex 19.4 9.39999 13.2
    endloop
  endfacet
  facet normal 0 0 1
    outer loop
      vertex 24 21 13.2
      vertex 19.4 9.39999 13.2
      vertex 19.4 0.599991 13.2
    endloop
  endfacet
  facet normal 0 0 1
    outer loop
      vertex 22.8263 -23.3801 13.2
      vertex 19.4 -19.4 13.2
      vertex 22.5 -23.5981 13.2
    endloop
  endfacet
  facet normal 0 0 1
    outer loop
      vertex 22.5 -23.5981 13.2
      vertex 19.4 -19.4 13.2
      vertex 22.1481 -23.7716 13.2
    endloop
  endfacet
  facet normal 0 0 1
    outer loop
      vertex 22.1481 -23.7716 13.2
      vertex 19.4 -19.4 13.2
      vertex 21.7765 -23.8978 13.2
    endloop
  endfacet
  facet normal 0 0 1
    outer loop
      vertex 21.7765 -23.8978 13.2
      vertex 19.4 -19.4 13.2
      vertex 21.3916 -23.9743 13.2
    endloop
  endfacet
  facet normal 0 0 1
    outer loop
      vertex 21.3916 -23.9743 13.2
      vertex 19.4 -19.4 13.2
      vertex 21 -24 13.2
    endloop
  endfacet
  facet normal -0 0 1
    outer loop
      vertex 10.6 -19.4 13.2
      vertex 21 -24 13.2
      vertex 19.4 -19.4 13.2
    endloop
  endfacet
  facet normal 0 0 1
    outer loop
      vertex 10.6 9.39999 13.2
      vertex 9.39999 10.6 13.2
      vertex 9.39999 9.39999 13.2
    endloop
  endfacet
  facet normal 0 0 1
    outer loop
      vertex 10.6 0.599991 13.2
      vertex 9.39999 0.599991 13.2
      vertex 10.6 -0.599991 13.2
    endloop
  endfacet
  facet normal 0 0 1
    outer loop
      vertex 9.39999 -9.39999 13.2
      vertex 10.6 -9.39999 13.2
      vertex 9.39999 -0.599991 13.2
    endloop
  endfacet
  facet normal 0 0 1
    outer loop
      vertex 10.6 -9.39999 13.2
      vertex 9.39999 -9.39999 13.2
      vertex 10.6 -10.6 13.2
    endloop
  endfacet
  facet normal 0 0 1
    outer loop
      vertex 9.39999 -10.6 13.2
      vertex 10.6 -10.6 13.2
      vertex 9.39999 -9.39999 13.2
    endloop
  endfacet
  facet normal 0 0 1
    outer loop
      vertex 10.6 -10.6 13.2
      vertex 9.39999 -10.6 13.2
      vertex 10.6 -19.4 13.2
    endloop
  endfacet
  facet normal 0 0 1
    outer loop
      vertex 9.39999 -19.4 13.2
      vertex 10.6 -19.4 13.2
      vertex 9.39999 -10.6 13.2
    endloop
  endfacet
  facet normal -0 0 1
    outer loop
      vertex 9.39999 -19.4 13.2
      vertex 21 -24 13.2
      vertex 10.6 -19.4 13.2
    endloop
  endfacet
  facet normal -0 0 1
    outer loop
      vertex 0.599991 -19.4 13.2
      vertex 21 -24 13.2
      vertex 9.39999 -19.4 13.2
    endloop
  endfacet
  facet normal 0 0 1
    outer loop
      vertex 0.599991 9.39999 13.2
      vertex -0.599991 10.6 13.2
      vertex -0.599991 9.39999 13.2
    endloop
  endfacet
  facet normal 0 0 1
    outer loop
      vertex 0.599991 0.599991 13.2
      vertex -0.599991 0.599991 13.2
      vertex 0.599991 -0.599991 13.2
    endloop
  endfacet
  facet normal 0 0 1
    outer loop
      vertex -0.599991 -9.39999 13.2
      vertex 0.599991 -9.39999 13.2
      vertex -0.599991 -0.599991 13.2
    endloop
  endfacet
  facet normal 0 0 1
    outer loop
      vertex 0.599991 -9.39999 13.2
      vertex -0.599991 -9.39999 13.2
      vertex 0.599991 -10.6 13.2
    endloop
  endfacet
  facet normal 0 0 1
    outer loop
      vertex -0.599991 -10.6 13.2
      vertex 0.599991 -10.6 13.2
      vertex -0.599991 -9.39999 13.2
    endloop
  endfacet
  facet normal 0 0 1
    outer loop
      vertex 0.599991 -10.6 13.2
      vertex -0.599991 -10.6 13.2
      vertex 0.599991 -19.4 13.2
    endloop
  endfacet
  facet normal 0 0 1
    outer loop
      vertex -0.599991 -19.4 13.2
      vertex 0.599991 -19.4 13.2
      vertex -0.599991 -10.6 13.2
    endloop
  endfacet
  facet normal -0 0 1
    outer loop
      vertex -0.599991 -19.4 13.2
      vertex 21 -24 13.2
      vertex 0.599991 -19.4 13.2
    endloop
  endfacet
  facet normal 0 0 1
    outer loop
      vertex -21 -24 13.2
      vertex -0.599991 -19.4 13.2
      vertex -9.39999 -19.4 13.2
    endloop
  endfacet
  facet normal 0 0 1
    outer loop
      vertex -9.39999 9.39999 13.2
      vertex -10.6 10.6 13.2
      vertex -10.6 9.39999 13.2
    endloop
  endfacet
  facet normal 0 0 1
    outer loop
      vertex -9.39999 0.599991 13.2
      vertex -10.6 0.599991 13.2
      vertex -9.39999 -0.599991 13.2
    endloop
  endfacet
  facet normal 0 0 1
    outer loop
      vertex -10.6 -9.39999 13.2
      vertex -9.39999 -9.39999 13.2
      vertex -10.6 -0.599991 13.2
    endloop
  endfacet
  facet normal 0 0 1
    outer loop
      vertex -9.39999 -9.39999 13.2
      vertex -10.6 -9.39999 13.2
      vertex -9.39999 -10.6 13.2
    endloop
  endfacet
  facet normal 0 0 1
    outer loop
      vertex -10.6 -10.6 13.2
      vertex -9.39999 -10.6 13.2
      vertex -10.6 -9.39999 13.2
    endloop
  endfacet
  facet normal 0 0 1
    outer loop
      vertex -9.39999 -10.6 13.2
      vertex -10.6 -10.6 13.2
      vertex -9.39999 -19.4 13.2
    endloop
  endfacet
  facet normal 0 0 1
    outer loop
      vertex -10.6 -19.4 13.2
      vertex -9.39999 -19.4 13.2
      vertex -10.6 -10.6 13.2
    endloop
  endfacet
  facet normal 0 0 1
    outer loop
      vertex -21 -24 13.2
      vertex -9.39999 -19.4 13.2
      vertex -10.6 -19.4 13.2
    endloop
  endfacet
  facet normal 0 0 1
    outer loop
      vertex -21 -24 13.2
      vertex -10.6 -19.4 13.2
      vertex -19.4 -19.4 13.2
    endloop
  endfacet
  facet normal 0 0 1
    outer loop
      vertex -0.599991 -19.4 13.2
      vertex -21 -24 13.2
      vertex 21 -24 13.2
    endloop
  endfacet
  facet normal 0 0 1
    outer loop
      vertex -19.4 -9.39999 13.2
      vertex -24 -21 13.2
      vertex -19.4 -10.6 13.2
    endloop
  endfacet
  facet normal -0 0 1
    outer loop
      vertex -21.7765 23.8978 13.2
      vertex -19.4 19.4 13.2
      vertex -21.3916 23.9743 13.2
    endloop
  endfacet
  facet normal 0 0 1
    outer loop
      vertex -19.4 -10.6 13.2
      vertex -24 -21 13.2
      vertex -19.4 -19.4 13.2
    endloop
  endfacet
  facet normal -0 0 1
    outer loop
      vertex -22.1481 23.7716 13.2
      vertex -19.4 19.4 13.2
      vertex -21.7765 23.8978 13.2
    endloop
  endfacet
  facet normal 0 -0 1
    outer loop
      vertex -23.9743 -21.3916 13.2
      vertex -19.4 -19.4 13.2
      vertex -24 -21 13.2
    endloop
  endfacet
  facet normal -0 0 1
    outer loop
      vertex -22.5 23.5981 13.2
      vertex -19.4 19.4 13.2
      vertex -22.1481 23.7716 13.2
    endloop
  endfacet
  facet normal 0 0 1
    outer loop
      vertex -19.4 -19.4 13.2
      vertex -21.3916 -23.9743 13.2
      vertex -21 -24 13.2
    endloop
  endfacet
  facet normal -0 0 1
    outer loop
      vertex -22.8263 23.3801 13.2
      vertex -19.4 19.4 13.2
      vertex -22.5 23.5981 13.2
    endloop
  endfacet
  facet normal 0 0 1
    outer loop
      vertex -19.4 -19.4 13.2
      vertex -21.7765 -23.8978 13.2
      vertex -21.3916 -23.9743 13.2
    endloop
  endfacet
  facet normal -0 0 1
    outer loop
      vertex -23.1213 23.1213 13.2
      vertex -19.4 19.4 13.2
      vertex -22.8263 23.3801 13.2
    endloop
  endfacet
  facet normal 0 0 1
    outer loop
      vertex -19.4 -19.4 13.2
      vertex -22.1481 -23.7716 13.2
      vertex -21.7765 -23.8978 13.2
    endloop
  endfacet
  facet normal -0 0 1
    outer loop
      vertex -23.3801 22.8263 13.2
      vertex -19.4 19.4 13.2
      vertex -23.1213 23.1213 13.2
    endloop
  endfacet
  facet normal 0 0 1
    outer loop
      vertex -19.4 -19.4 13.2
      vertex -22.5 -23.5981 13.2
      vertex -22.1481 -23.7716 13.2
    endloop
  endfacet
  facet normal -0 0 1
    outer loop
      vertex -23.5981 22.5 13.2
      vertex -19.4 19.4 13.2
      vertex -23.3801 22.8263 13.2
    endloop
  endfacet
  facet normal 0 0 1
    outer loop
      vertex -19.4 -19.4 13.2
      vertex -22.8263 -23.3801 13.2
      vertex -22.5 -23.5981 13.2
    endloop
  endfacet
  facet normal -0 0 1
    outer loop
      vertex -23.7716 22.1481 13.2
      vertex -19.4 19.4 13.2
      vertex -23.5981 22.5 13.2
    endloop
  endfacet
  facet normal 0 0 1
    outer loop
      vertex -19.4 -19.4 13.2
      vertex -23.1213 -23.1213 13.2
      vertex -22.8263 -23.3801 13.2
    endloop
  endfacet
  facet normal -0 0 1
    outer loop
      vertex -23.8978 21.7765 13.2
      vertex -19.4 19.4 13.2
      vertex -23.7716 22.1481 13.2
    endloop
  endfacet
  facet normal 0 0 1
    outer loop
      vertex -19.4 -19.4 13.2
      vertex -23.3801 -22.8263 13.2
      vertex -23.1213 -23.1213 13.2
    endloop
  endfacet
  facet normal -0 0 1
    outer loop
      vertex -23.9743 21.3916 13.2
      vertex -19.4 19.4 13.2
      vertex -23.8978 21.7765 13.2
    endloop
  endfacet
  facet normal 0 0 1
    outer loop
      vertex -19.4 -19.4 13.2
      vertex -23.5981 -22.5 13.2
      vertex -23.3801 -22.8263 13.2
    endloop
  endfacet
  facet normal 0 0 1
    outer loop
      vertex -19.4 19.4 13.2
      vertex -23.9743 21.3916 13.2
      vertex -24 21 13.2
    endloop
  endfacet
  facet normal 0 0 1
    outer loop
      vertex -19.4 -19.4 13.2
      vertex -23.7716 -22.1481 13.2
      vertex -23.5981 -22.5 13.2
    endloop
  endfacet
  facet normal 0 0 1
    outer loop
      vertex -19.4 -19.4 13.2
      vertex -23.8978 -21.7765 13.2
      vertex -23.7716 -22.1481 13.2
    endloop
  endfacet
  facet normal 0 0 1
    outer loop
      vertex -19.4 -19.4 13.2
      vertex -23.9743 -21.3916 13.2
      vertex -23.8978 -21.7765 13.2
    endloop
  endfacet
  facet normal 1 -0 0
    outer loop
      vertex 0.599991 10.6 13.2
      vertex 0.599991 19.4 3.2
      vertex 0.599991 19.4 13.2
    endloop
  endfacet
  facet normal 1 0 0
    outer loop
      vertex 0.599991 19.4 3.2
      vertex 0.599991 10.6 13.2
      vertex 0.599991 10.6 3.2
    endloop
  endfacet
  facet normal 0 -1 0
    outer loop
      vertex 0.599991 19.4 3.2
      vertex 9.39999 19.4 13.2
      vertex 0.599991 19.4 13.2
    endloop
  endfacet
  facet normal 0 -1 -0
    outer loop
      vertex 9.39999 19.4 13.2
      vertex 0.599991 19.4 3.2
      vertex 9.39999 19.4 3.2
    endloop
  endfacet
  facet normal -1 0 0
    outer loop
      vertex 9.39999 10.6 3.2
      vertex 9.39999 19.4 13.2
      vertex 9.39999 19.4 3.2
    endloop
  endfacet
  facet normal -1 -0 0
    outer loop
      vertex 9.39999 19.4 13.2
      vertex 9.39999 10.6 3.2
      vertex 9.39999 10.6 13.2
    endloop
  endfacet
  facet normal 0 1 -0
    outer loop
      vertex 9.39999 10.6 3.2
      vertex 0.599991 10.6 13.2
      vertex 9.39999 10.6 13.2
    endloop
  endfacet
  facet normal 0 1 0
    outer loop
      vertex 0.599991 10.6 13.2
      vertex 9.39999 10.6 3.2
      vertex 0.599991 10.6 3.2
    endloop
  endfacet
  facet normal 1 -0 0
    outer loop
      vertex 10.6 10.6 13.2
      vertex 10.6 19.4 3.2
      vertex 10.6 19.4 13.2
    endloop
  endfacet
  facet normal 1 0 0
    outer loop
      vertex 10.6 19.4 3.2
      vertex 10.6 10.6 13.2
      vertex 10.6 10.6 3.2
    endloop
  endfacet
  facet normal 0 -1 0
    outer loop
      vertex 10.6 19.4 3.2
      vertex 19.4 19.4 13.2
      vertex 10.6 19.4 13.2
    endloop
  endfacet
  facet normal 0 -1 -0
    outer loop
      vertex 19.4 19.4 13.2
      vertex 10.6 19.4 3.2
      vertex 19.4 19.4 3.2
    endloop
  endfacet
  facet normal -1 0 0
    outer loop
      vertex 19.4 10.6 3.2
      vertex 19.4 19.4 13.2
      vertex 19.4 19.4 3.2
    endloop
  endfacet
  facet normal -1 -0 0
    outer loop
      vertex 19.4 19.4 13.2
      vertex 19.4 10.6 3.2
      vertex 19.4 10.6 13.2
    endloop
  endfacet
  facet normal 0 1 -0
    outer loop
      vertex 19.4 10.6 3.2
      vertex 10.6 10.6 13.2
      vertex 19.4 10.6 13.2
    endloop
  endfacet
  facet normal 0 1 0
    outer loop
      vertex 10.6 10.6 13.2
      vertex 19.4 10.6 3.2
      vertex 10.6 10.6 3.2
    endloop
  endfacet
  facet normal 1 -0 0
    outer loop
      vertex -9.39999 10.6 13.2
      vertex -9.39999 19.4 3.2
      vertex -9.39999 19.4 13.2
    endloop
  endfacet
  facet normal 1 0 0
    outer loop
      vertex -9.39999 19.4 3.2
      vertex -9.39999 10.6 13.2
      vertex -9.39999 10.6 3.2
    endloop
  endfacet
  facet normal 0 -1 0
    outer loop
      vertex -9.39999 19.4 3.2
      vertex -0.599991 19.4 13.2
      vertex -9.39999 19.4 13.2
    endloop
  endfacet
  facet normal 0 -1 -0
    outer loop
      vertex -0.599991 19.4 13.2
      vertex -9.39999 19.4 3.2
      vertex -0.599991 19.4 3.2
    endloop
  endfacet
  facet normal -1 0 0
    outer loop
      vertex -0.599991 10.6 3.2
      vertex -0.599991 19.4 13.2
      vertex -0.599991 19.4 3.2
    endloop
  endfacet
  facet normal -1 -0 0
    outer loop
      vertex -0.599991 19.4 13.2
      vertex -0.599991 10.6 3.2
      vertex -0.599991 10.6 13.2
    endloop
  endfacet
  facet normal 0 1 -0
    outer loop
      vertex -0.599991 10.6 3.2
      vertex -9.39999 10.6 13.2
      vertex -0.599991 10.6 13.2
    endloop
  endfacet
  facet normal 0 1 0
    outer loop
      vertex -9.39999 10.6 13.2
      vertex -0.599991 10.6 3.2
      vertex -9.39999 10.6 3.2
    endloop
  endfacet
  facet normal 1 -0 0
    outer loop
      vertex -19.4 10.6 13.2
      vertex -19.4 19.4 3.2
      vertex -19.4 19.4 13.2
    endloop
  endfacet
  facet normal 1 0 0
    outer loop
      vertex -19.4 19.4 3.2
      vertex -19.4 10.6 13.2
      vertex -19.4 10.6 3.2
    endloop
  endfacet
  facet normal 0 -1 0
    outer loop
      vertex -19.4 19.4 3.2
      vertex -10.6 19.4 13.2
      vertex -19.4 19.4 13.2
    endloop
  endfacet
  facet normal 0 -1 -0
    outer loop
      vertex -10.6 19.4 13.2
      vertex -19.4 19.4 3.2
      vertex -10.6 19.4 3.2
    endloop
  endfacet
  facet normal -1 0 0
    outer loop
      vertex -10.6 10.6 3.2
      vertex -10.6 19.4 13.2
      vertex -10.6 19.4 3.2
    endloop
  endfacet
  facet normal -1 -0 0
    outer loop
      vertex -10.6 19.4 13.2
      vertex -10.6 10.6 3.2
      vertex -10.6 10.6 13.2
    endloop
  endfacet
  facet normal 0 1 -0
    outer loop
      vertex -10.6 10.6 3.2
      vertex -19.4 10.6 13.2
      vertex -10.6 10.6 13.2
    endloop
  endfacet
  facet normal 0 1 0
    outer loop
      vertex -19.4 10.6 13.2
      vertex -10.6 10.6 3.2
      vertex -19.4 10.6 3.2
    endloop
  endfacet
  facet normal 1 -0 0
    outer loop
      vertex -19.4 0.599991 13.2
      vertex -19.4 9.39999 3.2
      vertex -19.4 9.39999 13.2
    endloop
  endfacet
  facet normal 1 0 0
    outer loop
      vertex -19.4 9.39999 3.2
      vertex -19.4 0.599991 13.2
      vertex -19.4 0.599991 3.2
    endloop
  endfacet
  facet normal 0 -1 0
    outer loop
      vertex -19.4 9.39999 3.2
      vertex -10.6 9.39999 13.2
      vertex -19.4 9.39999 13.2
    endloop
  endfacet
  facet normal 0 -1 -0
    outer loop
      vertex -10.6 9.39999 13.2
      vertex -19.4 9.39999 3.2
      vertex -10.6 9.39999 3.2
    endloop
  endfacet
  facet normal -1 0 0
    outer loop
      vertex -10.6 0.599991 3.2
      vertex -10.6 9.39999 13.2
      vertex -10.6 9.39999 3.2
    endloop
  endfacet
  facet normal -1 -0 0
    outer loop
      vertex -10.6 9.39999 13.2
      vertex -10.6 0.599991 3.2
      vertex -10.6 0.599991 13.2
    endloop
  endfacet
  facet normal 0 1 -0
    outer loop
      vertex -10.6 0.599991 3.2
      vertex -19.4 0.599991 13.2
      vertex -10.6 0.599991 13.2
    endloop
  endfacet
  facet normal 0 1 0
    outer loop
      vertex -19.4 0.599991 13.2
      vertex -10.6 0.599991 3.2
      vertex -19.4 0.599991 3.2
    endloop
  endfacet
  facet normal 1 -0 0
    outer loop
      vertex -9.39999 0.599991 13.2
      vertex -9.39999 9.39999 3.2
      vertex -9.39999 9.39999 13.2
    endloop
  endfacet
  facet normal 1 0 0
    outer loop
      vertex -9.39999 9.39999 3.2
      vertex -9.39999 0.599991 13.2
      vertex -9.39999 0.599991 3.2
    endloop
  endfacet
  facet normal 0 -1 0
    outer loop
      vertex -9.39999 9.39999 3.2
      vertex -0.599991 9.39999 13.2
      vertex -9.39999 9.39999 13.2
    endloop
  endfacet
  facet normal 0 -1 -0
    outer loop
      vertex -0.599991 9.39999 13.2
      vertex -9.39999 9.39999 3.2
      vertex -0.599991 9.39999 3.2
    endloop
  endfacet
  facet normal -1 0 0
    outer loop
      vertex -0.599991 0.599991 3.2
      vertex -0.599991 9.39999 13.2
      vertex -0.599991 9.39999 3.2
    endloop
  endfacet
  facet normal -1 -0 0
    outer loop
      vertex -0.599991 9.39999 13.2
      vertex -0.599991 0.599991 3.2
      vertex -0.599991 0.599991 13.2
    endloop
  endfacet
  facet normal 0 1 -0
    outer loop
      vertex -0.599991 0.599991 3.2
      vertex -9.39999 0.599991 13.2
      vertex -0.599991 0.599991 13.2
    endloop
  endfacet
  facet normal 0 1 0
    outer loop
      vertex -9.39999 0.599991 13.2
      vertex -0.599991 0.599991 3.2
      vertex -9.39999 0.599991 3.2
    endloop
  endfacet
  facet normal 1 -0 0
    outer loop
      vertex 0.599991 0.599991 13.2
      vertex 0.599991 9.39999 3.2
      vertex 0.599991 9.39999 13.2
    endloop
  endfacet
  facet normal 1 0 0
    outer loop
      vertex 0.599991 9.39999 3.2
      vertex 0.599991 0.599991 13.2
      vertex 0.599991 0.599991 3.2
    endloop
  endfacet
  facet normal 0 -1 0
    outer loop
      vertex 0.599991 9.39999 3.2
      vertex 9.39999 9.39999 13.2
      vertex 0.599991 9.39999 13.2
    endloop
  endfacet
  facet normal 0 -1 -0
    outer loop
      vertex 9.39999 9.39999 13.2
      vertex 0.599991 9.39999 3.2
      vertex 9.39999 9.39999 3.2
    endloop
  endfacet
  facet normal -1 0 0
    outer loop
      vertex 9.39999 0.599991 3.2
      vertex 9.39999 9.39999 13.2
      vertex 9.39999 9.39999 3.2
    endloop
  endfacet
  facet normal -1 -0 0
    outer loop
      vertex 9.39999 9.39999 13.2
      vertex 9.39999 0.599991 3.2
      vertex 9.39999 0.599991 13.2
    endloop
  endfacet
  facet normal 0 1 -0
    outer loop
      vertex 9.39999 0.599991 3.2
      vertex 0.599991 0.599991 13.2
      vertex 9.39999 0.599991 13.2
    endloop
  endfacet
  facet normal 0 1 0
    outer loop
      vertex 0.599991 0.599991 13.2
      vertex 9.39999 0.599991 3.2
      vertex 0.599991 0.599991 3.2
    endloop
  endfacet
  facet normal 1 -0 0
    outer loop
      vertex 10.6 0.599991 13.2
      vertex 10.6 9.39999 3.2
      vertex 10.6 9.39999 13.2
    endloop
  endfacet
  facet normal 1 0 0
    outer loop
      vertex 10.6 9.39999 3.2
      vertex 10.6 0.599991 13.2
      vertex 10.6 0.599991 3.2
    endloop
  endfacet
  facet normal 0 -1 0
    outer loop
      vertex 10.6 9.39999 3.2
      vertex 19.4 9.39999 13.2
      vertex 10.6 9.39999 13.2
    endloop
  endfacet
  facet normal 0 -1 -0
    outer loop
      vertex 19.4 9.39999 13.2
      vertex 10.6 9.39999 3.2
      vertex 19.4 9.39999 3.2
    endloop
  endfacet
  facet normal -1 0 0
    outer loop
      vertex 19.4 0.599991 3.2
      vertex 19.4 9.39999 13.2
      vertex 19.4 9.39999 3.2
    endloop
  endfacet
  facet normal -1 -0 0
    outer loop
      vertex 19.4 9.39999 13.2
      vertex 19.4 0.599991 3.2
      vertex 19.4 0.599991 13.2
    endloop
  endfacet
  facet normal 0 1 -0
    outer loop
      vertex 19.4 0.599991 3.2
      vertex 10.6 0.599991 13.2
      vertex 19.4 0.599991 13.2
    endloop
  endfacet
  facet normal 0 1 0
    outer loop
      vertex 10.6 0.599991 13.2
      vertex 19.4 0.599991 3.2
      vertex 10.6 0.599991 3.2
    endloop
  endfacet
  facet normal 1 -0 0
    outer loop
      vertex -19.4 -9.39999 13.2
      vertex -19.4 -0.599991 3.2
      vertex -19.4 -0.599991 13.2
    endloop
  endfacet
  facet normal 1 0 0
    outer loop
      vertex -19.4 -0.599991 3.2
      vertex -19.4 -9.39999 13.2
      vertex -19.4 -9.39999 3.2
    endloop
  endfacet
  facet normal 0 -1 0
    outer loop
      vertex -19.4 -0.599991 3.2
      vertex -10.6 -0.599991 13.2
      vertex -19.4 -0.599991 13.2
    endloop
  endfacet
  facet normal 0 -1 -0
    outer loop
      vertex -10.6 -0.599991 13.2
      vertex -19.4 -0.599991 3.2
      vertex -10.6 -0.599991 3.2
    endloop
  endfacet
  facet normal -1 0 0
    outer loop
      vertex -10.6 -9.39999 3.2
      vertex -10.6 -0.599991 13.2
      vertex -10.6 -0.599991 3.2
    endloop
  endfacet
  facet normal -1 -0 0
    outer loop
      vertex -10.6 -0.599991 13.2
      vertex -10.6 -9.39999 3.2
      vertex -10.6 -9.39999 13.2
    endloop
  endfacet
  facet normal 0 1 -0
    outer loop
      vertex -10.6 -9.39999 3.2
      vertex -19.4 -9.39999 13.2
      vertex -10.6 -9.39999 13.2
    endloop
  endfacet
  facet normal 0 1 0
    outer loop
      vertex -19.4 -9.39999 13.2
      vertex -10.6 -9.39999 3.2
      vertex -19.4 -9.39999 3.2
    endloop
  endfacet
  facet normal 1 -0 0
    outer loop
      vertex -9.39999 -9.39999 13.2
      vertex -9.39999 -0.599991 3.2
      vertex -9.39999 -0.599991 13.2
    endloop
  endfacet
  facet normal 1 0 0
    outer loop
      vertex -9.39999 -0.599991 3.2
      vertex -9.39999 -9.39999 13.2
      vertex -9.39999 -9.39999 3.2
    endloop
  endfacet
  facet normal 0 -1 0
    outer loop
      vertex -9.39999 -0.599991 3.2
      vertex -0.599991 -0.599991 13.2
      vertex -9.39999 -0.599991 13.2
    endloop
  endfacet
  facet normal 0 -1 -0
    outer loop
      vertex -0.599991 -0.599991 13.2
      vertex -9.39999 -0.599991 3.2
      vertex -0.599991 -0.599991 3.2
    endloop
  endfacet
  facet normal -1 0 0
    outer loop
      vertex -0.599991 -9.39999 3.2
      vertex -0.599991 -0.599991 13.2
      vertex -0.599991 -0.599991 3.2
    endloop
  endfacet
  facet normal -1 -0 0
    outer loop
      vertex -0.599991 -0.599991 13.2
      vertex -0.599991 -9.39999 3.2
      vertex -0.599991 -9.39999 13.2
    endloop
  endfacet
  facet normal 0 1 -0
    outer loop
      vertex -0.599991 -9.39999 3.2
      vertex -9.39999 -9.39999 13.2
      vertex -0.599991 -9.39999 13.2
    endloop
  endfacet
  facet normal 0 1 0
    outer loop
      vertex -9.39999 -9.39999 13.2
      vertex -0.599991 -9.39999 3.2
      vertex -9.39999 -9.39999 3.2
    endloop
  endfacet
  facet normal 1 -0 0
    outer loop
      vertex 0.599991 -9.39999 13.2
      vertex 0.599991 -0.599991 3.2
      vertex 0.599991 -0.599991 13.2
    endloop
  endfacet
  facet normal 1 0 0
    outer loop
      vertex 0.599991 -0.599991 3.2
      vertex 0.599991 -9.39999 13.2
      vertex 0.599991 -9.39999 3.2
    endloop
  endfacet
  facet normal 0 -1 0
    outer loop
      vertex 0.599991 -0.599991 3.2
      vertex 9.39999 -0.599991 13.2
      vertex 0.599991 -0.599991 13.2
    endloop
  endfacet
  facet normal 0 -1 -0
    outer loop
      vertex 9.39999 -0.599991 13.2
      vertex 0.599991 -0.599991 3.2
      vertex 9.39999 -0.599991 3.2
    endloop
  endfacet
  facet normal -1 0 0
    outer loop
      vertex 9.39999 -9.39999 3.2
      vertex 9.39999 -0.599991 13.2
      vertex 9.39999 -0.599991 3.2
    endloop
  endfacet
  facet normal -1 -0 0
    outer loop
      vertex 9.39999 -0.599991 13.2
      vertex 9.39999 -9.39999 3.2
      vertex 9.39999 -9.39999 13.2
    endloop
  endfacet
  facet normal 0 1 -0
    outer loop
      vertex 9.39999 -9.39999 3.2
      vertex 0.599991 -9.39999 13.2
      vertex 9.39999 -9.39999 13.2
    endloop
  endfacet
  facet normal 0 1 0
    outer loop
      vertex 0.599991 -9.39999 13.2
      vertex 9.39999 -9.39999 3.2
      vertex 0.599991 -9.39999 3.2
    endloop
  endfacet
  facet normal 1 -0 0
    outer loop
      vertex 10.6 -9.39999 13.2
      vertex 10.6 -0.599991 3.2
      vertex 10.6 -0.599991 13.2
    endloop
  endfacet
  facet normal 1 0 0
    outer loop
      vertex 10.6 -0.599991 3.2
      vertex 10.6 -9.39999 13.2
      vertex 10.6 -9.39999 3.2
    endloop
  endfacet
  facet normal 0 -1 0
    outer loop
      vertex 10.6 -0.599991 3.2
      vertex 19.4 -0.599991 13.2
      vertex 10.6 -0.599991 13.2
    endloop
  endfacet
  facet normal 0 -1 -0
    outer loop
      vertex 19.4 -0.599991 13.2
      vertex 10.6 -0.599991 3.2
      vertex 19.4 -0.599991 3.2
    endloop
  endfacet
  facet normal -1 0 0
    outer loop
      vertex 19.4 -9.39999 3.2
      vertex 19.4 -0.599991 13.2
      vertex 19.4 -0.599991 3.2
    endloop
  endfacet
  facet normal -1 -0 0
    outer loop
      vertex 19.4 -0.599991 13.2
      vertex 19.4 -9.39999 3.2
      vertex 19.4 -9.39999 13.2
    endloop
  endfacet
  facet normal 0 1 -0
    outer loop
      vertex 19.4 -9.39999 3.2
      vertex 10.6 -9.39999 13.2
      vertex 19.4 -9.39999 13.2
    endloop
  endfacet
  facet normal 0 1 0
    outer loop
      vertex 10.6 -9.39999 13.2
      vertex 19.4 -9.39999 3.2
      vertex 10.6 -9.39999 3.2
    endloop
  endfacet
  facet normal 1 -0 0
    outer loop
      vertex -19.4 -19.4 13.2
      vertex -19.4 -10.6 3.2
      vertex -19.4 -10.6 13.2
    endloop
  endfacet
  facet normal 1 0 0
    outer loop
      vertex -19.4 -10.6 3.2
      vertex -19.4 -19.4 13.2
      vertex -19.4 -19.4 3.2
    endloop
  endfacet
  facet normal 0 -1 0
    outer loop
      vertex -19.4 -10.6 3.2
      vertex -10.6 -10.6 13.2
      vertex -19.4 -10.6 13.2
    endloop
  endfacet
  facet normal 0 -1 -0
    outer loop
      vertex -10.6 -10.6 13.2
      vertex -19.4 -10.6 3.2
      vertex -10.6 -10.6 3.2
    endloop
  endfacet
  facet normal -1 0 0
    outer loop
      vertex -10.6 -19.4 3.2
      vertex -10.6 -10.6 13.2
      vertex -10.6 -10.6 3.2
    endloop
  endfacet
  facet normal -1 -0 0
    outer loop
      vertex -10.6 -10.6 13.2
      vertex -10.6 -19.4 3.2
      vertex -10.6 -19.4 13.2
    endloop
  endfacet
  facet normal 0 1 -0
    outer loop
      vertex -10.6 -19.4 3.2
      vertex -19.4 -19.4 13.2
      vertex -10.6 -19.4 13.2
    endloop
  endfacet
  facet normal 0 1 0
    outer loop
      vertex -19.4 -19.4 13.2
      vertex -10.6 -19.4 3.2
      vertex -19.4 -19.4 3.2
    endloop
  endfacet
  facet normal 1 -0 0
    outer loop
      vertex -9.39999 -19.4 13.2
      vertex -9.39999 -10.6 3.2
      vertex -9.39999 -10.6 13.2
    endloop
  endfacet
  facet normal 1 0 0
    outer loop
      vertex -9.39999 -10.6 3.2
      vertex -9.39999 -19.4 13.2
      vertex -9.39999 -19.4 3.2
    endloop
  endfacet
  facet normal 0 -1 0
    outer loop
      vertex -9.39999 -10.6 3.2
      vertex -0.599991 -10.6 13.2
      vertex -9.39999 -10.6 13.2
    endloop
  endfacet
  facet normal 0 -1 -0
    outer loop
      vertex -0.599991 -10.6 13.2
      vertex -9.39999 -10.6 3.2
      vertex -0.599991 -10.6 3.2
    endloop
  endfacet
  facet normal -1 0 0
    outer loop
      vertex -0.599991 -19.4 3.2
      vertex -0.599991 -10.6 13.2
      vertex -0.599991 -10.6 3.2
    endloop
  endfacet
  facet normal -1 -0 0
    outer loop
      vertex -0.599991 -10.6 13.2
      vertex -0.599991 -19.4 3.2
      vertex -0.599991 -19.4 13.2
    endloop
  endfacet
  facet normal 0 1 -0
    outer loop
      vertex -0.599991 -19.4 3.2
      vertex -9.39999 -19.4 13.2
      vertex -0.599991 -19.4 13.2
    endloop
  endfacet
  facet normal 0 1 0
    outer loop
      vertex -9.39999 -19.4 13.2
      vertex -0.599991 -19.4 3.2
      vertex -9.39999 -19.4 3.2
    endloop
  endfacet
  facet normal 1 -0 0
    outer loop
      vertex 0.599991 -19.4 13.2
      vertex 0.599991 -10.6 3.2
      vertex 0.599991 -10.6 13.2
    endloop
  endfacet
  facet normal 1 0 0
    outer loop
      vertex 0.599991 -10.6 3.2
      vertex 0.599991 -19.4 13.2
      vertex 0.599991 -19.4 3.2
    endloop
  endfacet
  facet normal 0 -1 0
    outer loop
      vertex 0.599991 -10.6 3.2
      vertex 9.39999 -10.6 13.2
      vertex 0.599991 -10.6 13.2
    endloop
  endfacet
  facet normal 0 -1 -0
    outer loop
      vertex 9.39999 -10.6 13.2
      vertex 0.599991 -10.6 3.2
      vertex 9.39999 -10.6 3.2
    endloop
  endfacet
  facet normal -1 0 0
    outer loop
      vertex 9.39999 -19.4 3.2
      vertex 9.39999 -10.6 13.2
      vertex 9.39999 -10.6 3.2
    endloop
  endfacet
  facet normal -1 -0 0
    outer loop
      vertex 9.39999 -10.6 13.2
      vertex 9.39999 -19.4 3.2
      vertex 9.39999 -19.4 13.2
    endloop
  endfacet
  facet normal 0 1 -0
    outer loop
      vertex 9.39999 -19.4 3.2
      vertex 0.599991 -19.4 13.2
      vertex 9.39999 -19.4 13.2
    endloop
  endfacet
  facet normal 0 1 0
    outer loop
      vertex 0.599991 -19.4 13.2
      vertex 9.39999 -19.4 3.2
      vertex 0.599991 -19.4 3.2
    endloop
  endfacet
  facet normal 1 -0 0
    outer loop
      vertex 10.6 -19.4 13.2
      vertex 10.6 -10.6 3.2
      vertex 10.6 -10.6 13.2
    endloop
  endfacet
  facet normal 1 0 0
    outer loop
      vertex 10.6 -10.6 3.2
      vertex 10.6 -19.4 13.2
      vertex 10.6 -19.4 3.2
    endloop
  endfacet
  facet normal 0 -1 0
    outer loop
      vertex 10.6 -10.6 3.2
      vertex 19.4 -10.6 13.2
      vertex 10.6 -10.6 13.2
    endloop
  endfacet
  facet normal 0 -1 -0
    outer loop
      vertex 19.4 -10.6 13.2
      vertex 10.6 -10.6 3.2
      vertex 19.4 -10.6 3.2
    endloop
  endfacet
  facet normal -1 0 0
    outer loop
      vertex 19.4 -19.4 3.2
      vertex 19.4 -10.6 13.2
      vertex 19.4 -10.6 3.2
    endloop
  endfacet
  facet normal -1 -0 0
    outer loop
      vertex 19.4 -10.6 13.2
      vertex 19.4 -19.4 3.2
      vertex 19.4 -19.4 13.2
    endloop
  endfacet
  facet normal 0 1 -0
    outer loop
      vertex 19.4 -19.4 3.2
      vertex 10.6 -19.4 13.2
      vertex 19.4 -19.4 13.2
    endloop
  endfacet
  facet normal 0 1 0
    outer loop
      vertex 10.6 -19.4 13.2
      vertex 19.4 -19.4 3.2
      vertex 10.6 -19.4 3.2
    endloop
  endfacet
endsolid OpenSCAD_Model
