solid OpenSCAD_Model
  facet normal 0 0 -1
    outer loop
      vertex -78.9 69.4 0
      vertex -70.6 70.6 0
      vertex -70.6 69.4 0
    endloop
  endfacet
  facet normal -0 0 -1
    outer loop
      vertex -70.6 70.6 0
      vertex -78.9 69.4 0
      vertex -78.9 70.6 0
    endloop
  endfacet
  facet normal 0 0 -1
    outer loop
      vertex -78.9 59.4 0
      vertex -70.6 60.6 0
      vertex -70.6 59.4 0
    endloop
  endfacet
  facet normal -0 0 -1
    outer loop
      vertex -70.6 60.6 0
      vertex -78.9 59.4 0
      vertex -78.9 60.6 0
    endloop
  endfacet
  facet normal 0 0 -1
    outer loop
      vertex -78.9 49.4 0
      vertex -70.6 50.6 0
      vertex -70.6 49.4 0
    endloop
  endfacet
  facet normal -0 0 -1
    outer loop
      vertex -70.6 50.6 0
      vertex -78.9 49.4 0
      vertex -78.9 50.6 0
    endloop
  endfacet
  facet normal 0 0 -1
    outer loop
      vertex -78.9 39.4 0
      vertex -70.6 40.6 0
      vertex -70.6 39.4 0
    endloop
  endfacet
  facet normal -0 0 -1
    outer loop
      vertex -70.6 40.6 0
      vertex -78.9 39.4 0
      vertex -78.9 40.6 0
    endloop
  endfacet
  facet normal 0 0 -1
    outer loop
      vertex -78.9 29.4 0
      vertex -70.6 30.6 0
      vertex -70.6 29.4 0
    endloop
  endfacet
  facet normal -0 0 -1
    outer loop
      vertex -70.6 30.6 0
      vertex -78.9 29.4 0
      vertex -78.9 30.6 0
    endloop
  endfacet
  facet normal 0 0 -1
    outer loop
      vertex -78.9 19.4 0
      vertex -70.6 20.6 0
      vertex -70.6 19.4 0
    endloop
  endfacet
  facet normal -0 0 -1
    outer loop
      vertex -70.6 20.6 0
      vertex -78.9 19.4 0
      vertex -78.9 20.6 0
    endloop
  endfacet
  facet normal 0 0 -1
    outer loop
      vertex -78.9 9.39999 0
      vertex -70.6 10.6 0
      vertex -70.6 9.39999 0
    endloop
  endfacet
  facet normal -0 0 -1
    outer loop
      vertex -70.6 10.6 0
      vertex -78.9 9.39999 0
      vertex -78.9 10.6 0
    endloop
  endfacet
  facet normal 0 0 -1
    outer loop
      vertex -78.9 -0.599991 0
      vertex -70.6 0.599991 0
      vertex -70.6 -0.599991 0
    endloop
  endfacet
  facet normal -0 0 -1
    outer loop
      vertex -70.6 0.599991 0
      vertex -78.9 -0.599991 0
      vertex -78.9 0.599991 0
    endloop
  endfacet
  facet normal 0 0 -1
    outer loop
      vertex -78.9 -10.6 0
      vertex -70.6 -9.39999 0
      vertex -70.6 -10.6 0
    endloop
  endfacet
  facet normal -0 0 -1
    outer loop
      vertex -70.6 -9.39999 0
      vertex -78.9 -10.6 0
      vertex -78.9 -9.39999 0
    endloop
  endfacet
  facet normal 0 0 -1
    outer loop
      vertex -78.9 -20.6 0
      vertex -70.6 -19.4 0
      vertex -70.6 -20.6 0
    endloop
  endfacet
  facet normal -0 0 -1
    outer loop
      vertex -70.6 -19.4 0
      vertex -78.9 -20.6 0
      vertex -78.9 -19.4 0
    endloop
  endfacet
  facet normal 0 0 -1
    outer loop
      vertex -78.9 -30.6 0
      vertex -70.6 -29.4 0
      vertex -70.6 -30.6 0
    endloop
  endfacet
  facet normal -0 0 -1
    outer loop
      vertex -70.6 -29.4 0
      vertex -78.9 -30.6 0
      vertex -78.9 -29.4 0
    endloop
  endfacet
  facet normal 0 0 -1
    outer loop
      vertex -78.9 -40.6 0
      vertex -70.6 -39.4 0
      vertex -70.6 -40.6 0
    endloop
  endfacet
  facet normal -0 0 -1
    outer loop
      vertex -70.6 -39.4 0
      vertex -78.9 -40.6 0
      vertex -78.9 -39.4 0
    endloop
  endfacet
  facet normal 0 0 -1
    outer loop
      vertex -78.9 -50.6 0
      vertex -70.6 -49.4 0
      vertex -70.6 -50.6 0
    endloop
  endfacet
  facet normal -0 0 -1
    outer loop
      vertex -70.6 -49.4 0
      vertex -78.9 -50.6 0
      vertex -78.9 -49.4 0
    endloop
  endfacet
  facet normal 0 0 -1
    outer loop
      vertex -78.9 -60.6 0
      vertex -70.6 -59.4 0
      vertex -70.6 -60.6 0
    endloop
  endfacet
  facet normal -0 0 -1
    outer loop
      vertex -70.6 -59.4 0
      vertex -78.9 -60.6 0
      vertex -78.9 -59.4 0
    endloop
  endfacet
  facet normal 0 0 -1
    outer loop
      vertex -78.9 -70.6 0
      vertex -70.6 -69.4 0
      vertex -70.6 -70.6 0
    endloop
  endfacet
  facet normal -0 0 -1
    outer loop
      vertex -70.6 -69.4 0
      vertex -78.9 -70.6 0
      vertex -78.9 -69.4 0
    endloop
  endfacet
  facet normal 0 0 -1
    outer loop
      vertex -69.4 69.4 0
      vertex -60.6 70.6 0
      vertex -60.6 69.4 0
    endloop
  endfacet
  facet normal -0 0 -1
    outer loop
      vertex -60.6 70.6 0
      vertex -69.4 69.4 0
      vertex -69.4 70.6 0
    endloop
  endfacet
  facet normal 0 0 -1
    outer loop
      vertex -69.4 59.4 0
      vertex -60.6 60.6 0
      vertex -60.6 59.4 0
    endloop
  endfacet
  facet normal -0 0 -1
    outer loop
      vertex -60.6 60.6 0
      vertex -69.4 59.4 0
      vertex -69.4 60.6 0
    endloop
  endfacet
  facet normal 0 0 -1
    outer loop
      vertex -69.4 49.4 0
      vertex -60.6 50.6 0
      vertex -60.6 49.4 0
    endloop
  endfacet
  facet normal -0 0 -1
    outer loop
      vertex -60.6 50.6 0
      vertex -69.4 49.4 0
      vertex -69.4 50.6 0
    endloop
  endfacet
  facet normal 0 0 -1
    outer loop
      vertex -69.4 39.4 0
      vertex -60.6 40.6 0
      vertex -60.6 39.4 0
    endloop
  endfacet
  facet normal -0 0 -1
    outer loop
      vertex -60.6 40.6 0
      vertex -69.4 39.4 0
      vertex -69.4 40.6 0
    endloop
  endfacet
  facet normal 0 0 -1
    outer loop
      vertex -69.4 29.4 0
      vertex -60.6 30.6 0
      vertex -60.6 29.4 0
    endloop
  endfacet
  facet normal -0 0 -1
    outer loop
      vertex -60.6 30.6 0
      vertex -69.4 29.4 0
      vertex -69.4 30.6 0
    endloop
  endfacet
  facet normal 0 0 -1
    outer loop
      vertex -69.4 19.4 0
      vertex -60.6 20.6 0
      vertex -60.6 19.4 0
    endloop
  endfacet
  facet normal -0 0 -1
    outer loop
      vertex -60.6 20.6 0
      vertex -69.4 19.4 0
      vertex -69.4 20.6 0
    endloop
  endfacet
  facet normal 0 0 -1
    outer loop
      vertex -69.4 9.39999 0
      vertex -60.6 10.6 0
      vertex -60.6 9.39999 0
    endloop
  endfacet
  facet normal -0 0 -1
    outer loop
      vertex -60.6 10.6 0
      vertex -69.4 9.39999 0
      vertex -69.4 10.6 0
    endloop
  endfacet
  facet normal 0 0 -1
    outer loop
      vertex -69.4 -0.599991 0
      vertex -60.6 0.599991 0
      vertex -60.6 -0.599991 0
    endloop
  endfacet
  facet normal -0 0 -1
    outer loop
      vertex -60.6 0.599991 0
      vertex -69.4 -0.599991 0
      vertex -69.4 0.599991 0
    endloop
  endfacet
  facet normal 0 0 -1
    outer loop
      vertex -69.4 -10.6 0
      vertex -60.6 -9.39999 0
      vertex -60.6 -10.6 0
    endloop
  endfacet
  facet normal -0 0 -1
    outer loop
      vertex -60.6 -9.39999 0
      vertex -69.4 -10.6 0
      vertex -69.4 -9.39999 0
    endloop
  endfacet
  facet normal 0 0 -1
    outer loop
      vertex -69.4 -20.6 0
      vertex -60.6 -19.4 0
      vertex -60.6 -20.6 0
    endloop
  endfacet
  facet normal -0 0 -1
    outer loop
      vertex -60.6 -19.4 0
      vertex -69.4 -20.6 0
      vertex -69.4 -19.4 0
    endloop
  endfacet
  facet normal 0 0 -1
    outer loop
      vertex -69.4 -30.6 0
      vertex -60.6 -29.4 0
      vertex -60.6 -30.6 0
    endloop
  endfacet
  facet normal -0 0 -1
    outer loop
      vertex -60.6 -29.4 0
      vertex -69.4 -30.6 0
      vertex -69.4 -29.4 0
    endloop
  endfacet
  facet normal 0 0 -1
    outer loop
      vertex -69.4 -40.6 0
      vertex -60.6 -39.4 0
      vertex -60.6 -40.6 0
    endloop
  endfacet
  facet normal -0 0 -1
    outer loop
      vertex -60.6 -39.4 0
      vertex -69.4 -40.6 0
      vertex -69.4 -39.4 0
    endloop
  endfacet
  facet normal 0 0 -1
    outer loop
      vertex -69.4 -50.6 0
      vertex -60.6 -49.4 0
      vertex -60.6 -50.6 0
    endloop
  endfacet
  facet normal -0 0 -1
    outer loop
      vertex -60.6 -49.4 0
      vertex -69.4 -50.6 0
      vertex -69.4 -49.4 0
    endloop
  endfacet
  facet normal 0 0 -1
    outer loop
      vertex -69.4 -60.6 0
      vertex -60.6 -59.4 0
      vertex -60.6 -60.6 0
    endloop
  endfacet
  facet normal -0 0 -1
    outer loop
      vertex -60.6 -59.4 0
      vertex -69.4 -60.6 0
      vertex -69.4 -59.4 0
    endloop
  endfacet
  facet normal 0 0 -1
    outer loop
      vertex -69.4 -70.6 0
      vertex -60.6 -69.4 0
      vertex -60.6 -70.6 0
    endloop
  endfacet
  facet normal -0 0 -1
    outer loop
      vertex -60.6 -69.4 0
      vertex -69.4 -70.6 0
      vertex -69.4 -69.4 0
    endloop
  endfacet
  facet normal 0 0 -1
    outer loop
      vertex -59.4 69.4 0
      vertex -50.6 70.6 0
      vertex -50.6 69.4 0
    endloop
  endfacet
  facet normal -0 0 -1
    outer loop
      vertex -50.6 70.6 0
      vertex -59.4 69.4 0
      vertex -59.4 70.6 0
    endloop
  endfacet
  facet normal 0 0 -1
    outer loop
      vertex -59.4 59.4 0
      vertex -50.6 60.6 0
      vertex -50.6 59.4 0
    endloop
  endfacet
  facet normal -0 0 -1
    outer loop
      vertex -50.6 60.6 0
      vertex -59.4 59.4 0
      vertex -59.4 60.6 0
    endloop
  endfacet
  facet normal 0 0 -1
    outer loop
      vertex -59.4 49.4 0
      vertex -50.6 50.6 0
      vertex -50.6 49.4 0
    endloop
  endfacet
  facet normal -0 0 -1
    outer loop
      vertex -50.6 50.6 0
      vertex -59.4 49.4 0
      vertex -59.4 50.6 0
    endloop
  endfacet
  facet normal 0 0 -1
    outer loop
      vertex -59.4 39.4 0
      vertex -50.6 40.6 0
      vertex -50.6 39.4 0
    endloop
  endfacet
  facet normal -0 0 -1
    outer loop
      vertex -50.6 40.6 0
      vertex -59.4 39.4 0
      vertex -59.4 40.6 0
    endloop
  endfacet
  facet normal 0 0 -1
    outer loop
      vertex -59.4 29.4 0
      vertex -50.6 30.6 0
      vertex -50.6 29.4 0
    endloop
  endfacet
  facet normal -0 0 -1
    outer loop
      vertex -50.6 30.6 0
      vertex -59.4 29.4 0
      vertex -59.4 30.6 0
    endloop
  endfacet
  facet normal 0 0 -1
    outer loop
      vertex -59.4 19.4 0
      vertex -50.6 20.6 0
      vertex -50.6 19.4 0
    endloop
  endfacet
  facet normal -0 0 -1
    outer loop
      vertex -50.6 20.6 0
      vertex -59.4 19.4 0
      vertex -59.4 20.6 0
    endloop
  endfacet
  facet normal 0 0 -1
    outer loop
      vertex -59.4 9.39999 0
      vertex -50.6 10.6 0
      vertex -50.6 9.39999 0
    endloop
  endfacet
  facet normal -0 0 -1
    outer loop
      vertex -50.6 10.6 0
      vertex -59.4 9.39999 0
      vertex -59.4 10.6 0
    endloop
  endfacet
  facet normal 0 0 -1
    outer loop
      vertex -59.4 -0.599991 0
      vertex -50.6 0.599991 0
      vertex -50.6 -0.599991 0
    endloop
  endfacet
  facet normal -0 0 -1
    outer loop
      vertex -50.6 0.599991 0
      vertex -59.4 -0.599991 0
      vertex -59.4 0.599991 0
    endloop
  endfacet
  facet normal 0 0 -1
    outer loop
      vertex -59.4 -10.6 0
      vertex -50.6 -9.39999 0
      vertex -50.6 -10.6 0
    endloop
  endfacet
  facet normal -0 0 -1
    outer loop
      vertex -50.6 -9.39999 0
      vertex -59.4 -10.6 0
      vertex -59.4 -9.39999 0
    endloop
  endfacet
  facet normal 0 0 -1
    outer loop
      vertex -59.4 -20.6 0
      vertex -50.6 -19.4 0
      vertex -50.6 -20.6 0
    endloop
  endfacet
  facet normal -0 0 -1
    outer loop
      vertex -50.6 -19.4 0
      vertex -59.4 -20.6 0
      vertex -59.4 -19.4 0
    endloop
  endfacet
  facet normal 0 0 -1
    outer loop
      vertex -59.4 -30.6 0
      vertex -50.6 -29.4 0
      vertex -50.6 -30.6 0
    endloop
  endfacet
  facet normal -0 0 -1
    outer loop
      vertex -50.6 -29.4 0
      vertex -59.4 -30.6 0
      vertex -59.4 -29.4 0
    endloop
  endfacet
  facet normal 0 0 -1
    outer loop
      vertex -59.4 -40.6 0
      vertex -50.6 -39.4 0
      vertex -50.6 -40.6 0
    endloop
  endfacet
  facet normal -0 0 -1
    outer loop
      vertex -50.6 -39.4 0
      vertex -59.4 -40.6 0
      vertex -59.4 -39.4 0
    endloop
  endfacet
  facet normal 0 0 -1
    outer loop
      vertex -59.4 -50.6 0
      vertex -50.6 -49.4 0
      vertex -50.6 -50.6 0
    endloop
  endfacet
  facet normal -0 0 -1
    outer loop
      vertex -50.6 -49.4 0
      vertex -59.4 -50.6 0
      vertex -59.4 -49.4 0
    endloop
  endfacet
  facet normal 0 0 -1
    outer loop
      vertex -59.4 -60.6 0
      vertex -50.6 -59.4 0
      vertex -50.6 -60.6 0
    endloop
  endfacet
  facet normal -0 0 -1
    outer loop
      vertex -50.6 -59.4 0
      vertex -59.4 -60.6 0
      vertex -59.4 -59.4 0
    endloop
  endfacet
  facet normal 0 0 -1
    outer loop
      vertex -59.4 -70.6 0
      vertex -50.6 -69.4 0
      vertex -50.6 -70.6 0
    endloop
  endfacet
  facet normal -0 0 -1
    outer loop
      vertex -50.6 -69.4 0
      vertex -59.4 -70.6 0
      vertex -59.4 -69.4 0
    endloop
  endfacet
  facet normal 0 0 -1
    outer loop
      vertex -49.4 69.4 0
      vertex -40.6 70.6 0
      vertex -40.6 69.4 0
    endloop
  endfacet
  facet normal -0 0 -1
    outer loop
      vertex -40.6 70.6 0
      vertex -49.4 69.4 0
      vertex -49.4 70.6 0
    endloop
  endfacet
  facet normal 0 0 -1
    outer loop
      vertex -49.4 59.4 0
      vertex -40.6 60.6 0
      vertex -40.6 59.4 0
    endloop
  endfacet
  facet normal -0 0 -1
    outer loop
      vertex -40.6 60.6 0
      vertex -49.4 59.4 0
      vertex -49.4 60.6 0
    endloop
  endfacet
  facet normal 0 0 -1
    outer loop
      vertex -49.4 49.4 0
      vertex -40.6 50.6 0
      vertex -40.6 49.4 0
    endloop
  endfacet
  facet normal -0 0 -1
    outer loop
      vertex -40.6 50.6 0
      vertex -49.4 49.4 0
      vertex -49.4 50.6 0
    endloop
  endfacet
  facet normal 0 0 -1
    outer loop
      vertex -49.4 39.4 0
      vertex -40.6 40.6 0
      vertex -40.6 39.4 0
    endloop
  endfacet
  facet normal -0 0 -1
    outer loop
      vertex -40.6 40.6 0
      vertex -49.4 39.4 0
      vertex -49.4 40.6 0
    endloop
  endfacet
  facet normal 0 0 -1
    outer loop
      vertex -49.4 29.4 0
      vertex -40.6 30.6 0
      vertex -40.6 29.4 0
    endloop
  endfacet
  facet normal -0 0 -1
    outer loop
      vertex -40.6 30.6 0
      vertex -49.4 29.4 0
      vertex -49.4 30.6 0
    endloop
  endfacet
  facet normal 0 0 -1
    outer loop
      vertex -49.4 19.4 0
      vertex -40.6 20.6 0
      vertex -40.6 19.4 0
    endloop
  endfacet
  facet normal -0 0 -1
    outer loop
      vertex -40.6 20.6 0
      vertex -49.4 19.4 0
      vertex -49.4 20.6 0
    endloop
  endfacet
  facet normal 0 0 -1
    outer loop
      vertex -49.4 9.39999 0
      vertex -40.6 10.6 0
      vertex -40.6 9.39999 0
    endloop
  endfacet
  facet normal -0 0 -1
    outer loop
      vertex -40.6 10.6 0
      vertex -49.4 9.39999 0
      vertex -49.4 10.6 0
    endloop
  endfacet
  facet normal 0 0 -1
    outer loop
      vertex -49.4 -0.599991 0
      vertex -40.6 0.599991 0
      vertex -40.6 -0.599991 0
    endloop
  endfacet
  facet normal -0 0 -1
    outer loop
      vertex -40.6 0.599991 0
      vertex -49.4 -0.599991 0
      vertex -49.4 0.599991 0
    endloop
  endfacet
  facet normal 0 0 -1
    outer loop
      vertex -49.4 -10.6 0
      vertex -40.6 -9.39999 0
      vertex -40.6 -10.6 0
    endloop
  endfacet
  facet normal -0 0 -1
    outer loop
      vertex -40.6 -9.39999 0
      vertex -49.4 -10.6 0
      vertex -49.4 -9.39999 0
    endloop
  endfacet
  facet normal 0 0 -1
    outer loop
      vertex -49.4 -20.6 0
      vertex -40.6 -19.4 0
      vertex -40.6 -20.6 0
    endloop
  endfacet
  facet normal -0 0 -1
    outer loop
      vertex -40.6 -19.4 0
      vertex -49.4 -20.6 0
      vertex -49.4 -19.4 0
    endloop
  endfacet
  facet normal 0 0 -1
    outer loop
      vertex -49.4 -30.6 0
      vertex -40.6 -29.4 0
      vertex -40.6 -30.6 0
    endloop
  endfacet
  facet normal -0 0 -1
    outer loop
      vertex -40.6 -29.4 0
      vertex -49.4 -30.6 0
      vertex -49.4 -29.4 0
    endloop
  endfacet
  facet normal 0 0 -1
    outer loop
      vertex -49.4 -40.6 0
      vertex -40.6 -39.4 0
      vertex -40.6 -40.6 0
    endloop
  endfacet
  facet normal -0 0 -1
    outer loop
      vertex -40.6 -39.4 0
      vertex -49.4 -40.6 0
      vertex -49.4 -39.4 0
    endloop
  endfacet
  facet normal 0 0 -1
    outer loop
      vertex -49.4 -50.6 0
      vertex -40.6 -49.4 0
      vertex -40.6 -50.6 0
    endloop
  endfacet
  facet normal -0 0 -1
    outer loop
      vertex -40.6 -49.4 0
      vertex -49.4 -50.6 0
      vertex -49.4 -49.4 0
    endloop
  endfacet
  facet normal 0 0 -1
    outer loop
      vertex -49.4 -60.6 0
      vertex -40.6 -59.4 0
      vertex -40.6 -60.6 0
    endloop
  endfacet
  facet normal -0 0 -1
    outer loop
      vertex -40.6 -59.4 0
      vertex -49.4 -60.6 0
      vertex -49.4 -59.4 0
    endloop
  endfacet
  facet normal 0 0 -1
    outer loop
      vertex -49.4 -70.6 0
      vertex -40.6 -69.4 0
      vertex -40.6 -70.6 0
    endloop
  endfacet
  facet normal -0 0 -1
    outer loop
      vertex -40.6 -69.4 0
      vertex -49.4 -70.6 0
      vertex -49.4 -69.4 0
    endloop
  endfacet
  facet normal 0 0 -1
    outer loop
      vertex -39.4 69.4 0
      vertex -30.6 70.6 0
      vertex -30.6 69.4 0
    endloop
  endfacet
  facet normal -0 0 -1
    outer loop
      vertex -30.6 70.6 0
      vertex -39.4 69.4 0
      vertex -39.4 70.6 0
    endloop
  endfacet
  facet normal 0 0 -1
    outer loop
      vertex -39.4 59.4 0
      vertex -30.6 60.6 0
      vertex -30.6 59.4 0
    endloop
  endfacet
  facet normal -0 0 -1
    outer loop
      vertex -30.6 60.6 0
      vertex -39.4 59.4 0
      vertex -39.4 60.6 0
    endloop
  endfacet
  facet normal 0 0 -1
    outer loop
      vertex -39.4 49.4 0
      vertex -30.6 50.6 0
      vertex -30.6 49.4 0
    endloop
  endfacet
  facet normal -0 0 -1
    outer loop
      vertex -30.6 50.6 0
      vertex -39.4 49.4 0
      vertex -39.4 50.6 0
    endloop
  endfacet
  facet normal 0 0 -1
    outer loop
      vertex -39.4 39.4 0
      vertex -30.6 40.6 0
      vertex -30.6 39.4 0
    endloop
  endfacet
  facet normal -0 0 -1
    outer loop
      vertex -30.6 40.6 0
      vertex -39.4 39.4 0
      vertex -39.4 40.6 0
    endloop
  endfacet
  facet normal 0 0 -1
    outer loop
      vertex -39.4 29.4 0
      vertex -30.6 30.6 0
      vertex -30.6 29.4 0
    endloop
  endfacet
  facet normal -0 0 -1
    outer loop
      vertex -30.6 30.6 0
      vertex -39.4 29.4 0
      vertex -39.4 30.6 0
    endloop
  endfacet
  facet normal 0 0 -1
    outer loop
      vertex -39.4 19.4 0
      vertex -30.6 20.6 0
      vertex -30.6 19.4 0
    endloop
  endfacet
  facet normal -0 0 -1
    outer loop
      vertex -30.6 20.6 0
      vertex -39.4 19.4 0
      vertex -39.4 20.6 0
    endloop
  endfacet
  facet normal 0 0 -1
    outer loop
      vertex -39.4 9.39999 0
      vertex -30.6 10.6 0
      vertex -30.6 9.39999 0
    endloop
  endfacet
  facet normal -0 0 -1
    outer loop
      vertex -30.6 10.6 0
      vertex -39.4 9.39999 0
      vertex -39.4 10.6 0
    endloop
  endfacet
  facet normal 0 0 -1
    outer loop
      vertex -39.4 -0.599991 0
      vertex -30.6 0.599991 0
      vertex -30.6 -0.599991 0
    endloop
  endfacet
  facet normal -0 0 -1
    outer loop
      vertex -30.6 0.599991 0
      vertex -39.4 -0.599991 0
      vertex -39.4 0.599991 0
    endloop
  endfacet
  facet normal 0 0 -1
    outer loop
      vertex -39.4 -10.6 0
      vertex -30.6 -9.39999 0
      vertex -30.6 -10.6 0
    endloop
  endfacet
  facet normal -0 0 -1
    outer loop
      vertex -30.6 -9.39999 0
      vertex -39.4 -10.6 0
      vertex -39.4 -9.39999 0
    endloop
  endfacet
  facet normal 0 0 -1
    outer loop
      vertex -39.4 -20.6 0
      vertex -30.6 -19.4 0
      vertex -30.6 -20.6 0
    endloop
  endfacet
  facet normal -0 0 -1
    outer loop
      vertex -30.6 -19.4 0
      vertex -39.4 -20.6 0
      vertex -39.4 -19.4 0
    endloop
  endfacet
  facet normal 0 0 -1
    outer loop
      vertex -39.4 -30.6 0
      vertex -30.6 -29.4 0
      vertex -30.6 -30.6 0
    endloop
  endfacet
  facet normal -0 0 -1
    outer loop
      vertex -30.6 -29.4 0
      vertex -39.4 -30.6 0
      vertex -39.4 -29.4 0
    endloop
  endfacet
  facet normal 0 0 -1
    outer loop
      vertex -39.4 -40.6 0
      vertex -30.6 -39.4 0
      vertex -30.6 -40.6 0
    endloop
  endfacet
  facet normal -0 0 -1
    outer loop
      vertex -30.6 -39.4 0
      vertex -39.4 -40.6 0
      vertex -39.4 -39.4 0
    endloop
  endfacet
  facet normal 0 0 -1
    outer loop
      vertex -39.4 -50.6 0
      vertex -30.6 -49.4 0
      vertex -30.6 -50.6 0
    endloop
  endfacet
  facet normal -0 0 -1
    outer loop
      vertex -30.6 -49.4 0
      vertex -39.4 -50.6 0
      vertex -39.4 -49.4 0
    endloop
  endfacet
  facet normal 0 0 -1
    outer loop
      vertex -39.4 -60.6 0
      vertex -30.6 -59.4 0
      vertex -30.6 -60.6 0
    endloop
  endfacet
  facet normal -0 0 -1
    outer loop
      vertex -30.6 -59.4 0
      vertex -39.4 -60.6 0
      vertex -39.4 -59.4 0
    endloop
  endfacet
  facet normal 0 0 -1
    outer loop
      vertex -39.4 -70.6 0
      vertex -30.6 -69.4 0
      vertex -30.6 -70.6 0
    endloop
  endfacet
  facet normal -0 0 -1
    outer loop
      vertex -30.6 -69.4 0
      vertex -39.4 -70.6 0
      vertex -39.4 -69.4 0
    endloop
  endfacet
  facet normal 0 0 -1
    outer loop
      vertex -29.4 69.4 0
      vertex -20.6 70.6 0
      vertex -20.6 69.4 0
    endloop
  endfacet
  facet normal -0 0 -1
    outer loop
      vertex -20.6 70.6 0
      vertex -29.4 69.4 0
      vertex -29.4 70.6 0
    endloop
  endfacet
  facet normal 0 0 -1
    outer loop
      vertex -29.4 59.4 0
      vertex -20.6 60.6 0
      vertex -20.6 59.4 0
    endloop
  endfacet
  facet normal -0 0 -1
    outer loop
      vertex -20.6 60.6 0
      vertex -29.4 59.4 0
      vertex -29.4 60.6 0
    endloop
  endfacet
  facet normal 0 0 -1
    outer loop
      vertex -29.4 49.4 0
      vertex -20.6 50.6 0
      vertex -20.6 49.4 0
    endloop
  endfacet
  facet normal -0 0 -1
    outer loop
      vertex -20.6 50.6 0
      vertex -29.4 49.4 0
      vertex -29.4 50.6 0
    endloop
  endfacet
  facet normal 0 0 -1
    outer loop
      vertex -29.4 39.4 0
      vertex -20.6 40.6 0
      vertex -20.6 39.4 0
    endloop
  endfacet
  facet normal -0 0 -1
    outer loop
      vertex -20.6 40.6 0
      vertex -29.4 39.4 0
      vertex -29.4 40.6 0
    endloop
  endfacet
  facet normal 0 0 -1
    outer loop
      vertex -29.4 29.4 0
      vertex -20.6 30.6 0
      vertex -20.6 29.4 0
    endloop
  endfacet
  facet normal -0 0 -1
    outer loop
      vertex -20.6 30.6 0
      vertex -29.4 29.4 0
      vertex -29.4 30.6 0
    endloop
  endfacet
  facet normal 0 0 -1
    outer loop
      vertex -29.4 19.4 0
      vertex -20.6 20.6 0
      vertex -20.6 19.4 0
    endloop
  endfacet
  facet normal -0 0 -1
    outer loop
      vertex -20.6 20.6 0
      vertex -29.4 19.4 0
      vertex -29.4 20.6 0
    endloop
  endfacet
  facet normal 0 0 -1
    outer loop
      vertex -29.4 9.39999 0
      vertex -20.6 10.6 0
      vertex -20.6 9.39999 0
    endloop
  endfacet
  facet normal -0 0 -1
    outer loop
      vertex -20.6 10.6 0
      vertex -29.4 9.39999 0
      vertex -29.4 10.6 0
    endloop
  endfacet
  facet normal 0 0 -1
    outer loop
      vertex -29.4 -0.599991 0
      vertex -20.6 0.599991 0
      vertex -20.6 -0.599991 0
    endloop
  endfacet
  facet normal -0 0 -1
    outer loop
      vertex -20.6 0.599991 0
      vertex -29.4 -0.599991 0
      vertex -29.4 0.599991 0
    endloop
  endfacet
  facet normal 0 0 -1
    outer loop
      vertex -29.4 -10.6 0
      vertex -20.6 -9.39999 0
      vertex -20.6 -10.6 0
    endloop
  endfacet
  facet normal -0 0 -1
    outer loop
      vertex -20.6 -9.39999 0
      vertex -29.4 -10.6 0
      vertex -29.4 -9.39999 0
    endloop
  endfacet
  facet normal 0 0 -1
    outer loop
      vertex -29.4 -20.6 0
      vertex -20.6 -19.4 0
      vertex -20.6 -20.6 0
    endloop
  endfacet
  facet normal -0 0 -1
    outer loop
      vertex -20.6 -19.4 0
      vertex -29.4 -20.6 0
      vertex -29.4 -19.4 0
    endloop
  endfacet
  facet normal 0 0 -1
    outer loop
      vertex -29.4 -30.6 0
      vertex -20.6 -29.4 0
      vertex -20.6 -30.6 0
    endloop
  endfacet
  facet normal -0 0 -1
    outer loop
      vertex -20.6 -29.4 0
      vertex -29.4 -30.6 0
      vertex -29.4 -29.4 0
    endloop
  endfacet
  facet normal 0 0 -1
    outer loop
      vertex -29.4 -40.6 0
      vertex -20.6 -39.4 0
      vertex -20.6 -40.6 0
    endloop
  endfacet
  facet normal -0 0 -1
    outer loop
      vertex -20.6 -39.4 0
      vertex -29.4 -40.6 0
      vertex -29.4 -39.4 0
    endloop
  endfacet
  facet normal 0 0 -1
    outer loop
      vertex -29.4 -50.6 0
      vertex -20.6 -49.4 0
      vertex -20.6 -50.6 0
    endloop
  endfacet
  facet normal -0 0 -1
    outer loop
      vertex -20.6 -49.4 0
      vertex -29.4 -50.6 0
      vertex -29.4 -49.4 0
    endloop
  endfacet
  facet normal 0 0 -1
    outer loop
      vertex -29.4 -60.6 0
      vertex -20.6 -59.4 0
      vertex -20.6 -60.6 0
    endloop
  endfacet
  facet normal -0 0 -1
    outer loop
      vertex -20.6 -59.4 0
      vertex -29.4 -60.6 0
      vertex -29.4 -59.4 0
    endloop
  endfacet
  facet normal 0 0 -1
    outer loop
      vertex -29.4 -70.6 0
      vertex -20.6 -69.4 0
      vertex -20.6 -70.6 0
    endloop
  endfacet
  facet normal -0 0 -1
    outer loop
      vertex -20.6 -69.4 0
      vertex -29.4 -70.6 0
      vertex -29.4 -69.4 0
    endloop
  endfacet
  facet normal 0 0 -1
    outer loop
      vertex -19.4 69.4 0
      vertex -10.6 70.6 0
      vertex -10.6 69.4 0
    endloop
  endfacet
  facet normal -0 0 -1
    outer loop
      vertex -10.6 70.6 0
      vertex -19.4 69.4 0
      vertex -19.4 70.6 0
    endloop
  endfacet
  facet normal 0 0 -1
    outer loop
      vertex -19.4 59.4 0
      vertex -10.6 60.6 0
      vertex -10.6 59.4 0
    endloop
  endfacet
  facet normal -0 0 -1
    outer loop
      vertex -10.6 60.6 0
      vertex -19.4 59.4 0
      vertex -19.4 60.6 0
    endloop
  endfacet
  facet normal 0 0 -1
    outer loop
      vertex -19.4 49.4 0
      vertex -10.6 50.6 0
      vertex -10.6 49.4 0
    endloop
  endfacet
  facet normal -0 0 -1
    outer loop
      vertex -10.6 50.6 0
      vertex -19.4 49.4 0
      vertex -19.4 50.6 0
    endloop
  endfacet
  facet normal 0 0 -1
    outer loop
      vertex -19.4 39.4 0
      vertex -10.6 40.6 0
      vertex -10.6 39.4 0
    endloop
  endfacet
  facet normal -0 0 -1
    outer loop
      vertex -10.6 40.6 0
      vertex -19.4 39.4 0
      vertex -19.4 40.6 0
    endloop
  endfacet
  facet normal 0 0 -1
    outer loop
      vertex -19.4 29.4 0
      vertex -10.6 30.6 0
      vertex -10.6 29.4 0
    endloop
  endfacet
  facet normal -0 0 -1
    outer loop
      vertex -10.6 30.6 0
      vertex -19.4 29.4 0
      vertex -19.4 30.6 0
    endloop
  endfacet
  facet normal 0 0 -1
    outer loop
      vertex -19.4 19.4 0
      vertex -10.6 20.6 0
      vertex -10.6 19.4 0
    endloop
  endfacet
  facet normal -0 0 -1
    outer loop
      vertex -10.6 20.6 0
      vertex -19.4 19.4 0
      vertex -19.4 20.6 0
    endloop
  endfacet
  facet normal 0 0 -1
    outer loop
      vertex -19.4 9.39999 0
      vertex -10.6 10.6 0
      vertex -10.6 9.39999 0
    endloop
  endfacet
  facet normal -0 0 -1
    outer loop
      vertex -10.6 10.6 0
      vertex -19.4 9.39999 0
      vertex -19.4 10.6 0
    endloop
  endfacet
  facet normal 0 0 -1
    outer loop
      vertex -19.4 -0.599991 0
      vertex -10.6 0.599991 0
      vertex -10.6 -0.599991 0
    endloop
  endfacet
  facet normal -0 0 -1
    outer loop
      vertex -10.6 0.599991 0
      vertex -19.4 -0.599991 0
      vertex -19.4 0.599991 0
    endloop
  endfacet
  facet normal 0 0 -1
    outer loop
      vertex -19.4 -10.6 0
      vertex -10.6 -9.39999 0
      vertex -10.6 -10.6 0
    endloop
  endfacet
  facet normal -0 0 -1
    outer loop
      vertex -10.6 -9.39999 0
      vertex -19.4 -10.6 0
      vertex -19.4 -9.39999 0
    endloop
  endfacet
  facet normal 0 0 -1
    outer loop
      vertex -19.4 -20.6 0
      vertex -10.6 -19.4 0
      vertex -10.6 -20.6 0
    endloop
  endfacet
  facet normal -0 0 -1
    outer loop
      vertex -10.6 -19.4 0
      vertex -19.4 -20.6 0
      vertex -19.4 -19.4 0
    endloop
  endfacet
  facet normal 0 0 -1
    outer loop
      vertex -19.4 -30.6 0
      vertex -10.6 -29.4 0
      vertex -10.6 -30.6 0
    endloop
  endfacet
  facet normal -0 0 -1
    outer loop
      vertex -10.6 -29.4 0
      vertex -19.4 -30.6 0
      vertex -19.4 -29.4 0
    endloop
  endfacet
  facet normal 0 0 -1
    outer loop
      vertex -19.4 -40.6 0
      vertex -10.6 -39.4 0
      vertex -10.6 -40.6 0
    endloop
  endfacet
  facet normal -0 0 -1
    outer loop
      vertex -10.6 -39.4 0
      vertex -19.4 -40.6 0
      vertex -19.4 -39.4 0
    endloop
  endfacet
  facet normal 0 0 -1
    outer loop
      vertex -19.4 -50.6 0
      vertex -10.6 -49.4 0
      vertex -10.6 -50.6 0
    endloop
  endfacet
  facet normal -0 0 -1
    outer loop
      vertex -10.6 -49.4 0
      vertex -19.4 -50.6 0
      vertex -19.4 -49.4 0
    endloop
  endfacet
  facet normal 0 0 -1
    outer loop
      vertex -19.4 -60.6 0
      vertex -10.6 -59.4 0
      vertex -10.6 -60.6 0
    endloop
  endfacet
  facet normal -0 0 -1
    outer loop
      vertex -10.6 -59.4 0
      vertex -19.4 -60.6 0
      vertex -19.4 -59.4 0
    endloop
  endfacet
  facet normal 0 0 -1
    outer loop
      vertex -19.4 -70.6 0
      vertex -10.6 -69.4 0
      vertex -10.6 -70.6 0
    endloop
  endfacet
  facet normal -0 0 -1
    outer loop
      vertex -10.6 -69.4 0
      vertex -19.4 -70.6 0
      vertex -19.4 -69.4 0
    endloop
  endfacet
  facet normal 0 0 -1
    outer loop
      vertex -9.39999 69.4 0
      vertex -0.599991 70.6 0
      vertex -0.599991 69.4 0
    endloop
  endfacet
  facet normal -0 0 -1
    outer loop
      vertex -0.599991 70.6 0
      vertex -9.39999 69.4 0
      vertex -9.39999 70.6 0
    endloop
  endfacet
  facet normal 0 0 -1
    outer loop
      vertex -9.39999 59.4 0
      vertex -0.599991 60.6 0
      vertex -0.599991 59.4 0
    endloop
  endfacet
  facet normal -0 0 -1
    outer loop
      vertex -0.599991 60.6 0
      vertex -9.39999 59.4 0
      vertex -9.39999 60.6 0
    endloop
  endfacet
  facet normal 0 0 -1
    outer loop
      vertex -9.39999 49.4 0
      vertex -0.599991 50.6 0
      vertex -0.599991 49.4 0
    endloop
  endfacet
  facet normal -0 0 -1
    outer loop
      vertex -0.599991 50.6 0
      vertex -9.39999 49.4 0
      vertex -9.39999 50.6 0
    endloop
  endfacet
  facet normal 0 0 -1
    outer loop
      vertex -9.39999 39.4 0
      vertex -0.599991 40.6 0
      vertex -0.599991 39.4 0
    endloop
  endfacet
  facet normal -0 0 -1
    outer loop
      vertex -0.599991 40.6 0
      vertex -9.39999 39.4 0
      vertex -9.39999 40.6 0
    endloop
  endfacet
  facet normal 0 0 -1
    outer loop
      vertex -9.39999 29.4 0
      vertex -0.599991 30.6 0
      vertex -0.599991 29.4 0
    endloop
  endfacet
  facet normal -0 0 -1
    outer loop
      vertex -0.599991 30.6 0
      vertex -9.39999 29.4 0
      vertex -9.39999 30.6 0
    endloop
  endfacet
  facet normal 0 0 -1
    outer loop
      vertex -9.39999 19.4 0
      vertex -0.599991 20.6 0
      vertex -0.599991 19.4 0
    endloop
  endfacet
  facet normal -0 0 -1
    outer loop
      vertex -0.599991 20.6 0
      vertex -9.39999 19.4 0
      vertex -9.39999 20.6 0
    endloop
  endfacet
  facet normal 0 0 -1
    outer loop
      vertex -9.39999 9.39999 0
      vertex -0.599991 10.6 0
      vertex -0.599991 9.39999 0
    endloop
  endfacet
  facet normal -0 0 -1
    outer loop
      vertex -0.599991 10.6 0
      vertex -9.39999 9.39999 0
      vertex -9.39999 10.6 0
    endloop
  endfacet
  facet normal 0 0 -1
    outer loop
      vertex -9.39999 -0.599991 0
      vertex -0.599991 0.599991 0
      vertex -0.599991 -0.599991 0
    endloop
  endfacet
  facet normal -0 0 -1
    outer loop
      vertex -0.599991 0.599991 0
      vertex -9.39999 -0.599991 0
      vertex -9.39999 0.599991 0
    endloop
  endfacet
  facet normal 0 0 -1
    outer loop
      vertex -9.39999 -10.6 0
      vertex -0.599991 -9.39999 0
      vertex -0.599991 -10.6 0
    endloop
  endfacet
  facet normal -0 0 -1
    outer loop
      vertex -0.599991 -9.39999 0
      vertex -9.39999 -10.6 0
      vertex -9.39999 -9.39999 0
    endloop
  endfacet
  facet normal 0 0 -1
    outer loop
      vertex -9.39999 -20.6 0
      vertex -0.599991 -19.4 0
      vertex -0.599991 -20.6 0
    endloop
  endfacet
  facet normal -0 0 -1
    outer loop
      vertex -0.599991 -19.4 0
      vertex -9.39999 -20.6 0
      vertex -9.39999 -19.4 0
    endloop
  endfacet
  facet normal 0 0 -1
    outer loop
      vertex -9.39999 -30.6 0
      vertex -0.599991 -29.4 0
      vertex -0.599991 -30.6 0
    endloop
  endfacet
  facet normal -0 0 -1
    outer loop
      vertex -0.599991 -29.4 0
      vertex -9.39999 -30.6 0
      vertex -9.39999 -29.4 0
    endloop
  endfacet
  facet normal 0 0 -1
    outer loop
      vertex -9.39999 -40.6 0
      vertex -0.599991 -39.4 0
      vertex -0.599991 -40.6 0
    endloop
  endfacet
  facet normal -0 0 -1
    outer loop
      vertex -0.599991 -39.4 0
      vertex -9.39999 -40.6 0
      vertex -9.39999 -39.4 0
    endloop
  endfacet
  facet normal 0 0 -1
    outer loop
      vertex -9.39999 -50.6 0
      vertex -0.599991 -49.4 0
      vertex -0.599991 -50.6 0
    endloop
  endfacet
  facet normal -0 0 -1
    outer loop
      vertex -0.599991 -49.4 0
      vertex -9.39999 -50.6 0
      vertex -9.39999 -49.4 0
    endloop
  endfacet
  facet normal 0 0 -1
    outer loop
      vertex -9.39999 -60.6 0
      vertex -0.599991 -59.4 0
      vertex -0.599991 -60.6 0
    endloop
  endfacet
  facet normal -0 0 -1
    outer loop
      vertex -0.599991 -59.4 0
      vertex -9.39999 -60.6 0
      vertex -9.39999 -59.4 0
    endloop
  endfacet
  facet normal 0 0 -1
    outer loop
      vertex -9.39999 -70.6 0
      vertex -0.599991 -69.4 0
      vertex -0.599991 -70.6 0
    endloop
  endfacet
  facet normal -0 0 -1
    outer loop
      vertex -0.599991 -69.4 0
      vertex -9.39999 -70.6 0
      vertex -9.39999 -69.4 0
    endloop
  endfacet
  facet normal 0 0 -1
    outer loop
      vertex 0.599991 69.4 0
      vertex 9.39999 70.6 0
      vertex 9.39999 69.4 0
    endloop
  endfacet
  facet normal -0 0 -1
    outer loop
      vertex 9.39999 70.6 0
      vertex 0.599991 69.4 0
      vertex 0.599991 70.6 0
    endloop
  endfacet
  facet normal 0 0 -1
    outer loop
      vertex 0.599991 59.4 0
      vertex 9.39999 60.6 0
      vertex 9.39999 59.4 0
    endloop
  endfacet
  facet normal -0 0 -1
    outer loop
      vertex 9.39999 60.6 0
      vertex 0.599991 59.4 0
      vertex 0.599991 60.6 0
    endloop
  endfacet
  facet normal 0 0 -1
    outer loop
      vertex 0.599991 49.4 0
      vertex 9.39999 50.6 0
      vertex 9.39999 49.4 0
    endloop
  endfacet
  facet normal -0 0 -1
    outer loop
      vertex 9.39999 50.6 0
      vertex 0.599991 49.4 0
      vertex 0.599991 50.6 0
    endloop
  endfacet
  facet normal 0 0 -1
    outer loop
      vertex 0.599991 39.4 0
      vertex 9.39999 40.6 0
      vertex 9.39999 39.4 0
    endloop
  endfacet
  facet normal -0 0 -1
    outer loop
      vertex 9.39999 40.6 0
      vertex 0.599991 39.4 0
      vertex 0.599991 40.6 0
    endloop
  endfacet
  facet normal 0 0 -1
    outer loop
      vertex 0.599991 29.4 0
      vertex 9.39999 30.6 0
      vertex 9.39999 29.4 0
    endloop
  endfacet
  facet normal -0 0 -1
    outer loop
      vertex 9.39999 30.6 0
      vertex 0.599991 29.4 0
      vertex 0.599991 30.6 0
    endloop
  endfacet
  facet normal 0 0 -1
    outer loop
      vertex 0.599991 19.4 0
      vertex 9.39999 20.6 0
      vertex 9.39999 19.4 0
    endloop
  endfacet
  facet normal -0 0 -1
    outer loop
      vertex 9.39999 20.6 0
      vertex 0.599991 19.4 0
      vertex 0.599991 20.6 0
    endloop
  endfacet
  facet normal 0 0 -1
    outer loop
      vertex 0.599991 9.39999 0
      vertex 9.39999 10.6 0
      vertex 9.39999 9.39999 0
    endloop
  endfacet
  facet normal -0 0 -1
    outer loop
      vertex 9.39999 10.6 0
      vertex 0.599991 9.39999 0
      vertex 0.599991 10.6 0
    endloop
  endfacet
  facet normal 0 0 -1
    outer loop
      vertex 0.599991 -0.599991 0
      vertex 9.39999 0.599991 0
      vertex 9.39999 -0.599991 0
    endloop
  endfacet
  facet normal -0 0 -1
    outer loop
      vertex 9.39999 0.599991 0
      vertex 0.599991 -0.599991 0
      vertex 0.599991 0.599991 0
    endloop
  endfacet
  facet normal 0 0 -1
    outer loop
      vertex 0.599991 -10.6 0
      vertex 9.39999 -9.39999 0
      vertex 9.39999 -10.6 0
    endloop
  endfacet
  facet normal -0 0 -1
    outer loop
      vertex 9.39999 -9.39999 0
      vertex 0.599991 -10.6 0
      vertex 0.599991 -9.39999 0
    endloop
  endfacet
  facet normal 0 0 -1
    outer loop
      vertex 0.599991 -20.6 0
      vertex 9.39999 -19.4 0
      vertex 9.39999 -20.6 0
    endloop
  endfacet
  facet normal -0 0 -1
    outer loop
      vertex 9.39999 -19.4 0
      vertex 0.599991 -20.6 0
      vertex 0.599991 -19.4 0
    endloop
  endfacet
  facet normal 0 0 -1
    outer loop
      vertex 0.599991 -30.6 0
      vertex 9.39999 -29.4 0
      vertex 9.39999 -30.6 0
    endloop
  endfacet
  facet normal -0 0 -1
    outer loop
      vertex 9.39999 -29.4 0
      vertex 0.599991 -30.6 0
      vertex 0.599991 -29.4 0
    endloop
  endfacet
  facet normal 0 0 -1
    outer loop
      vertex 0.599991 -40.6 0
      vertex 9.39999 -39.4 0
      vertex 9.39999 -40.6 0
    endloop
  endfacet
  facet normal -0 0 -1
    outer loop
      vertex 9.39999 -39.4 0
      vertex 0.599991 -40.6 0
      vertex 0.599991 -39.4 0
    endloop
  endfacet
  facet normal 0 0 -1
    outer loop
      vertex 0.599991 -50.6 0
      vertex 9.39999 -49.4 0
      vertex 9.39999 -50.6 0
    endloop
  endfacet
  facet normal -0 0 -1
    outer loop
      vertex 9.39999 -49.4 0
      vertex 0.599991 -50.6 0
      vertex 0.599991 -49.4 0
    endloop
  endfacet
  facet normal 0 0 -1
    outer loop
      vertex 0.599991 -60.6 0
      vertex 9.39999 -59.4 0
      vertex 9.39999 -60.6 0
    endloop
  endfacet
  facet normal -0 0 -1
    outer loop
      vertex 9.39999 -59.4 0
      vertex 0.599991 -60.6 0
      vertex 0.599991 -59.4 0
    endloop
  endfacet
  facet normal 0 0 -1
    outer loop
      vertex 0.599991 -70.6 0
      vertex 9.39999 -69.4 0
      vertex 9.39999 -70.6 0
    endloop
  endfacet
  facet normal -0 0 -1
    outer loop
      vertex 9.39999 -69.4 0
      vertex 0.599991 -70.6 0
      vertex 0.599991 -69.4 0
    endloop
  endfacet
  facet normal 0 0 -1
    outer loop
      vertex 10.6 69.4 0
      vertex 19.4 70.6 0
      vertex 19.4 69.4 0
    endloop
  endfacet
  facet normal -0 0 -1
    outer loop
      vertex 19.4 70.6 0
      vertex 10.6 69.4 0
      vertex 10.6 70.6 0
    endloop
  endfacet
  facet normal 0 0 -1
    outer loop
      vertex 10.6 59.4 0
      vertex 19.4 60.6 0
      vertex 19.4 59.4 0
    endloop
  endfacet
  facet normal -0 0 -1
    outer loop
      vertex 19.4 60.6 0
      vertex 10.6 59.4 0
      vertex 10.6 60.6 0
    endloop
  endfacet
  facet normal 0 0 -1
    outer loop
      vertex 10.6 49.4 0
      vertex 19.4 50.6 0
      vertex 19.4 49.4 0
    endloop
  endfacet
  facet normal -0 0 -1
    outer loop
      vertex 19.4 50.6 0
      vertex 10.6 49.4 0
      vertex 10.6 50.6 0
    endloop
  endfacet
  facet normal 0 0 -1
    outer loop
      vertex 10.6 39.4 0
      vertex 19.4 40.6 0
      vertex 19.4 39.4 0
    endloop
  endfacet
  facet normal -0 0 -1
    outer loop
      vertex 19.4 40.6 0
      vertex 10.6 39.4 0
      vertex 10.6 40.6 0
    endloop
  endfacet
  facet normal 0 0 -1
    outer loop
      vertex 10.6 29.4 0
      vertex 19.4 30.6 0
      vertex 19.4 29.4 0
    endloop
  endfacet
  facet normal -0 0 -1
    outer loop
      vertex 19.4 30.6 0
      vertex 10.6 29.4 0
      vertex 10.6 30.6 0
    endloop
  endfacet
  facet normal 0 0 -1
    outer loop
      vertex 10.6 19.4 0
      vertex 19.4 20.6 0
      vertex 19.4 19.4 0
    endloop
  endfacet
  facet normal -0 0 -1
    outer loop
      vertex 19.4 20.6 0
      vertex 10.6 19.4 0
      vertex 10.6 20.6 0
    endloop
  endfacet
  facet normal 0 0 -1
    outer loop
      vertex 10.6 9.39999 0
      vertex 19.4 10.6 0
      vertex 19.4 9.39999 0
    endloop
  endfacet
  facet normal -0 0 -1
    outer loop
      vertex 19.4 10.6 0
      vertex 10.6 9.39999 0
      vertex 10.6 10.6 0
    endloop
  endfacet
  facet normal 0 0 -1
    outer loop
      vertex 10.6 -0.599991 0
      vertex 19.4 0.599991 0
      vertex 19.4 -0.599991 0
    endloop
  endfacet
  facet normal -0 0 -1
    outer loop
      vertex 19.4 0.599991 0
      vertex 10.6 -0.599991 0
      vertex 10.6 0.599991 0
    endloop
  endfacet
  facet normal 0 0 -1
    outer loop
      vertex 10.6 -10.6 0
      vertex 19.4 -9.39999 0
      vertex 19.4 -10.6 0
    endloop
  endfacet
  facet normal -0 0 -1
    outer loop
      vertex 19.4 -9.39999 0
      vertex 10.6 -10.6 0
      vertex 10.6 -9.39999 0
    endloop
  endfacet
  facet normal 0 0 -1
    outer loop
      vertex 10.6 -20.6 0
      vertex 19.4 -19.4 0
      vertex 19.4 -20.6 0
    endloop
  endfacet
  facet normal -0 0 -1
    outer loop
      vertex 19.4 -19.4 0
      vertex 10.6 -20.6 0
      vertex 10.6 -19.4 0
    endloop
  endfacet
  facet normal 0 0 -1
    outer loop
      vertex 10.6 -30.6 0
      vertex 19.4 -29.4 0
      vertex 19.4 -30.6 0
    endloop
  endfacet
  facet normal -0 0 -1
    outer loop
      vertex 19.4 -29.4 0
      vertex 10.6 -30.6 0
      vertex 10.6 -29.4 0
    endloop
  endfacet
  facet normal 0 0 -1
    outer loop
      vertex 10.6 -40.6 0
      vertex 19.4 -39.4 0
      vertex 19.4 -40.6 0
    endloop
  endfacet
  facet normal -0 0 -1
    outer loop
      vertex 19.4 -39.4 0
      vertex 10.6 -40.6 0
      vertex 10.6 -39.4 0
    endloop
  endfacet
  facet normal 0 0 -1
    outer loop
      vertex 10.6 -50.6 0
      vertex 19.4 -49.4 0
      vertex 19.4 -50.6 0
    endloop
  endfacet
  facet normal -0 0 -1
    outer loop
      vertex 19.4 -49.4 0
      vertex 10.6 -50.6 0
      vertex 10.6 -49.4 0
    endloop
  endfacet
  facet normal 0 0 -1
    outer loop
      vertex 10.6 -60.6 0
      vertex 19.4 -59.4 0
      vertex 19.4 -60.6 0
    endloop
  endfacet
  facet normal -0 0 -1
    outer loop
      vertex 19.4 -59.4 0
      vertex 10.6 -60.6 0
      vertex 10.6 -59.4 0
    endloop
  endfacet
  facet normal 0 0 -1
    outer loop
      vertex 10.6 -70.6 0
      vertex 19.4 -69.4 0
      vertex 19.4 -70.6 0
    endloop
  endfacet
  facet normal -0 0 -1
    outer loop
      vertex 19.4 -69.4 0
      vertex 10.6 -70.6 0
      vertex 10.6 -69.4 0
    endloop
  endfacet
  facet normal 0 0 -1
    outer loop
      vertex 20.6 69.4 0
      vertex 29.4 70.6 0
      vertex 29.4 69.4 0
    endloop
  endfacet
  facet normal -0 0 -1
    outer loop
      vertex 29.4 70.6 0
      vertex 20.6 69.4 0
      vertex 20.6 70.6 0
    endloop
  endfacet
  facet normal 0 0 -1
    outer loop
      vertex 20.6 59.4 0
      vertex 29.4 60.6 0
      vertex 29.4 59.4 0
    endloop
  endfacet
  facet normal -0 0 -1
    outer loop
      vertex 29.4 60.6 0
      vertex 20.6 59.4 0
      vertex 20.6 60.6 0
    endloop
  endfacet
  facet normal 0 0 -1
    outer loop
      vertex 20.6 49.4 0
      vertex 29.4 50.6 0
      vertex 29.4 49.4 0
    endloop
  endfacet
  facet normal -0 0 -1
    outer loop
      vertex 29.4 50.6 0
      vertex 20.6 49.4 0
      vertex 20.6 50.6 0
    endloop
  endfacet
  facet normal 0 0 -1
    outer loop
      vertex 20.6 39.4 0
      vertex 29.4 40.6 0
      vertex 29.4 39.4 0
    endloop
  endfacet
  facet normal -0 0 -1
    outer loop
      vertex 29.4 40.6 0
      vertex 20.6 39.4 0
      vertex 20.6 40.6 0
    endloop
  endfacet
  facet normal 0 0 -1
    outer loop
      vertex 20.6 29.4 0
      vertex 29.4 30.6 0
      vertex 29.4 29.4 0
    endloop
  endfacet
  facet normal -0 0 -1
    outer loop
      vertex 29.4 30.6 0
      vertex 20.6 29.4 0
      vertex 20.6 30.6 0
    endloop
  endfacet
  facet normal 0 0 -1
    outer loop
      vertex 20.6 19.4 0
      vertex 29.4 20.6 0
      vertex 29.4 19.4 0
    endloop
  endfacet
  facet normal -0 0 -1
    outer loop
      vertex 29.4 20.6 0
      vertex 20.6 19.4 0
      vertex 20.6 20.6 0
    endloop
  endfacet
  facet normal 0 0 -1
    outer loop
      vertex 20.6 9.39999 0
      vertex 29.4 10.6 0
      vertex 29.4 9.39999 0
    endloop
  endfacet
  facet normal -0 0 -1
    outer loop
      vertex 29.4 10.6 0
      vertex 20.6 9.39999 0
      vertex 20.6 10.6 0
    endloop
  endfacet
  facet normal 0 0 -1
    outer loop
      vertex 20.6 -0.599991 0
      vertex 29.4 0.599991 0
      vertex 29.4 -0.599991 0
    endloop
  endfacet
  facet normal -0 0 -1
    outer loop
      vertex 29.4 0.599991 0
      vertex 20.6 -0.599991 0
      vertex 20.6 0.599991 0
    endloop
  endfacet
  facet normal 0 0 -1
    outer loop
      vertex 20.6 -10.6 0
      vertex 29.4 -9.39999 0
      vertex 29.4 -10.6 0
    endloop
  endfacet
  facet normal -0 0 -1
    outer loop
      vertex 29.4 -9.39999 0
      vertex 20.6 -10.6 0
      vertex 20.6 -9.39999 0
    endloop
  endfacet
  facet normal 0 0 -1
    outer loop
      vertex 20.6 -20.6 0
      vertex 29.4 -19.4 0
      vertex 29.4 -20.6 0
    endloop
  endfacet
  facet normal -0 0 -1
    outer loop
      vertex 29.4 -19.4 0
      vertex 20.6 -20.6 0
      vertex 20.6 -19.4 0
    endloop
  endfacet
  facet normal 0 0 -1
    outer loop
      vertex 20.6 -30.6 0
      vertex 29.4 -29.4 0
      vertex 29.4 -30.6 0
    endloop
  endfacet
  facet normal -0 0 -1
    outer loop
      vertex 29.4 -29.4 0
      vertex 20.6 -30.6 0
      vertex 20.6 -29.4 0
    endloop
  endfacet
  facet normal 0 0 -1
    outer loop
      vertex 20.6 -40.6 0
      vertex 29.4 -39.4 0
      vertex 29.4 -40.6 0
    endloop
  endfacet
  facet normal -0 0 -1
    outer loop
      vertex 29.4 -39.4 0
      vertex 20.6 -40.6 0
      vertex 20.6 -39.4 0
    endloop
  endfacet
  facet normal 0 0 -1
    outer loop
      vertex 20.6 -50.6 0
      vertex 29.4 -49.4 0
      vertex 29.4 -50.6 0
    endloop
  endfacet
  facet normal -0 0 -1
    outer loop
      vertex 29.4 -49.4 0
      vertex 20.6 -50.6 0
      vertex 20.6 -49.4 0
    endloop
  endfacet
  facet normal 0 0 -1
    outer loop
      vertex 20.6 -60.6 0
      vertex 29.4 -59.4 0
      vertex 29.4 -60.6 0
    endloop
  endfacet
  facet normal -0 0 -1
    outer loop
      vertex 29.4 -59.4 0
      vertex 20.6 -60.6 0
      vertex 20.6 -59.4 0
    endloop
  endfacet
  facet normal 0 0 -1
    outer loop
      vertex 20.6 -70.6 0
      vertex 29.4 -69.4 0
      vertex 29.4 -70.6 0
    endloop
  endfacet
  facet normal -0 0 -1
    outer loop
      vertex 29.4 -69.4 0
      vertex 20.6 -70.6 0
      vertex 20.6 -69.4 0
    endloop
  endfacet
  facet normal 0 0 -1
    outer loop
      vertex 30.6 69.4 0
      vertex 39.4 70.6 0
      vertex 39.4 69.4 0
    endloop
  endfacet
  facet normal -0 0 -1
    outer loop
      vertex 39.4 70.6 0
      vertex 30.6 69.4 0
      vertex 30.6 70.6 0
    endloop
  endfacet
  facet normal 0 0 -1
    outer loop
      vertex 30.6 59.4 0
      vertex 39.4 60.6 0
      vertex 39.4 59.4 0
    endloop
  endfacet
  facet normal -0 0 -1
    outer loop
      vertex 39.4 60.6 0
      vertex 30.6 59.4 0
      vertex 30.6 60.6 0
    endloop
  endfacet
  facet normal 0 0 -1
    outer loop
      vertex 30.6 49.4 0
      vertex 39.4 50.6 0
      vertex 39.4 49.4 0
    endloop
  endfacet
  facet normal -0 0 -1
    outer loop
      vertex 39.4 50.6 0
      vertex 30.6 49.4 0
      vertex 30.6 50.6 0
    endloop
  endfacet
  facet normal 0 0 -1
    outer loop
      vertex 30.6 39.4 0
      vertex 39.4 40.6 0
      vertex 39.4 39.4 0
    endloop
  endfacet
  facet normal -0 0 -1
    outer loop
      vertex 39.4 40.6 0
      vertex 30.6 39.4 0
      vertex 30.6 40.6 0
    endloop
  endfacet
  facet normal 0 0 -1
    outer loop
      vertex 30.6 29.4 0
      vertex 39.4 30.6 0
      vertex 39.4 29.4 0
    endloop
  endfacet
  facet normal -0 0 -1
    outer loop
      vertex 39.4 30.6 0
      vertex 30.6 29.4 0
      vertex 30.6 30.6 0
    endloop
  endfacet
  facet normal 0 0 -1
    outer loop
      vertex 30.6 19.4 0
      vertex 39.4 20.6 0
      vertex 39.4 19.4 0
    endloop
  endfacet
  facet normal -0 0 -1
    outer loop
      vertex 39.4 20.6 0
      vertex 30.6 19.4 0
      vertex 30.6 20.6 0
    endloop
  endfacet
  facet normal 0 0 -1
    outer loop
      vertex 30.6 9.39999 0
      vertex 39.4 10.6 0
      vertex 39.4 9.39999 0
    endloop
  endfacet
  facet normal -0 0 -1
    outer loop
      vertex 39.4 10.6 0
      vertex 30.6 9.39999 0
      vertex 30.6 10.6 0
    endloop
  endfacet
  facet normal 0 0 -1
    outer loop
      vertex 30.6 -0.599991 0
      vertex 39.4 0.599991 0
      vertex 39.4 -0.599991 0
    endloop
  endfacet
  facet normal -0 0 -1
    outer loop
      vertex 39.4 0.599991 0
      vertex 30.6 -0.599991 0
      vertex 30.6 0.599991 0
    endloop
  endfacet
  facet normal 0 0 -1
    outer loop
      vertex 30.6 -10.6 0
      vertex 39.4 -9.39999 0
      vertex 39.4 -10.6 0
    endloop
  endfacet
  facet normal -0 0 -1
    outer loop
      vertex 39.4 -9.39999 0
      vertex 30.6 -10.6 0
      vertex 30.6 -9.39999 0
    endloop
  endfacet
  facet normal 0 0 -1
    outer loop
      vertex 30.6 -20.6 0
      vertex 39.4 -19.4 0
      vertex 39.4 -20.6 0
    endloop
  endfacet
  facet normal -0 0 -1
    outer loop
      vertex 39.4 -19.4 0
      vertex 30.6 -20.6 0
      vertex 30.6 -19.4 0
    endloop
  endfacet
  facet normal 0 0 -1
    outer loop
      vertex 30.6 -30.6 0
      vertex 39.4 -29.4 0
      vertex 39.4 -30.6 0
    endloop
  endfacet
  facet normal -0 0 -1
    outer loop
      vertex 39.4 -29.4 0
      vertex 30.6 -30.6 0
      vertex 30.6 -29.4 0
    endloop
  endfacet
  facet normal 0 0 -1
    outer loop
      vertex 30.6 -40.6 0
      vertex 39.4 -39.4 0
      vertex 39.4 -40.6 0
    endloop
  endfacet
  facet normal -0 0 -1
    outer loop
      vertex 39.4 -39.4 0
      vertex 30.6 -40.6 0
      vertex 30.6 -39.4 0
    endloop
  endfacet
  facet normal 0 0 -1
    outer loop
      vertex 30.6 -50.6 0
      vertex 39.4 -49.4 0
      vertex 39.4 -50.6 0
    endloop
  endfacet
  facet normal -0 0 -1
    outer loop
      vertex 39.4 -49.4 0
      vertex 30.6 -50.6 0
      vertex 30.6 -49.4 0
    endloop
  endfacet
  facet normal 0 0 -1
    outer loop
      vertex 30.6 -60.6 0
      vertex 39.4 -59.4 0
      vertex 39.4 -60.6 0
    endloop
  endfacet
  facet normal -0 0 -1
    outer loop
      vertex 39.4 -59.4 0
      vertex 30.6 -60.6 0
      vertex 30.6 -59.4 0
    endloop
  endfacet
  facet normal 0 0 -1
    outer loop
      vertex 30.6 -70.6 0
      vertex 39.4 -69.4 0
      vertex 39.4 -70.6 0
    endloop
  endfacet
  facet normal -0 0 -1
    outer loop
      vertex 39.4 -69.4 0
      vertex 30.6 -70.6 0
      vertex 30.6 -69.4 0
    endloop
  endfacet
  facet normal 0 0 -1
    outer loop
      vertex 40.6 69.4 0
      vertex 49.4 70.6 0
      vertex 49.4 69.4 0
    endloop
  endfacet
  facet normal -0 0 -1
    outer loop
      vertex 49.4 70.6 0
      vertex 40.6 69.4 0
      vertex 40.6 70.6 0
    endloop
  endfacet
  facet normal 0 0 -1
    outer loop
      vertex 40.6 59.4 0
      vertex 49.4 60.6 0
      vertex 49.4 59.4 0
    endloop
  endfacet
  facet normal -0 0 -1
    outer loop
      vertex 49.4 60.6 0
      vertex 40.6 59.4 0
      vertex 40.6 60.6 0
    endloop
  endfacet
  facet normal 0 0 -1
    outer loop
      vertex 40.6 49.4 0
      vertex 49.4 50.6 0
      vertex 49.4 49.4 0
    endloop
  endfacet
  facet normal -0 0 -1
    outer loop
      vertex 49.4 50.6 0
      vertex 40.6 49.4 0
      vertex 40.6 50.6 0
    endloop
  endfacet
  facet normal 0 0 -1
    outer loop
      vertex 40.6 39.4 0
      vertex 49.4 40.6 0
      vertex 49.4 39.4 0
    endloop
  endfacet
  facet normal -0 0 -1
    outer loop
      vertex 49.4 40.6 0
      vertex 40.6 39.4 0
      vertex 40.6 40.6 0
    endloop
  endfacet
  facet normal 0 0 -1
    outer loop
      vertex 40.6 29.4 0
      vertex 49.4 30.6 0
      vertex 49.4 29.4 0
    endloop
  endfacet
  facet normal -0 0 -1
    outer loop
      vertex 49.4 30.6 0
      vertex 40.6 29.4 0
      vertex 40.6 30.6 0
    endloop
  endfacet
  facet normal 0 0 -1
    outer loop
      vertex 40.6 19.4 0
      vertex 49.4 20.6 0
      vertex 49.4 19.4 0
    endloop
  endfacet
  facet normal -0 0 -1
    outer loop
      vertex 49.4 20.6 0
      vertex 40.6 19.4 0
      vertex 40.6 20.6 0
    endloop
  endfacet
  facet normal 0 0 -1
    outer loop
      vertex 40.6 9.39999 0
      vertex 49.4 10.6 0
      vertex 49.4 9.39999 0
    endloop
  endfacet
  facet normal -0 0 -1
    outer loop
      vertex 49.4 10.6 0
      vertex 40.6 9.39999 0
      vertex 40.6 10.6 0
    endloop
  endfacet
  facet normal 0 0 -1
    outer loop
      vertex 40.6 -0.599991 0
      vertex 49.4 0.599991 0
      vertex 49.4 -0.599991 0
    endloop
  endfacet
  facet normal -0 0 -1
    outer loop
      vertex 49.4 0.599991 0
      vertex 40.6 -0.599991 0
      vertex 40.6 0.599991 0
    endloop
  endfacet
  facet normal 0 0 -1
    outer loop
      vertex 40.6 -10.6 0
      vertex 49.4 -9.39999 0
      vertex 49.4 -10.6 0
    endloop
  endfacet
  facet normal -0 0 -1
    outer loop
      vertex 49.4 -9.39999 0
      vertex 40.6 -10.6 0
      vertex 40.6 -9.39999 0
    endloop
  endfacet
  facet normal 0 0 -1
    outer loop
      vertex 40.6 -20.6 0
      vertex 49.4 -19.4 0
      vertex 49.4 -20.6 0
    endloop
  endfacet
  facet normal -0 0 -1
    outer loop
      vertex 49.4 -19.4 0
      vertex 40.6 -20.6 0
      vertex 40.6 -19.4 0
    endloop
  endfacet
  facet normal 0 0 -1
    outer loop
      vertex 40.6 -30.6 0
      vertex 49.4 -29.4 0
      vertex 49.4 -30.6 0
    endloop
  endfacet
  facet normal -0 0 -1
    outer loop
      vertex 49.4 -29.4 0
      vertex 40.6 -30.6 0
      vertex 40.6 -29.4 0
    endloop
  endfacet
  facet normal 0 0 -1
    outer loop
      vertex 40.6 -40.6 0
      vertex 49.4 -39.4 0
      vertex 49.4 -40.6 0
    endloop
  endfacet
  facet normal -0 0 -1
    outer loop
      vertex 49.4 -39.4 0
      vertex 40.6 -40.6 0
      vertex 40.6 -39.4 0
    endloop
  endfacet
  facet normal 0 0 -1
    outer loop
      vertex 40.6 -50.6 0
      vertex 49.4 -49.4 0
      vertex 49.4 -50.6 0
    endloop
  endfacet
  facet normal -0 0 -1
    outer loop
      vertex 49.4 -49.4 0
      vertex 40.6 -50.6 0
      vertex 40.6 -49.4 0
    endloop
  endfacet
  facet normal 0 0 -1
    outer loop
      vertex 40.6 -60.6 0
      vertex 49.4 -59.4 0
      vertex 49.4 -60.6 0
    endloop
  endfacet
  facet normal -0 0 -1
    outer loop
      vertex 49.4 -59.4 0
      vertex 40.6 -60.6 0
      vertex 40.6 -59.4 0
    endloop
  endfacet
  facet normal 0 0 -1
    outer loop
      vertex 40.6 -70.6 0
      vertex 49.4 -69.4 0
      vertex 49.4 -70.6 0
    endloop
  endfacet
  facet normal -0 0 -1
    outer loop
      vertex 49.4 -69.4 0
      vertex 40.6 -70.6 0
      vertex 40.6 -69.4 0
    endloop
  endfacet
  facet normal 0 0 -1
    outer loop
      vertex 50.6 69.4 0
      vertex 59.4 70.6 0
      vertex 59.4 69.4 0
    endloop
  endfacet
  facet normal -0 0 -1
    outer loop
      vertex 59.4 70.6 0
      vertex 50.6 69.4 0
      vertex 50.6 70.6 0
    endloop
  endfacet
  facet normal 0 0 -1
    outer loop
      vertex 50.6 59.4 0
      vertex 59.4 60.6 0
      vertex 59.4 59.4 0
    endloop
  endfacet
  facet normal -0 0 -1
    outer loop
      vertex 59.4 60.6 0
      vertex 50.6 59.4 0
      vertex 50.6 60.6 0
    endloop
  endfacet
  facet normal 0 0 -1
    outer loop
      vertex 50.6 49.4 0
      vertex 59.4 50.6 0
      vertex 59.4 49.4 0
    endloop
  endfacet
  facet normal -0 0 -1
    outer loop
      vertex 59.4 50.6 0
      vertex 50.6 49.4 0
      vertex 50.6 50.6 0
    endloop
  endfacet
  facet normal 0 0 -1
    outer loop
      vertex 50.6 39.4 0
      vertex 59.4 40.6 0
      vertex 59.4 39.4 0
    endloop
  endfacet
  facet normal -0 0 -1
    outer loop
      vertex 59.4 40.6 0
      vertex 50.6 39.4 0
      vertex 50.6 40.6 0
    endloop
  endfacet
  facet normal 0 0 -1
    outer loop
      vertex 50.6 29.4 0
      vertex 59.4 30.6 0
      vertex 59.4 29.4 0
    endloop
  endfacet
  facet normal -0 0 -1
    outer loop
      vertex 59.4 30.6 0
      vertex 50.6 29.4 0
      vertex 50.6 30.6 0
    endloop
  endfacet
  facet normal 0 0 -1
    outer loop
      vertex 50.6 19.4 0
      vertex 59.4 20.6 0
      vertex 59.4 19.4 0
    endloop
  endfacet
  facet normal -0 0 -1
    outer loop
      vertex 59.4 20.6 0
      vertex 50.6 19.4 0
      vertex 50.6 20.6 0
    endloop
  endfacet
  facet normal 0 0 -1
    outer loop
      vertex 50.6 9.39999 0
      vertex 59.4 10.6 0
      vertex 59.4 9.39999 0
    endloop
  endfacet
  facet normal -0 0 -1
    outer loop
      vertex 59.4 10.6 0
      vertex 50.6 9.39999 0
      vertex 50.6 10.6 0
    endloop
  endfacet
  facet normal 0 0 -1
    outer loop
      vertex 50.6 -0.599991 0
      vertex 59.4 0.599991 0
      vertex 59.4 -0.599991 0
    endloop
  endfacet
  facet normal -0 0 -1
    outer loop
      vertex 59.4 0.599991 0
      vertex 50.6 -0.599991 0
      vertex 50.6 0.599991 0
    endloop
  endfacet
  facet normal 0 0 -1
    outer loop
      vertex 50.6 -10.6 0
      vertex 59.4 -9.39999 0
      vertex 59.4 -10.6 0
    endloop
  endfacet
  facet normal -0 0 -1
    outer loop
      vertex 59.4 -9.39999 0
      vertex 50.6 -10.6 0
      vertex 50.6 -9.39999 0
    endloop
  endfacet
  facet normal 0 0 -1
    outer loop
      vertex 50.6 -20.6 0
      vertex 59.4 -19.4 0
      vertex 59.4 -20.6 0
    endloop
  endfacet
  facet normal -0 0 -1
    outer loop
      vertex 59.4 -19.4 0
      vertex 50.6 -20.6 0
      vertex 50.6 -19.4 0
    endloop
  endfacet
  facet normal 0 0 -1
    outer loop
      vertex 50.6 -30.6 0
      vertex 59.4 -29.4 0
      vertex 59.4 -30.6 0
    endloop
  endfacet
  facet normal -0 0 -1
    outer loop
      vertex 59.4 -29.4 0
      vertex 50.6 -30.6 0
      vertex 50.6 -29.4 0
    endloop
  endfacet
  facet normal 0 0 -1
    outer loop
      vertex 50.6 -40.6 0
      vertex 59.4 -39.4 0
      vertex 59.4 -40.6 0
    endloop
  endfacet
  facet normal -0 0 -1
    outer loop
      vertex 59.4 -39.4 0
      vertex 50.6 -40.6 0
      vertex 50.6 -39.4 0
    endloop
  endfacet
  facet normal 0 0 -1
    outer loop
      vertex 50.6 -50.6 0
      vertex 59.4 -49.4 0
      vertex 59.4 -50.6 0
    endloop
  endfacet
  facet normal -0 0 -1
    outer loop
      vertex 59.4 -49.4 0
      vertex 50.6 -50.6 0
      vertex 50.6 -49.4 0
    endloop
  endfacet
  facet normal 0 0 -1
    outer loop
      vertex 50.6 -60.6 0
      vertex 59.4 -59.4 0
      vertex 59.4 -60.6 0
    endloop
  endfacet
  facet normal -0 0 -1
    outer loop
      vertex 59.4 -59.4 0
      vertex 50.6 -60.6 0
      vertex 50.6 -59.4 0
    endloop
  endfacet
  facet normal 0 0 -1
    outer loop
      vertex 50.6 -70.6 0
      vertex 59.4 -69.4 0
      vertex 59.4 -70.6 0
    endloop
  endfacet
  facet normal -0 0 -1
    outer loop
      vertex 59.4 -69.4 0
      vertex 50.6 -70.6 0
      vertex 50.6 -69.4 0
    endloop
  endfacet
  facet normal 0 0 -1
    outer loop
      vertex 60.6 69.4 0
      vertex 69.4 70.6 0
      vertex 69.4 69.4 0
    endloop
  endfacet
  facet normal -0 0 -1
    outer loop
      vertex 69.4 70.6 0
      vertex 60.6 69.4 0
      vertex 60.6 70.6 0
    endloop
  endfacet
  facet normal 0 0 -1
    outer loop
      vertex 60.6 59.4 0
      vertex 69.4 60.6 0
      vertex 69.4 59.4 0
    endloop
  endfacet
  facet normal -0 0 -1
    outer loop
      vertex 69.4 60.6 0
      vertex 60.6 59.4 0
      vertex 60.6 60.6 0
    endloop
  endfacet
  facet normal 0 0 -1
    outer loop
      vertex 60.6 49.4 0
      vertex 69.4 50.6 0
      vertex 69.4 49.4 0
    endloop
  endfacet
  facet normal -0 0 -1
    outer loop
      vertex 69.4 50.6 0
      vertex 60.6 49.4 0
      vertex 60.6 50.6 0
    endloop
  endfacet
  facet normal 0 0 -1
    outer loop
      vertex 60.6 39.4 0
      vertex 69.4 40.6 0
      vertex 69.4 39.4 0
    endloop
  endfacet
  facet normal -0 0 -1
    outer loop
      vertex 69.4 40.6 0
      vertex 60.6 39.4 0
      vertex 60.6 40.6 0
    endloop
  endfacet
  facet normal 0 0 -1
    outer loop
      vertex 60.6 29.4 0
      vertex 69.4 30.6 0
      vertex 69.4 29.4 0
    endloop
  endfacet
  facet normal -0 0 -1
    outer loop
      vertex 69.4 30.6 0
      vertex 60.6 29.4 0
      vertex 60.6 30.6 0
    endloop
  endfacet
  facet normal 0 0 -1
    outer loop
      vertex 60.6 19.4 0
      vertex 69.4 20.6 0
      vertex 69.4 19.4 0
    endloop
  endfacet
  facet normal -0 0 -1
    outer loop
      vertex 69.4 20.6 0
      vertex 60.6 19.4 0
      vertex 60.6 20.6 0
    endloop
  endfacet
  facet normal 0 0 -1
    outer loop
      vertex 60.6 9.39999 0
      vertex 69.4 10.6 0
      vertex 69.4 9.39999 0
    endloop
  endfacet
  facet normal -0 0 -1
    outer loop
      vertex 69.4 10.6 0
      vertex 60.6 9.39999 0
      vertex 60.6 10.6 0
    endloop
  endfacet
  facet normal 0 0 -1
    outer loop
      vertex 60.6 -0.599991 0
      vertex 69.4 0.599991 0
      vertex 69.4 -0.599991 0
    endloop
  endfacet
  facet normal -0 0 -1
    outer loop
      vertex 69.4 0.599991 0
      vertex 60.6 -0.599991 0
      vertex 60.6 0.599991 0
    endloop
  endfacet
  facet normal 0 0 -1
    outer loop
      vertex 60.6 -10.6 0
      vertex 69.4 -9.39999 0
      vertex 69.4 -10.6 0
    endloop
  endfacet
  facet normal -0 0 -1
    outer loop
      vertex 69.4 -9.39999 0
      vertex 60.6 -10.6 0
      vertex 60.6 -9.39999 0
    endloop
  endfacet
  facet normal 0 0 -1
    outer loop
      vertex 60.6 -20.6 0
      vertex 69.4 -19.4 0
      vertex 69.4 -20.6 0
    endloop
  endfacet
  facet normal -0 0 -1
    outer loop
      vertex 69.4 -19.4 0
      vertex 60.6 -20.6 0
      vertex 60.6 -19.4 0
    endloop
  endfacet
  facet normal 0 0 -1
    outer loop
      vertex 60.6 -30.6 0
      vertex 69.4 -29.4 0
      vertex 69.4 -30.6 0
    endloop
  endfacet
  facet normal -0 0 -1
    outer loop
      vertex 69.4 -29.4 0
      vertex 60.6 -30.6 0
      vertex 60.6 -29.4 0
    endloop
  endfacet
  facet normal 0 0 -1
    outer loop
      vertex 60.6 -40.6 0
      vertex 69.4 -39.4 0
      vertex 69.4 -40.6 0
    endloop
  endfacet
  facet normal -0 0 -1
    outer loop
      vertex 69.4 -39.4 0
      vertex 60.6 -40.6 0
      vertex 60.6 -39.4 0
    endloop
  endfacet
  facet normal 0 0 -1
    outer loop
      vertex 60.6 -50.6 0
      vertex 69.4 -49.4 0
      vertex 69.4 -50.6 0
    endloop
  endfacet
  facet normal -0 0 -1
    outer loop
      vertex 69.4 -49.4 0
      vertex 60.6 -50.6 0
      vertex 60.6 -49.4 0
    endloop
  endfacet
  facet normal 0 0 -1
    outer loop
      vertex 60.6 -60.6 0
      vertex 69.4 -59.4 0
      vertex 69.4 -60.6 0
    endloop
  endfacet
  facet normal -0 0 -1
    outer loop
      vertex 69.4 -59.4 0
      vertex 60.6 -60.6 0
      vertex 60.6 -59.4 0
    endloop
  endfacet
  facet normal 0 0 -1
    outer loop
      vertex 60.6 -70.6 0
      vertex 69.4 -69.4 0
      vertex 69.4 -70.6 0
    endloop
  endfacet
  facet normal -0 0 -1
    outer loop
      vertex 69.4 -69.4 0
      vertex 60.6 -70.6 0
      vertex 60.6 -69.4 0
    endloop
  endfacet
  facet normal 0 0 -1
    outer loop
      vertex 70.6 69.4 0
      vertex 78.9 70.6 0
      vertex 78.9 69.4 0
    endloop
  endfacet
  facet normal -0 0 -1
    outer loop
      vertex 78.9 70.6 0
      vertex 70.6 69.4 0
      vertex 70.6 70.6 0
    endloop
  endfacet
  facet normal 0 0 -1
    outer loop
      vertex 70.6 59.4 0
      vertex 78.9 60.6 0
      vertex 78.9 59.4 0
    endloop
  endfacet
  facet normal -0 0 -1
    outer loop
      vertex 78.9 60.6 0
      vertex 70.6 59.4 0
      vertex 70.6 60.6 0
    endloop
  endfacet
  facet normal 0 0 -1
    outer loop
      vertex 70.6 49.4 0
      vertex 78.9 50.6 0
      vertex 78.9 49.4 0
    endloop
  endfacet
  facet normal -0 0 -1
    outer loop
      vertex 78.9 50.6 0
      vertex 70.6 49.4 0
      vertex 70.6 50.6 0
    endloop
  endfacet
  facet normal 0 0 -1
    outer loop
      vertex 70.6 39.4 0
      vertex 78.9 40.6 0
      vertex 78.9 39.4 0
    endloop
  endfacet
  facet normal -0 0 -1
    outer loop
      vertex 78.9 40.6 0
      vertex 70.6 39.4 0
      vertex 70.6 40.6 0
    endloop
  endfacet
  facet normal 0 0 -1
    outer loop
      vertex 70.6 29.4 0
      vertex 78.9 30.6 0
      vertex 78.9 29.4 0
    endloop
  endfacet
  facet normal -0 0 -1
    outer loop
      vertex 78.9 30.6 0
      vertex 70.6 29.4 0
      vertex 70.6 30.6 0
    endloop
  endfacet
  facet normal 0 0 -1
    outer loop
      vertex 70.6 19.4 0
      vertex 78.9 20.6 0
      vertex 78.9 19.4 0
    endloop
  endfacet
  facet normal -0 0 -1
    outer loop
      vertex 78.9 20.6 0
      vertex 70.6 19.4 0
      vertex 70.6 20.6 0
    endloop
  endfacet
  facet normal 0 0 -1
    outer loop
      vertex 70.6 9.39999 0
      vertex 78.9 10.6 0
      vertex 78.9 9.39999 0
    endloop
  endfacet
  facet normal -0 0 -1
    outer loop
      vertex 78.9 10.6 0
      vertex 70.6 9.39999 0
      vertex 70.6 10.6 0
    endloop
  endfacet
  facet normal 0 0 -1
    outer loop
      vertex 70.6 -0.599991 0
      vertex 78.9 0.599991 0
      vertex 78.9 -0.599991 0
    endloop
  endfacet
  facet normal -0 0 -1
    outer loop
      vertex 78.9 0.599991 0
      vertex 70.6 -0.599991 0
      vertex 70.6 0.599991 0
    endloop
  endfacet
  facet normal 0 0 -1
    outer loop
      vertex 70.6 -10.6 0
      vertex 78.9 -9.39999 0
      vertex 78.9 -10.6 0
    endloop
  endfacet
  facet normal -0 0 -1
    outer loop
      vertex 78.9 -9.39999 0
      vertex 70.6 -10.6 0
      vertex 70.6 -9.39999 0
    endloop
  endfacet
  facet normal 0 0 -1
    outer loop
      vertex 70.6 -20.6 0
      vertex 78.9 -19.4 0
      vertex 78.9 -20.6 0
    endloop
  endfacet
  facet normal -0 0 -1
    outer loop
      vertex 78.9 -19.4 0
      vertex 70.6 -20.6 0
      vertex 70.6 -19.4 0
    endloop
  endfacet
  facet normal 0 0 -1
    outer loop
      vertex 70.6 -30.6 0
      vertex 78.9 -29.4 0
      vertex 78.9 -30.6 0
    endloop
  endfacet
  facet normal -0 0 -1
    outer loop
      vertex 78.9 -29.4 0
      vertex 70.6 -30.6 0
      vertex 70.6 -29.4 0
    endloop
  endfacet
  facet normal 0 0 -1
    outer loop
      vertex 70.6 -40.6 0
      vertex 78.9 -39.4 0
      vertex 78.9 -40.6 0
    endloop
  endfacet
  facet normal -0 0 -1
    outer loop
      vertex 78.9 -39.4 0
      vertex 70.6 -40.6 0
      vertex 70.6 -39.4 0
    endloop
  endfacet
  facet normal 0 0 -1
    outer loop
      vertex 70.6 -50.6 0
      vertex 78.9 -49.4 0
      vertex 78.9 -50.6 0
    endloop
  endfacet
  facet normal -0 0 -1
    outer loop
      vertex 78.9 -49.4 0
      vertex 70.6 -50.6 0
      vertex 70.6 -49.4 0
    endloop
  endfacet
  facet normal 0 0 -1
    outer loop
      vertex 70.6 -60.6 0
      vertex 78.9 -59.4 0
      vertex 78.9 -60.6 0
    endloop
  endfacet
  facet normal -0 0 -1
    outer loop
      vertex 78.9 -59.4 0
      vertex 70.6 -60.6 0
      vertex 70.6 -59.4 0
    endloop
  endfacet
  facet normal 0 0 -1
    outer loop
      vertex 70.6 -70.6 0
      vertex 78.9 -69.4 0
      vertex 78.9 -70.6 0
    endloop
  endfacet
  facet normal -0 0 -1
    outer loop
      vertex 78.9 -69.4 0
      vertex 70.6 -70.6 0
      vertex 70.6 -69.4 0
    endloop
  endfacet
  facet normal 0 0 -1
    outer loop
      vertex 78.9 -70.6 0
      vertex 79.8 -79.8 0
      vertex 78.9 -78.9 0
    endloop
  endfacet
  facet normal 0 0 -1
    outer loop
      vertex 79.8 -79.8 0
      vertex 70.6 -78.9 0
      vertex 78.9 -78.9 0
    endloop
  endfacet
  facet normal 0 0 -1
    outer loop
      vertex 69.4 -70.6 0
      vertex 70.6 -70.6 0
      vertex 70.6 -78.9 0
    endloop
  endfacet
  facet normal 0 0 -1
    outer loop
      vertex 70.6 -70.6 0
      vertex 69.4 -70.6 0
      vertex 70.6 -69.4 0
    endloop
  endfacet
  facet normal 0 0 -1
    outer loop
      vertex 70.6 -69.4 0
      vertex 69.4 -69.4 0
      vertex 70.6 -60.6 0
    endloop
  endfacet
  facet normal 0 0 -1
    outer loop
      vertex 69.4 -60.6 0
      vertex 70.6 -60.6 0
      vertex 69.4 -69.4 0
    endloop
  endfacet
  facet normal 0 0 -1
    outer loop
      vertex 69.4 -59.4 0
      vertex 70.6 -59.4 0
      vertex 69.4 -60.6 0
    endloop
  endfacet
  facet normal 0 0 -1
    outer loop
      vertex 70.6 -59.4 0
      vertex 69.4 -59.4 0
      vertex 70.6 -50.6 0
    endloop
  endfacet
  facet normal 0 0 -1
    outer loop
      vertex 70.6 -50.6 0
      vertex 69.4 -50.6 0
      vertex 70.6 -49.4 0
    endloop
  endfacet
  facet normal 0 0 -1
    outer loop
      vertex 69.4 -49.4 0
      vertex 70.6 -49.4 0
      vertex 69.4 -50.6 0
    endloop
  endfacet
  facet normal 0 0 -1
    outer loop
      vertex 69.4 -40.6 0
      vertex 70.6 -40.6 0
      vertex 69.4 -49.4 0
    endloop
  endfacet
  facet normal 0 0 -1
    outer loop
      vertex 70.6 -40.6 0
      vertex 69.4 -40.6 0
      vertex 70.6 -39.4 0
    endloop
  endfacet
  facet normal 0 0 -1
    outer loop
      vertex 70.6 -39.4 0
      vertex 69.4 -39.4 0
      vertex 70.6 -30.6 0
    endloop
  endfacet
  facet normal 0 0 -1
    outer loop
      vertex 69.4 -30.6 0
      vertex 70.6 -30.6 0
      vertex 69.4 -39.4 0
    endloop
  endfacet
  facet normal 0 0 -1
    outer loop
      vertex 69.4 -29.4 0
      vertex 70.6 -29.4 0
      vertex 69.4 -30.6 0
    endloop
  endfacet
  facet normal 0 0 -1
    outer loop
      vertex 69.4 -20.6 0
      vertex 70.6 -20.6 0
      vertex 69.4 -29.4 0
    endloop
  endfacet
  facet normal 0 0 -1
    outer loop
      vertex 69.4 -19.4 0
      vertex 70.6 -19.4 0
      vertex 69.4 -20.6 0
    endloop
  endfacet
  facet normal 0 0 -1
    outer loop
      vertex 70.6 -19.4 0
      vertex 69.4 -19.4 0
      vertex 70.6 -10.6 0
    endloop
  endfacet
  facet normal 0 0 -1
    outer loop
      vertex 70.6 -10.6 0
      vertex 69.4 -10.6 0
      vertex 70.6 -9.39999 0
    endloop
  endfacet
  facet normal 0 0 -1
    outer loop
      vertex 69.4 -9.39999 0
      vertex 70.6 -9.39999 0
      vertex 69.4 -10.6 0
    endloop
  endfacet
  facet normal 0 0 -1
    outer loop
      vertex 69.4 -0.599991 0
      vertex 70.6 -0.599991 0
      vertex 69.4 -9.39999 0
    endloop
  endfacet
  facet normal 0 0 -1
    outer loop
      vertex 70.6 -0.599991 0
      vertex 69.4 -0.599991 0
      vertex 70.6 0.599991 0
    endloop
  endfacet
  facet normal 0 0 -1
    outer loop
      vertex 69.4 0.599991 0
      vertex 70.6 0.599991 0
      vertex 69.4 -0.599991 0
    endloop
  endfacet
  facet normal 0 0 -1
    outer loop
      vertex 70.6 0.599991 0
      vertex 69.4 0.599991 0
      vertex 70.6 9.39999 0
    endloop
  endfacet
  facet normal 0 0 -1
    outer loop
      vertex 69.4 9.39999 0
      vertex 70.6 9.39999 0
      vertex 69.4 0.599991 0
    endloop
  endfacet
  facet normal 0 0 -1
    outer loop
      vertex 70.6 9.39999 0
      vertex 69.4 9.39999 0
      vertex 70.6 10.6 0
    endloop
  endfacet
  facet normal 0 0 -1
    outer loop
      vertex 69.4 10.6 0
      vertex 70.6 10.6 0
      vertex 69.4 9.39999 0
    endloop
  endfacet
  facet normal 0 0 -1
    outer loop
      vertex 70.6 10.6 0
      vertex 69.4 10.6 0
      vertex 70.6 19.4 0
    endloop
  endfacet
  facet normal 0 0 -1
    outer loop
      vertex 69.4 19.4 0
      vertex 70.6 19.4 0
      vertex 69.4 10.6 0
    endloop
  endfacet
  facet normal 0 0 -1
    outer loop
      vertex 70.6 19.4 0
      vertex 69.4 19.4 0
      vertex 70.6 20.6 0
    endloop
  endfacet
  facet normal 0 0 -1
    outer loop
      vertex 69.4 20.6 0
      vertex 70.6 20.6 0
      vertex 69.4 19.4 0
    endloop
  endfacet
  facet normal 0 0 -1
    outer loop
      vertex 70.6 20.6 0
      vertex 69.4 20.6 0
      vertex 70.6 29.4 0
    endloop
  endfacet
  facet normal 0 0 -1
    outer loop
      vertex 69.4 -70.6 0
      vertex 70.6 -78.9 0
      vertex 69.4 -78.9 0
    endloop
  endfacet
  facet normal 0 0 -1
    outer loop
      vertex 79.8 -79.8 0
      vertex 69.4 -78.9 0
      vertex 70.6 -78.9 0
    endloop
  endfacet
  facet normal 0 0 -1
    outer loop
      vertex 79.8 -79.8 0
      vertex 60.6 -78.9 0
      vertex 69.4 -78.9 0
    endloop
  endfacet
  facet normal 0 0 -1
    outer loop
      vertex 59.4 -70.6 0
      vertex 60.6 -70.6 0
      vertex 60.6 -78.9 0
    endloop
  endfacet
  facet normal 0 0 -1
    outer loop
      vertex 60.6 -70.6 0
      vertex 59.4 -70.6 0
      vertex 60.6 -69.4 0
    endloop
  endfacet
  facet normal 0 0 -1
    outer loop
      vertex 60.6 -69.4 0
      vertex 59.4 -69.4 0
      vertex 60.6 -60.6 0
    endloop
  endfacet
  facet normal 0 0 -1
    outer loop
      vertex 59.4 -60.6 0
      vertex 60.6 -60.6 0
      vertex 59.4 -69.4 0
    endloop
  endfacet
  facet normal 0 0 -1
    outer loop
      vertex 59.4 -59.4 0
      vertex 60.6 -59.4 0
      vertex 59.4 -60.6 0
    endloop
  endfacet
  facet normal 0 0 -1
    outer loop
      vertex 60.6 -59.4 0
      vertex 59.4 -59.4 0
      vertex 60.6 -50.6 0
    endloop
  endfacet
  facet normal 0 0 -1
    outer loop
      vertex 60.6 -50.6 0
      vertex 59.4 -50.6 0
      vertex 60.6 -49.4 0
    endloop
  endfacet
  facet normal 0 0 -1
    outer loop
      vertex 59.4 -49.4 0
      vertex 60.6 -49.4 0
      vertex 59.4 -50.6 0
    endloop
  endfacet
  facet normal 0 0 -1
    outer loop
      vertex 59.4 -40.6 0
      vertex 60.6 -40.6 0
      vertex 59.4 -49.4 0
    endloop
  endfacet
  facet normal 0 0 -1
    outer loop
      vertex 60.6 -40.6 0
      vertex 59.4 -40.6 0
      vertex 60.6 -39.4 0
    endloop
  endfacet
  facet normal 0 0 -1
    outer loop
      vertex 60.6 -39.4 0
      vertex 59.4 -39.4 0
      vertex 60.6 -30.6 0
    endloop
  endfacet
  facet normal 0 0 -1
    outer loop
      vertex 59.4 -30.6 0
      vertex 60.6 -30.6 0
      vertex 59.4 -39.4 0
    endloop
  endfacet
  facet normal 0 0 -1
    outer loop
      vertex 59.4 -29.4 0
      vertex 60.6 -29.4 0
      vertex 59.4 -30.6 0
    endloop
  endfacet
  facet normal 0 0 -1
    outer loop
      vertex 59.4 -20.6 0
      vertex 60.6 -20.6 0
      vertex 59.4 -29.4 0
    endloop
  endfacet
  facet normal 0 0 -1
    outer loop
      vertex 59.4 -19.4 0
      vertex 60.6 -19.4 0
      vertex 59.4 -20.6 0
    endloop
  endfacet
  facet normal 0 0 -1
    outer loop
      vertex 60.6 -19.4 0
      vertex 59.4 -19.4 0
      vertex 60.6 -10.6 0
    endloop
  endfacet
  facet normal 0 0 -1
    outer loop
      vertex 60.6 -10.6 0
      vertex 59.4 -10.6 0
      vertex 60.6 -9.39999 0
    endloop
  endfacet
  facet normal 0 0 -1
    outer loop
      vertex 59.4 -9.39999 0
      vertex 60.6 -9.39999 0
      vertex 59.4 -10.6 0
    endloop
  endfacet
  facet normal 0 0 -1
    outer loop
      vertex 59.4 -0.599991 0
      vertex 60.6 -0.599991 0
      vertex 59.4 -9.39999 0
    endloop
  endfacet
  facet normal 0 0 -1
    outer loop
      vertex 60.6 -0.599991 0
      vertex 59.4 -0.599991 0
      vertex 60.6 0.599991 0
    endloop
  endfacet
  facet normal 0 0 -1
    outer loop
      vertex 59.4 0.599991 0
      vertex 60.6 0.599991 0
      vertex 59.4 -0.599991 0
    endloop
  endfacet
  facet normal 0 0 -1
    outer loop
      vertex 60.6 0.599991 0
      vertex 59.4 0.599991 0
      vertex 60.6 9.39999 0
    endloop
  endfacet
  facet normal 0 0 -1
    outer loop
      vertex 59.4 9.39999 0
      vertex 60.6 9.39999 0
      vertex 59.4 0.599991 0
    endloop
  endfacet
  facet normal 0 0 -1
    outer loop
      vertex 60.6 9.39999 0
      vertex 59.4 9.39999 0
      vertex 60.6 10.6 0
    endloop
  endfacet
  facet normal 0 0 -1
    outer loop
      vertex 59.4 10.6 0
      vertex 60.6 10.6 0
      vertex 59.4 9.39999 0
    endloop
  endfacet
  facet normal 0 0 -1
    outer loop
      vertex 60.6 10.6 0
      vertex 59.4 10.6 0
      vertex 60.6 19.4 0
    endloop
  endfacet
  facet normal 0 0 -1
    outer loop
      vertex 59.4 19.4 0
      vertex 60.6 19.4 0
      vertex 59.4 10.6 0
    endloop
  endfacet
  facet normal 0 0 -1
    outer loop
      vertex 60.6 19.4 0
      vertex 59.4 19.4 0
      vertex 60.6 20.6 0
    endloop
  endfacet
  facet normal 0 0 -1
    outer loop
      vertex 59.4 20.6 0
      vertex 60.6 20.6 0
      vertex 59.4 19.4 0
    endloop
  endfacet
  facet normal 0 0 -1
    outer loop
      vertex 60.6 20.6 0
      vertex 59.4 20.6 0
      vertex 60.6 29.4 0
    endloop
  endfacet
  facet normal 0 0 -1
    outer loop
      vertex 59.4 -70.6 0
      vertex 60.6 -78.9 0
      vertex 59.4 -78.9 0
    endloop
  endfacet
  facet normal 0 0 -1
    outer loop
      vertex 79.8 -79.8 0
      vertex 59.4 -78.9 0
      vertex 60.6 -78.9 0
    endloop
  endfacet
  facet normal 0 0 -1
    outer loop
      vertex 79.8 -79.8 0
      vertex 50.6 -78.9 0
      vertex 59.4 -78.9 0
    endloop
  endfacet
  facet normal 0 0 -1
    outer loop
      vertex 49.4 -70.6 0
      vertex 50.6 -70.6 0
      vertex 50.6 -78.9 0
    endloop
  endfacet
  facet normal 0 0 -1
    outer loop
      vertex 50.6 -70.6 0
      vertex 49.4 -70.6 0
      vertex 50.6 -69.4 0
    endloop
  endfacet
  facet normal 0 0 -1
    outer loop
      vertex 50.6 -69.4 0
      vertex 49.4 -69.4 0
      vertex 50.6 -60.6 0
    endloop
  endfacet
  facet normal 0 0 -1
    outer loop
      vertex 49.4 -60.6 0
      vertex 50.6 -60.6 0
      vertex 49.4 -69.4 0
    endloop
  endfacet
  facet normal 0 0 -1
    outer loop
      vertex 49.4 -59.4 0
      vertex 50.6 -59.4 0
      vertex 49.4 -60.6 0
    endloop
  endfacet
  facet normal 0 0 -1
    outer loop
      vertex 50.6 -59.4 0
      vertex 49.4 -59.4 0
      vertex 50.6 -50.6 0
    endloop
  endfacet
  facet normal 0 0 -1
    outer loop
      vertex 50.6 -50.6 0
      vertex 49.4 -50.6 0
      vertex 50.6 -49.4 0
    endloop
  endfacet
  facet normal 0 0 -1
    outer loop
      vertex 49.4 -49.4 0
      vertex 50.6 -49.4 0
      vertex 49.4 -50.6 0
    endloop
  endfacet
  facet normal 0 0 -1
    outer loop
      vertex 49.4 -40.6 0
      vertex 50.6 -40.6 0
      vertex 49.4 -49.4 0
    endloop
  endfacet
  facet normal 0 0 -1
    outer loop
      vertex 50.6 -40.6 0
      vertex 49.4 -40.6 0
      vertex 50.6 -39.4 0
    endloop
  endfacet
  facet normal 0 0 -1
    outer loop
      vertex 50.6 -39.4 0
      vertex 49.4 -39.4 0
      vertex 50.6 -30.6 0
    endloop
  endfacet
  facet normal 0 0 -1
    outer loop
      vertex 49.4 -30.6 0
      vertex 50.6 -30.6 0
      vertex 49.4 -39.4 0
    endloop
  endfacet
  facet normal 0 0 -1
    outer loop
      vertex 49.4 -29.4 0
      vertex 50.6 -29.4 0
      vertex 49.4 -30.6 0
    endloop
  endfacet
  facet normal 0 0 -1
    outer loop
      vertex 49.4 -20.6 0
      vertex 50.6 -20.6 0
      vertex 49.4 -29.4 0
    endloop
  endfacet
  facet normal 0 0 -1
    outer loop
      vertex 49.4 -19.4 0
      vertex 50.6 -19.4 0
      vertex 49.4 -20.6 0
    endloop
  endfacet
  facet normal 0 0 -1
    outer loop
      vertex 50.6 -19.4 0
      vertex 49.4 -19.4 0
      vertex 50.6 -10.6 0
    endloop
  endfacet
  facet normal 0 0 -1
    outer loop
      vertex 50.6 -10.6 0
      vertex 49.4 -10.6 0
      vertex 50.6 -9.39999 0
    endloop
  endfacet
  facet normal 0 0 -1
    outer loop
      vertex 49.4 -9.39999 0
      vertex 50.6 -9.39999 0
      vertex 49.4 -10.6 0
    endloop
  endfacet
  facet normal 0 0 -1
    outer loop
      vertex 49.4 -0.599991 0
      vertex 50.6 -0.599991 0
      vertex 49.4 -9.39999 0
    endloop
  endfacet
  facet normal 0 0 -1
    outer loop
      vertex 50.6 -0.599991 0
      vertex 49.4 -0.599991 0
      vertex 50.6 0.599991 0
    endloop
  endfacet
  facet normal 0 0 -1
    outer loop
      vertex 49.4 0.599991 0
      vertex 50.6 0.599991 0
      vertex 49.4 -0.599991 0
    endloop
  endfacet
  facet normal 0 0 -1
    outer loop
      vertex 50.6 0.599991 0
      vertex 49.4 0.599991 0
      vertex 50.6 9.39999 0
    endloop
  endfacet
  facet normal 0 0 -1
    outer loop
      vertex 49.4 9.39999 0
      vertex 50.6 9.39999 0
      vertex 49.4 0.599991 0
    endloop
  endfacet
  facet normal 0 0 -1
    outer loop
      vertex 50.6 9.39999 0
      vertex 49.4 9.39999 0
      vertex 50.6 10.6 0
    endloop
  endfacet
  facet normal 0 0 -1
    outer loop
      vertex 49.4 10.6 0
      vertex 50.6 10.6 0
      vertex 49.4 9.39999 0
    endloop
  endfacet
  facet normal 0 0 -1
    outer loop
      vertex 50.6 10.6 0
      vertex 49.4 10.6 0
      vertex 50.6 19.4 0
    endloop
  endfacet
  facet normal 0 0 -1
    outer loop
      vertex 49.4 19.4 0
      vertex 50.6 19.4 0
      vertex 49.4 10.6 0
    endloop
  endfacet
  facet normal 0 0 -1
    outer loop
      vertex 50.6 19.4 0
      vertex 49.4 19.4 0
      vertex 50.6 20.6 0
    endloop
  endfacet
  facet normal 0 0 -1
    outer loop
      vertex 49.4 20.6 0
      vertex 50.6 20.6 0
      vertex 49.4 19.4 0
    endloop
  endfacet
  facet normal 0 0 -1
    outer loop
      vertex 50.6 20.6 0
      vertex 49.4 20.6 0
      vertex 50.6 29.4 0
    endloop
  endfacet
  facet normal 0 0 -1
    outer loop
      vertex 49.4 -70.6 0
      vertex 50.6 -78.9 0
      vertex 49.4 -78.9 0
    endloop
  endfacet
  facet normal 0 0 -1
    outer loop
      vertex 79.8 -79.8 0
      vertex 49.4 -78.9 0
      vertex 50.6 -78.9 0
    endloop
  endfacet
  facet normal 0 0 -1
    outer loop
      vertex 79.8 -79.8 0
      vertex 40.6 -78.9 0
      vertex 49.4 -78.9 0
    endloop
  endfacet
  facet normal 0 0 -1
    outer loop
      vertex 39.4 -70.6 0
      vertex 40.6 -70.6 0
      vertex 40.6 -78.9 0
    endloop
  endfacet
  facet normal 0 0 -1
    outer loop
      vertex 40.6 -70.6 0
      vertex 39.4 -70.6 0
      vertex 40.6 -69.4 0
    endloop
  endfacet
  facet normal 0 0 -1
    outer loop
      vertex 40.6 -69.4 0
      vertex 39.4 -69.4 0
      vertex 40.6 -60.6 0
    endloop
  endfacet
  facet normal 0 0 -1
    outer loop
      vertex 39.4 -60.6 0
      vertex 40.6 -60.6 0
      vertex 39.4 -69.4 0
    endloop
  endfacet
  facet normal 0 0 -1
    outer loop
      vertex 39.4 -59.4 0
      vertex 40.6 -59.4 0
      vertex 39.4 -60.6 0
    endloop
  endfacet
  facet normal 0 0 -1
    outer loop
      vertex 40.6 -59.4 0
      vertex 39.4 -59.4 0
      vertex 40.6 -50.6 0
    endloop
  endfacet
  facet normal 0 0 -1
    outer loop
      vertex 40.6 -50.6 0
      vertex 39.4 -50.6 0
      vertex 40.6 -49.4 0
    endloop
  endfacet
  facet normal 0 0 -1
    outer loop
      vertex 39.4 -49.4 0
      vertex 40.6 -49.4 0
      vertex 39.4 -50.6 0
    endloop
  endfacet
  facet normal 0 0 -1
    outer loop
      vertex 39.4 -40.6 0
      vertex 40.6 -40.6 0
      vertex 39.4 -49.4 0
    endloop
  endfacet
  facet normal 0 0 -1
    outer loop
      vertex 40.6 -40.6 0
      vertex 39.4 -40.6 0
      vertex 40.6 -39.4 0
    endloop
  endfacet
  facet normal 0 0 -1
    outer loop
      vertex 40.6 -39.4 0
      vertex 39.4 -39.4 0
      vertex 40.6 -30.6 0
    endloop
  endfacet
  facet normal 0 0 -1
    outer loop
      vertex 39.4 -30.6 0
      vertex 40.6 -30.6 0
      vertex 39.4 -39.4 0
    endloop
  endfacet
  facet normal 0 0 -1
    outer loop
      vertex 39.4 -29.4 0
      vertex 40.6 -29.4 0
      vertex 39.4 -30.6 0
    endloop
  endfacet
  facet normal 0 0 -1
    outer loop
      vertex 39.4 -20.6 0
      vertex 40.6 -20.6 0
      vertex 39.4 -29.4 0
    endloop
  endfacet
  facet normal 0 0 -1
    outer loop
      vertex 39.4 -19.4 0
      vertex 40.6 -19.4 0
      vertex 39.4 -20.6 0
    endloop
  endfacet
  facet normal 0 0 -1
    outer loop
      vertex 40.6 -19.4 0
      vertex 39.4 -19.4 0
      vertex 40.6 -10.6 0
    endloop
  endfacet
  facet normal 0 0 -1
    outer loop
      vertex 40.6 -10.6 0
      vertex 39.4 -10.6 0
      vertex 40.6 -9.39999 0
    endloop
  endfacet
  facet normal 0 0 -1
    outer loop
      vertex 39.4 -9.39999 0
      vertex 40.6 -9.39999 0
      vertex 39.4 -10.6 0
    endloop
  endfacet
  facet normal 0 0 -1
    outer loop
      vertex 39.4 -0.599991 0
      vertex 40.6 -0.599991 0
      vertex 39.4 -9.39999 0
    endloop
  endfacet
  facet normal 0 0 -1
    outer loop
      vertex 40.6 -0.599991 0
      vertex 39.4 -0.599991 0
      vertex 40.6 0.599991 0
    endloop
  endfacet
  facet normal 0 0 -1
    outer loop
      vertex 39.4 0.599991 0
      vertex 40.6 0.599991 0
      vertex 39.4 -0.599991 0
    endloop
  endfacet
  facet normal 0 0 -1
    outer loop
      vertex 40.6 0.599991 0
      vertex 39.4 0.599991 0
      vertex 40.6 9.39999 0
    endloop
  endfacet
  facet normal 0 0 -1
    outer loop
      vertex 39.4 9.39999 0
      vertex 40.6 9.39999 0
      vertex 39.4 0.599991 0
    endloop
  endfacet
  facet normal 0 0 -1
    outer loop
      vertex 40.6 9.39999 0
      vertex 39.4 9.39999 0
      vertex 40.6 10.6 0
    endloop
  endfacet
  facet normal 0 0 -1
    outer loop
      vertex 39.4 10.6 0
      vertex 40.6 10.6 0
      vertex 39.4 9.39999 0
    endloop
  endfacet
  facet normal 0 0 -1
    outer loop
      vertex 40.6 10.6 0
      vertex 39.4 10.6 0
      vertex 40.6 19.4 0
    endloop
  endfacet
  facet normal 0 0 -1
    outer loop
      vertex 39.4 19.4 0
      vertex 40.6 19.4 0
      vertex 39.4 10.6 0
    endloop
  endfacet
  facet normal 0 0 -1
    outer loop
      vertex 40.6 19.4 0
      vertex 39.4 19.4 0
      vertex 40.6 20.6 0
    endloop
  endfacet
  facet normal 0 0 -1
    outer loop
      vertex 39.4 20.6 0
      vertex 40.6 20.6 0
      vertex 39.4 19.4 0
    endloop
  endfacet
  facet normal 0 0 -1
    outer loop
      vertex 40.6 20.6 0
      vertex 39.4 20.6 0
      vertex 40.6 29.4 0
    endloop
  endfacet
  facet normal 0 0 -1
    outer loop
      vertex 39.4 -70.6 0
      vertex 40.6 -78.9 0
      vertex 39.4 -78.9 0
    endloop
  endfacet
  facet normal 0 0 -1
    outer loop
      vertex 79.8 -79.8 0
      vertex 39.4 -78.9 0
      vertex 40.6 -78.9 0
    endloop
  endfacet
  facet normal 0 0 -1
    outer loop
      vertex 79.8 -79.8 0
      vertex 30.6 -78.9 0
      vertex 39.4 -78.9 0
    endloop
  endfacet
  facet normal 0 0 -1
    outer loop
      vertex 29.4 -70.6 0
      vertex 30.6 -70.6 0
      vertex 30.6 -78.9 0
    endloop
  endfacet
  facet normal 0 0 -1
    outer loop
      vertex 30.6 -70.6 0
      vertex 29.4 -70.6 0
      vertex 30.6 -69.4 0
    endloop
  endfacet
  facet normal 0 0 -1
    outer loop
      vertex 30.6 -69.4 0
      vertex 29.4 -69.4 0
      vertex 30.6 -60.6 0
    endloop
  endfacet
  facet normal 0 0 -1
    outer loop
      vertex 29.4 -60.6 0
      vertex 30.6 -60.6 0
      vertex 29.4 -69.4 0
    endloop
  endfacet
  facet normal 0 0 -1
    outer loop
      vertex 29.4 -59.4 0
      vertex 30.6 -59.4 0
      vertex 29.4 -60.6 0
    endloop
  endfacet
  facet normal 0 0 -1
    outer loop
      vertex 30.6 -59.4 0
      vertex 29.4 -59.4 0
      vertex 30.6 -50.6 0
    endloop
  endfacet
  facet normal 0 0 -1
    outer loop
      vertex 30.6 -50.6 0
      vertex 29.4 -50.6 0
      vertex 30.6 -49.4 0
    endloop
  endfacet
  facet normal 0 0 -1
    outer loop
      vertex 29.4 -49.4 0
      vertex 30.6 -49.4 0
      vertex 29.4 -50.6 0
    endloop
  endfacet
  facet normal 0 0 -1
    outer loop
      vertex 29.4 -40.6 0
      vertex 30.6 -40.6 0
      vertex 29.4 -49.4 0
    endloop
  endfacet
  facet normal 0 0 -1
    outer loop
      vertex 30.6 -40.6 0
      vertex 29.4 -40.6 0
      vertex 30.6 -39.4 0
    endloop
  endfacet
  facet normal 0 0 -1
    outer loop
      vertex 30.6 -39.4 0
      vertex 29.4 -39.4 0
      vertex 30.6 -30.6 0
    endloop
  endfacet
  facet normal 0 0 -1
    outer loop
      vertex 29.4 -30.6 0
      vertex 30.6 -30.6 0
      vertex 29.4 -39.4 0
    endloop
  endfacet
  facet normal 0 0 -1
    outer loop
      vertex 29.4 -29.4 0
      vertex 30.6 -29.4 0
      vertex 29.4 -30.6 0
    endloop
  endfacet
  facet normal 0 0 -1
    outer loop
      vertex 29.4 -20.6 0
      vertex 30.6 -20.6 0
      vertex 29.4 -29.4 0
    endloop
  endfacet
  facet normal 0 0 -1
    outer loop
      vertex 29.4 -19.4 0
      vertex 30.6 -19.4 0
      vertex 29.4 -20.6 0
    endloop
  endfacet
  facet normal 0 0 -1
    outer loop
      vertex 30.6 -19.4 0
      vertex 29.4 -19.4 0
      vertex 30.6 -10.6 0
    endloop
  endfacet
  facet normal 0 0 -1
    outer loop
      vertex 30.6 -10.6 0
      vertex 29.4 -10.6 0
      vertex 30.6 -9.39999 0
    endloop
  endfacet
  facet normal 0 0 -1
    outer loop
      vertex 29.4 -9.39999 0
      vertex 30.6 -9.39999 0
      vertex 29.4 -10.6 0
    endloop
  endfacet
  facet normal 0 0 -1
    outer loop
      vertex 29.4 -0.599991 0
      vertex 30.6 -0.599991 0
      vertex 29.4 -9.39999 0
    endloop
  endfacet
  facet normal 0 0 -1
    outer loop
      vertex 30.6 -0.599991 0
      vertex 29.4 -0.599991 0
      vertex 30.6 0.599991 0
    endloop
  endfacet
  facet normal 0 0 -1
    outer loop
      vertex 29.4 0.599991 0
      vertex 30.6 0.599991 0
      vertex 29.4 -0.599991 0
    endloop
  endfacet
  facet normal 0 0 -1
    outer loop
      vertex 30.6 0.599991 0
      vertex 29.4 0.599991 0
      vertex 30.6 9.39999 0
    endloop
  endfacet
  facet normal 0 0 -1
    outer loop
      vertex 29.4 9.39999 0
      vertex 30.6 9.39999 0
      vertex 29.4 0.599991 0
    endloop
  endfacet
  facet normal 0 0 -1
    outer loop
      vertex 30.6 9.39999 0
      vertex 29.4 9.39999 0
      vertex 30.6 10.6 0
    endloop
  endfacet
  facet normal 0 0 -1
    outer loop
      vertex 29.4 10.6 0
      vertex 30.6 10.6 0
      vertex 29.4 9.39999 0
    endloop
  endfacet
  facet normal 0 0 -1
    outer loop
      vertex 30.6 10.6 0
      vertex 29.4 10.6 0
      vertex 30.6 19.4 0
    endloop
  endfacet
  facet normal 0 0 -1
    outer loop
      vertex 29.4 19.4 0
      vertex 30.6 19.4 0
      vertex 29.4 10.6 0
    endloop
  endfacet
  facet normal 0 0 -1
    outer loop
      vertex 30.6 19.4 0
      vertex 29.4 19.4 0
      vertex 30.6 20.6 0
    endloop
  endfacet
  facet normal 0 0 -1
    outer loop
      vertex 29.4 20.6 0
      vertex 30.6 20.6 0
      vertex 29.4 19.4 0
    endloop
  endfacet
  facet normal 0 0 -1
    outer loop
      vertex 30.6 20.6 0
      vertex 29.4 20.6 0
      vertex 30.6 29.4 0
    endloop
  endfacet
  facet normal 0 0 -1
    outer loop
      vertex 29.4 -70.6 0
      vertex 30.6 -78.9 0
      vertex 29.4 -78.9 0
    endloop
  endfacet
  facet normal 0 0 -1
    outer loop
      vertex 79.8 -79.8 0
      vertex 29.4 -78.9 0
      vertex 30.6 -78.9 0
    endloop
  endfacet
  facet normal 0 0 -1
    outer loop
      vertex 79.8 -79.8 0
      vertex 20.6 -78.9 0
      vertex 29.4 -78.9 0
    endloop
  endfacet
  facet normal 0 0 -1
    outer loop
      vertex 19.4 -70.6 0
      vertex 20.6 -70.6 0
      vertex 20.6 -78.9 0
    endloop
  endfacet
  facet normal 0 0 -1
    outer loop
      vertex 20.6 -70.6 0
      vertex 19.4 -70.6 0
      vertex 20.6 -69.4 0
    endloop
  endfacet
  facet normal 0 0 -1
    outer loop
      vertex 20.6 -69.4 0
      vertex 19.4 -69.4 0
      vertex 20.6 -60.6 0
    endloop
  endfacet
  facet normal 0 0 -1
    outer loop
      vertex 19.4 -60.6 0
      vertex 20.6 -60.6 0
      vertex 19.4 -69.4 0
    endloop
  endfacet
  facet normal 0 0 -1
    outer loop
      vertex 19.4 -59.4 0
      vertex 20.6 -59.4 0
      vertex 19.4 -60.6 0
    endloop
  endfacet
  facet normal 0 0 -1
    outer loop
      vertex 20.6 -59.4 0
      vertex 19.4 -59.4 0
      vertex 20.6 -50.6 0
    endloop
  endfacet
  facet normal 0 0 -1
    outer loop
      vertex 20.6 -50.6 0
      vertex 19.4 -50.6 0
      vertex 20.6 -49.4 0
    endloop
  endfacet
  facet normal 0 0 -1
    outer loop
      vertex 19.4 -49.4 0
      vertex 20.6 -49.4 0
      vertex 19.4 -50.6 0
    endloop
  endfacet
  facet normal 0 0 -1
    outer loop
      vertex 19.4 -40.6 0
      vertex 20.6 -40.6 0
      vertex 19.4 -49.4 0
    endloop
  endfacet
  facet normal 0 0 -1
    outer loop
      vertex 20.6 -40.6 0
      vertex 19.4 -40.6 0
      vertex 20.6 -39.4 0
    endloop
  endfacet
  facet normal 0 0 -1
    outer loop
      vertex 20.6 -39.4 0
      vertex 19.4 -39.4 0
      vertex 20.6 -30.6 0
    endloop
  endfacet
  facet normal 0 0 -1
    outer loop
      vertex 19.4 -30.6 0
      vertex 20.6 -30.6 0
      vertex 19.4 -39.4 0
    endloop
  endfacet
  facet normal 0 0 -1
    outer loop
      vertex 19.4 -29.4 0
      vertex 20.6 -29.4 0
      vertex 19.4 -30.6 0
    endloop
  endfacet
  facet normal 0 0 -1
    outer loop
      vertex 19.4 -20.6 0
      vertex 20.6 -20.6 0
      vertex 19.4 -29.4 0
    endloop
  endfacet
  facet normal 0 0 -1
    outer loop
      vertex 19.4 -19.4 0
      vertex 20.6 -19.4 0
      vertex 19.4 -20.6 0
    endloop
  endfacet
  facet normal 0 0 -1
    outer loop
      vertex 20.6 -19.4 0
      vertex 19.4 -19.4 0
      vertex 20.6 -10.6 0
    endloop
  endfacet
  facet normal 0 0 -1
    outer loop
      vertex 20.6 -10.6 0
      vertex 19.4 -10.6 0
      vertex 20.6 -9.39999 0
    endloop
  endfacet
  facet normal 0 0 -1
    outer loop
      vertex 19.4 -9.39999 0
      vertex 20.6 -9.39999 0
      vertex 19.4 -10.6 0
    endloop
  endfacet
  facet normal 0 0 -1
    outer loop
      vertex 19.4 -0.599991 0
      vertex 20.6 -0.599991 0
      vertex 19.4 -9.39999 0
    endloop
  endfacet
  facet normal 0 0 -1
    outer loop
      vertex 20.6 -0.599991 0
      vertex 19.4 -0.599991 0
      vertex 20.6 0.599991 0
    endloop
  endfacet
  facet normal 0 0 -1
    outer loop
      vertex 19.4 0.599991 0
      vertex 20.6 0.599991 0
      vertex 19.4 -0.599991 0
    endloop
  endfacet
  facet normal 0 0 -1
    outer loop
      vertex 20.6 0.599991 0
      vertex 19.4 0.599991 0
      vertex 20.6 9.39999 0
    endloop
  endfacet
  facet normal 0 0 -1
    outer loop
      vertex 19.4 9.39999 0
      vertex 20.6 9.39999 0
      vertex 19.4 0.599991 0
    endloop
  endfacet
  facet normal 0 0 -1
    outer loop
      vertex 20.6 9.39999 0
      vertex 19.4 9.39999 0
      vertex 20.6 10.6 0
    endloop
  endfacet
  facet normal 0 0 -1
    outer loop
      vertex 19.4 10.6 0
      vertex 20.6 10.6 0
      vertex 19.4 9.39999 0
    endloop
  endfacet
  facet normal 0 0 -1
    outer loop
      vertex 20.6 10.6 0
      vertex 19.4 10.6 0
      vertex 20.6 19.4 0
    endloop
  endfacet
  facet normal 0 0 -1
    outer loop
      vertex 19.4 19.4 0
      vertex 20.6 19.4 0
      vertex 19.4 10.6 0
    endloop
  endfacet
  facet normal 0 0 -1
    outer loop
      vertex 20.6 19.4 0
      vertex 19.4 19.4 0
      vertex 20.6 20.6 0
    endloop
  endfacet
  facet normal 0 0 -1
    outer loop
      vertex 19.4 20.6 0
      vertex 20.6 20.6 0
      vertex 19.4 19.4 0
    endloop
  endfacet
  facet normal 0 0 -1
    outer loop
      vertex 20.6 20.6 0
      vertex 19.4 20.6 0
      vertex 20.6 29.4 0
    endloop
  endfacet
  facet normal 0 0 -1
    outer loop
      vertex 19.4 -70.6 0
      vertex 20.6 -78.9 0
      vertex 19.4 -78.9 0
    endloop
  endfacet
  facet normal 0 0 -1
    outer loop
      vertex 79.8 -79.8 0
      vertex 19.4 -78.9 0
      vertex 20.6 -78.9 0
    endloop
  endfacet
  facet normal 0 0 -1
    outer loop
      vertex 79.8 -79.8 0
      vertex 10.6 -78.9 0
      vertex 19.4 -78.9 0
    endloop
  endfacet
  facet normal 0 0 -1
    outer loop
      vertex 9.39999 -70.6 0
      vertex 10.6 -70.6 0
      vertex 10.6 -78.9 0
    endloop
  endfacet
  facet normal 0 0 -1
    outer loop
      vertex 10.6 -70.6 0
      vertex 9.39999 -70.6 0
      vertex 10.6 -69.4 0
    endloop
  endfacet
  facet normal 0 0 -1
    outer loop
      vertex 10.6 -69.4 0
      vertex 9.39999 -69.4 0
      vertex 10.6 -60.6 0
    endloop
  endfacet
  facet normal 0 0 -1
    outer loop
      vertex 9.39999 -60.6 0
      vertex 10.6 -60.6 0
      vertex 9.39999 -69.4 0
    endloop
  endfacet
  facet normal 0 0 -1
    outer loop
      vertex 9.39999 -59.4 0
      vertex 10.6 -59.4 0
      vertex 9.39999 -60.6 0
    endloop
  endfacet
  facet normal 0 0 -1
    outer loop
      vertex 10.6 -59.4 0
      vertex 9.39999 -59.4 0
      vertex 10.6 -50.6 0
    endloop
  endfacet
  facet normal 0 0 -1
    outer loop
      vertex 10.6 -50.6 0
      vertex 9.39999 -50.6 0
      vertex 10.6 -49.4 0
    endloop
  endfacet
  facet normal 0 0 -1
    outer loop
      vertex 9.39999 -49.4 0
      vertex 10.6 -49.4 0
      vertex 9.39999 -50.6 0
    endloop
  endfacet
  facet normal 0 0 -1
    outer loop
      vertex 9.39999 -40.6 0
      vertex 10.6 -40.6 0
      vertex 9.39999 -49.4 0
    endloop
  endfacet
  facet normal 0 0 -1
    outer loop
      vertex 10.6 -40.6 0
      vertex 9.39999 -40.6 0
      vertex 10.6 -39.4 0
    endloop
  endfacet
  facet normal 0 0 -1
    outer loop
      vertex 10.6 -39.4 0
      vertex 9.39999 -39.4 0
      vertex 10.6 -30.6 0
    endloop
  endfacet
  facet normal 0 0 -1
    outer loop
      vertex 9.39999 -30.6 0
      vertex 10.6 -30.6 0
      vertex 9.39999 -39.4 0
    endloop
  endfacet
  facet normal 0 0 -1
    outer loop
      vertex 9.39999 -29.4 0
      vertex 10.6 -29.4 0
      vertex 9.39999 -30.6 0
    endloop
  endfacet
  facet normal 0 0 -1
    outer loop
      vertex 9.39999 -20.6 0
      vertex 10.6 -20.6 0
      vertex 9.39999 -29.4 0
    endloop
  endfacet
  facet normal 0 0 -1
    outer loop
      vertex 9.39999 -19.4 0
      vertex 10.6 -19.4 0
      vertex 9.39999 -20.6 0
    endloop
  endfacet
  facet normal 0 0 -1
    outer loop
      vertex 10.6 -19.4 0
      vertex 9.39999 -19.4 0
      vertex 10.6 -10.6 0
    endloop
  endfacet
  facet normal 0 0 -1
    outer loop
      vertex 10.6 -10.6 0
      vertex 9.39999 -10.6 0
      vertex 10.6 -9.39999 0
    endloop
  endfacet
  facet normal 0 0 -1
    outer loop
      vertex 9.39999 -9.39999 0
      vertex 10.6 -9.39999 0
      vertex 9.39999 -10.6 0
    endloop
  endfacet
  facet normal 0 0 -1
    outer loop
      vertex 9.39999 -0.599991 0
      vertex 10.6 -0.599991 0
      vertex 9.39999 -9.39999 0
    endloop
  endfacet
  facet normal 0 0 -1
    outer loop
      vertex 10.6 -0.599991 0
      vertex 9.39999 -0.599991 0
      vertex 10.6 0.599991 0
    endloop
  endfacet
  facet normal 0 0 -1
    outer loop
      vertex 9.39999 0.599991 0
      vertex 10.6 0.599991 0
      vertex 9.39999 -0.599991 0
    endloop
  endfacet
  facet normal 0 0 -1
    outer loop
      vertex 10.6 0.599991 0
      vertex 9.39999 0.599991 0
      vertex 10.6 9.39999 0
    endloop
  endfacet
  facet normal 0 0 -1
    outer loop
      vertex 9.39999 9.39999 0
      vertex 10.6 9.39999 0
      vertex 9.39999 0.599991 0
    endloop
  endfacet
  facet normal 0 0 -1
    outer loop
      vertex 10.6 9.39999 0
      vertex 9.39999 9.39999 0
      vertex 10.6 10.6 0
    endloop
  endfacet
  facet normal 0 0 -1
    outer loop
      vertex 9.39999 10.6 0
      vertex 10.6 10.6 0
      vertex 9.39999 9.39999 0
    endloop
  endfacet
  facet normal 0 0 -1
    outer loop
      vertex 10.6 10.6 0
      vertex 9.39999 10.6 0
      vertex 10.6 19.4 0
    endloop
  endfacet
  facet normal 0 0 -1
    outer loop
      vertex 9.39999 19.4 0
      vertex 10.6 19.4 0
      vertex 9.39999 10.6 0
    endloop
  endfacet
  facet normal 0 0 -1
    outer loop
      vertex 10.6 19.4 0
      vertex 9.39999 19.4 0
      vertex 10.6 20.6 0
    endloop
  endfacet
  facet normal 0 0 -1
    outer loop
      vertex 9.39999 20.6 0
      vertex 10.6 20.6 0
      vertex 9.39999 19.4 0
    endloop
  endfacet
  facet normal 0 0 -1
    outer loop
      vertex 10.6 20.6 0
      vertex 9.39999 20.6 0
      vertex 10.6 29.4 0
    endloop
  endfacet
  facet normal 0 0 -1
    outer loop
      vertex 9.39999 -70.6 0
      vertex 10.6 -78.9 0
      vertex 9.39999 -78.9 0
    endloop
  endfacet
  facet normal 0 0 -1
    outer loop
      vertex 79.8 -79.8 0
      vertex 9.39999 -78.9 0
      vertex 10.6 -78.9 0
    endloop
  endfacet
  facet normal 0 0 -1
    outer loop
      vertex 79.8 -79.8 0
      vertex 0.599991 -78.9 0
      vertex 9.39999 -78.9 0
    endloop
  endfacet
  facet normal 0 0 -1
    outer loop
      vertex -0.599991 -70.6 0
      vertex 0.599991 -70.6 0
      vertex 0.599991 -78.9 0
    endloop
  endfacet
  facet normal 0 0 -1
    outer loop
      vertex 0.599991 -70.6 0
      vertex -0.599991 -70.6 0
      vertex 0.599991 -69.4 0
    endloop
  endfacet
  facet normal 0 0 -1
    outer loop
      vertex 0.599991 -69.4 0
      vertex -0.599991 -69.4 0
      vertex 0.599991 -60.6 0
    endloop
  endfacet
  facet normal 0 0 -1
    outer loop
      vertex -0.599991 -60.6 0
      vertex 0.599991 -60.6 0
      vertex -0.599991 -69.4 0
    endloop
  endfacet
  facet normal 0 0 -1
    outer loop
      vertex -0.599991 -59.4 0
      vertex 0.599991 -59.4 0
      vertex -0.599991 -60.6 0
    endloop
  endfacet
  facet normal 0 0 -1
    outer loop
      vertex 0.599991 -59.4 0
      vertex -0.599991 -59.4 0
      vertex 0.599991 -50.6 0
    endloop
  endfacet
  facet normal 0 0 -1
    outer loop
      vertex 0.599991 -50.6 0
      vertex -0.599991 -50.6 0
      vertex 0.599991 -49.4 0
    endloop
  endfacet
  facet normal 0 0 -1
    outer loop
      vertex -0.599991 -49.4 0
      vertex 0.599991 -49.4 0
      vertex -0.599991 -50.6 0
    endloop
  endfacet
  facet normal 0 0 -1
    outer loop
      vertex -0.599991 -40.6 0
      vertex 0.599991 -40.6 0
      vertex -0.599991 -49.4 0
    endloop
  endfacet
  facet normal 0 0 -1
    outer loop
      vertex 0.599991 -40.6 0
      vertex -0.599991 -40.6 0
      vertex 0.599991 -39.4 0
    endloop
  endfacet
  facet normal 0 0 -1
    outer loop
      vertex 0.599991 -39.4 0
      vertex -0.599991 -39.4 0
      vertex 0.599991 -30.6 0
    endloop
  endfacet
  facet normal 0 0 -1
    outer loop
      vertex -0.599991 -30.6 0
      vertex 0.599991 -30.6 0
      vertex -0.599991 -39.4 0
    endloop
  endfacet
  facet normal 0 0 -1
    outer loop
      vertex -0.599991 -29.4 0
      vertex 0.599991 -29.4 0
      vertex -0.599991 -30.6 0
    endloop
  endfacet
  facet normal 0 0 -1
    outer loop
      vertex -0.599991 -20.6 0
      vertex 0.599991 -20.6 0
      vertex -0.599991 -29.4 0
    endloop
  endfacet
  facet normal 0 0 -1
    outer loop
      vertex -0.599991 -19.4 0
      vertex 0.599991 -19.4 0
      vertex -0.599991 -20.6 0
    endloop
  endfacet
  facet normal 0 0 -1
    outer loop
      vertex 0.599991 -19.4 0
      vertex -0.599991 -19.4 0
      vertex 0.599991 -10.6 0
    endloop
  endfacet
  facet normal 0 0 -1
    outer loop
      vertex 0.599991 -10.6 0
      vertex -0.599991 -10.6 0
      vertex 0.599991 -9.39999 0
    endloop
  endfacet
  facet normal 0 0 -1
    outer loop
      vertex -0.599991 -9.39999 0
      vertex 0.599991 -9.39999 0
      vertex -0.599991 -10.6 0
    endloop
  endfacet
  facet normal 0 0 -1
    outer loop
      vertex -0.599991 -0.599991 0
      vertex 0.599991 -0.599991 0
      vertex -0.599991 -9.39999 0
    endloop
  endfacet
  facet normal 0 0 -1
    outer loop
      vertex 0.599991 -0.599991 0
      vertex -0.599991 -0.599991 0
      vertex 0.599991 0.599991 0
    endloop
  endfacet
  facet normal 0 0 -1
    outer loop
      vertex -0.599991 0.599991 0
      vertex 0.599991 0.599991 0
      vertex -0.599991 -0.599991 0
    endloop
  endfacet
  facet normal 0 0 -1
    outer loop
      vertex 0.599991 0.599991 0
      vertex -0.599991 0.599991 0
      vertex 0.599991 9.39999 0
    endloop
  endfacet
  facet normal 0 0 -1
    outer loop
      vertex -0.599991 9.39999 0
      vertex 0.599991 9.39999 0
      vertex -0.599991 0.599991 0
    endloop
  endfacet
  facet normal 0 0 -1
    outer loop
      vertex 0.599991 9.39999 0
      vertex -0.599991 9.39999 0
      vertex 0.599991 10.6 0
    endloop
  endfacet
  facet normal 0 0 -1
    outer loop
      vertex -0.599991 10.6 0
      vertex 0.599991 10.6 0
      vertex -0.599991 9.39999 0
    endloop
  endfacet
  facet normal 0 0 -1
    outer loop
      vertex 0.599991 10.6 0
      vertex -0.599991 10.6 0
      vertex 0.599991 19.4 0
    endloop
  endfacet
  facet normal 0 0 -1
    outer loop
      vertex -0.599991 19.4 0
      vertex 0.599991 19.4 0
      vertex -0.599991 10.6 0
    endloop
  endfacet
  facet normal 0 0 -1
    outer loop
      vertex 0.599991 19.4 0
      vertex -0.599991 19.4 0
      vertex 0.599991 20.6 0
    endloop
  endfacet
  facet normal 0 0 -1
    outer loop
      vertex -0.599991 20.6 0
      vertex 0.599991 20.6 0
      vertex -0.599991 19.4 0
    endloop
  endfacet
  facet normal 0 0 -1
    outer loop
      vertex 0.599991 20.6 0
      vertex -0.599991 20.6 0
      vertex 0.599991 29.4 0
    endloop
  endfacet
  facet normal 0 0 -1
    outer loop
      vertex -0.599991 -70.6 0
      vertex 0.599991 -78.9 0
      vertex -0.599991 -78.9 0
    endloop
  endfacet
  facet normal 0 0 -1
    outer loop
      vertex 79.8 -79.8 0
      vertex -0.599991 -78.9 0
      vertex 0.599991 -78.9 0
    endloop
  endfacet
  facet normal 0 0 -1
    outer loop
      vertex 79.8 -79.8 0
      vertex -9.39999 -78.9 0
      vertex -0.599991 -78.9 0
    endloop
  endfacet
  facet normal 0 0 -1
    outer loop
      vertex -10.6 -70.6 0
      vertex -9.39999 -70.6 0
      vertex -9.39999 -78.9 0
    endloop
  endfacet
  facet normal 0 0 -1
    outer loop
      vertex -9.39999 -70.6 0
      vertex -10.6 -70.6 0
      vertex -9.39999 -69.4 0
    endloop
  endfacet
  facet normal 0 0 -1
    outer loop
      vertex -9.39999 -69.4 0
      vertex -10.6 -69.4 0
      vertex -9.39999 -60.6 0
    endloop
  endfacet
  facet normal 0 0 -1
    outer loop
      vertex -10.6 -60.6 0
      vertex -9.39999 -60.6 0
      vertex -10.6 -69.4 0
    endloop
  endfacet
  facet normal 0 0 -1
    outer loop
      vertex -10.6 -59.4 0
      vertex -9.39999 -59.4 0
      vertex -10.6 -60.6 0
    endloop
  endfacet
  facet normal 0 0 -1
    outer loop
      vertex -9.39999 -59.4 0
      vertex -10.6 -59.4 0
      vertex -9.39999 -50.6 0
    endloop
  endfacet
  facet normal 0 0 -1
    outer loop
      vertex -9.39999 -50.6 0
      vertex -10.6 -50.6 0
      vertex -9.39999 -49.4 0
    endloop
  endfacet
  facet normal 0 0 -1
    outer loop
      vertex -10.6 -49.4 0
      vertex -9.39999 -49.4 0
      vertex -10.6 -50.6 0
    endloop
  endfacet
  facet normal 0 0 -1
    outer loop
      vertex -10.6 -40.6 0
      vertex -9.39999 -40.6 0
      vertex -10.6 -49.4 0
    endloop
  endfacet
  facet normal 0 0 -1
    outer loop
      vertex -9.39999 -40.6 0
      vertex -10.6 -40.6 0
      vertex -9.39999 -39.4 0
    endloop
  endfacet
  facet normal 0 0 -1
    outer loop
      vertex -9.39999 -39.4 0
      vertex -10.6 -39.4 0
      vertex -9.39999 -30.6 0
    endloop
  endfacet
  facet normal 0 0 -1
    outer loop
      vertex -10.6 -30.6 0
      vertex -9.39999 -30.6 0
      vertex -10.6 -39.4 0
    endloop
  endfacet
  facet normal 0 0 -1
    outer loop
      vertex -10.6 -29.4 0
      vertex -9.39999 -29.4 0
      vertex -10.6 -30.6 0
    endloop
  endfacet
  facet normal 0 0 -1
    outer loop
      vertex -10.6 -20.6 0
      vertex -9.39999 -20.6 0
      vertex -10.6 -29.4 0
    endloop
  endfacet
  facet normal 0 0 -1
    outer loop
      vertex -10.6 -19.4 0
      vertex -9.39999 -19.4 0
      vertex -10.6 -20.6 0
    endloop
  endfacet
  facet normal 0 0 -1
    outer loop
      vertex -9.39999 -19.4 0
      vertex -10.6 -19.4 0
      vertex -9.39999 -10.6 0
    endloop
  endfacet
  facet normal 0 0 -1
    outer loop
      vertex -9.39999 -10.6 0
      vertex -10.6 -10.6 0
      vertex -9.39999 -9.39999 0
    endloop
  endfacet
  facet normal 0 0 -1
    outer loop
      vertex -10.6 -9.39999 0
      vertex -9.39999 -9.39999 0
      vertex -10.6 -10.6 0
    endloop
  endfacet
  facet normal 0 0 -1
    outer loop
      vertex -10.6 -0.599991 0
      vertex -9.39999 -0.599991 0
      vertex -10.6 -9.39999 0
    endloop
  endfacet
  facet normal 0 0 -1
    outer loop
      vertex -9.39999 -0.599991 0
      vertex -10.6 -0.599991 0
      vertex -9.39999 0.599991 0
    endloop
  endfacet
  facet normal 0 0 -1
    outer loop
      vertex -10.6 0.599991 0
      vertex -9.39999 0.599991 0
      vertex -10.6 -0.599991 0
    endloop
  endfacet
  facet normal 0 0 -1
    outer loop
      vertex -9.39999 0.599991 0
      vertex -10.6 0.599991 0
      vertex -9.39999 9.39999 0
    endloop
  endfacet
  facet normal 0 0 -1
    outer loop
      vertex -10.6 9.39999 0
      vertex -9.39999 9.39999 0
      vertex -10.6 0.599991 0
    endloop
  endfacet
  facet normal 0 0 -1
    outer loop
      vertex -9.39999 9.39999 0
      vertex -10.6 9.39999 0
      vertex -9.39999 10.6 0
    endloop
  endfacet
  facet normal 0 0 -1
    outer loop
      vertex -10.6 10.6 0
      vertex -9.39999 10.6 0
      vertex -10.6 9.39999 0
    endloop
  endfacet
  facet normal 0 0 -1
    outer loop
      vertex -9.39999 10.6 0
      vertex -10.6 10.6 0
      vertex -9.39999 19.4 0
    endloop
  endfacet
  facet normal 0 0 -1
    outer loop
      vertex -10.6 19.4 0
      vertex -9.39999 19.4 0
      vertex -10.6 10.6 0
    endloop
  endfacet
  facet normal 0 0 -1
    outer loop
      vertex -9.39999 19.4 0
      vertex -10.6 19.4 0
      vertex -9.39999 20.6 0
    endloop
  endfacet
  facet normal 0 0 -1
    outer loop
      vertex -10.6 20.6 0
      vertex -9.39999 20.6 0
      vertex -10.6 19.4 0
    endloop
  endfacet
  facet normal 0 0 -1
    outer loop
      vertex -9.39999 20.6 0
      vertex -10.6 20.6 0
      vertex -9.39999 29.4 0
    endloop
  endfacet
  facet normal 0 0 -1
    outer loop
      vertex -10.6 -70.6 0
      vertex -9.39999 -78.9 0
      vertex -10.6 -78.9 0
    endloop
  endfacet
  facet normal 0 0 -1
    outer loop
      vertex 79.8 -79.8 0
      vertex -10.6 -78.9 0
      vertex -9.39999 -78.9 0
    endloop
  endfacet
  facet normal 0 0 -1
    outer loop
      vertex 79.8 -79.8 0
      vertex -19.4 -78.9 0
      vertex -10.6 -78.9 0
    endloop
  endfacet
  facet normal 0 0 -1
    outer loop
      vertex -20.6 -70.6 0
      vertex -19.4 -70.6 0
      vertex -19.4 -78.9 0
    endloop
  endfacet
  facet normal 0 0 -1
    outer loop
      vertex -19.4 -70.6 0
      vertex -20.6 -70.6 0
      vertex -19.4 -69.4 0
    endloop
  endfacet
  facet normal 0 0 -1
    outer loop
      vertex -19.4 -69.4 0
      vertex -20.6 -69.4 0
      vertex -19.4 -60.6 0
    endloop
  endfacet
  facet normal 0 0 -1
    outer loop
      vertex -20.6 -60.6 0
      vertex -19.4 -60.6 0
      vertex -20.6 -69.4 0
    endloop
  endfacet
  facet normal 0 0 -1
    outer loop
      vertex -20.6 -59.4 0
      vertex -19.4 -59.4 0
      vertex -20.6 -60.6 0
    endloop
  endfacet
  facet normal 0 0 -1
    outer loop
      vertex -19.4 -59.4 0
      vertex -20.6 -59.4 0
      vertex -19.4 -50.6 0
    endloop
  endfacet
  facet normal 0 0 -1
    outer loop
      vertex -19.4 -50.6 0
      vertex -20.6 -50.6 0
      vertex -19.4 -49.4 0
    endloop
  endfacet
  facet normal 0 0 -1
    outer loop
      vertex -20.6 -49.4 0
      vertex -19.4 -49.4 0
      vertex -20.6 -50.6 0
    endloop
  endfacet
  facet normal 0 0 -1
    outer loop
      vertex -20.6 -40.6 0
      vertex -19.4 -40.6 0
      vertex -20.6 -49.4 0
    endloop
  endfacet
  facet normal 0 0 -1
    outer loop
      vertex -19.4 -40.6 0
      vertex -20.6 -40.6 0
      vertex -19.4 -39.4 0
    endloop
  endfacet
  facet normal 0 0 -1
    outer loop
      vertex -19.4 -39.4 0
      vertex -20.6 -39.4 0
      vertex -19.4 -30.6 0
    endloop
  endfacet
  facet normal 0 0 -1
    outer loop
      vertex -20.6 -30.6 0
      vertex -19.4 -30.6 0
      vertex -20.6 -39.4 0
    endloop
  endfacet
  facet normal 0 0 -1
    outer loop
      vertex -20.6 -29.4 0
      vertex -19.4 -29.4 0
      vertex -20.6 -30.6 0
    endloop
  endfacet
  facet normal 0 0 -1
    outer loop
      vertex -20.6 -20.6 0
      vertex -19.4 -20.6 0
      vertex -20.6 -29.4 0
    endloop
  endfacet
  facet normal 0 0 -1
    outer loop
      vertex -20.6 -19.4 0
      vertex -19.4 -19.4 0
      vertex -20.6 -20.6 0
    endloop
  endfacet
  facet normal 0 0 -1
    outer loop
      vertex -19.4 -19.4 0
      vertex -20.6 -19.4 0
      vertex -19.4 -10.6 0
    endloop
  endfacet
  facet normal 0 0 -1
    outer loop
      vertex -19.4 -10.6 0
      vertex -20.6 -10.6 0
      vertex -19.4 -9.39999 0
    endloop
  endfacet
  facet normal 0 0 -1
    outer loop
      vertex -20.6 -9.39999 0
      vertex -19.4 -9.39999 0
      vertex -20.6 -10.6 0
    endloop
  endfacet
  facet normal 0 0 -1
    outer loop
      vertex -20.6 -0.599991 0
      vertex -19.4 -0.599991 0
      vertex -20.6 -9.39999 0
    endloop
  endfacet
  facet normal 0 0 -1
    outer loop
      vertex -19.4 -0.599991 0
      vertex -20.6 -0.599991 0
      vertex -19.4 0.599991 0
    endloop
  endfacet
  facet normal 0 0 -1
    outer loop
      vertex -20.6 0.599991 0
      vertex -19.4 0.599991 0
      vertex -20.6 -0.599991 0
    endloop
  endfacet
  facet normal 0 0 -1
    outer loop
      vertex -19.4 0.599991 0
      vertex -20.6 0.599991 0
      vertex -19.4 9.39999 0
    endloop
  endfacet
  facet normal 0 0 -1
    outer loop
      vertex -20.6 9.39999 0
      vertex -19.4 9.39999 0
      vertex -20.6 0.599991 0
    endloop
  endfacet
  facet normal 0 0 -1
    outer loop
      vertex -19.4 9.39999 0
      vertex -20.6 9.39999 0
      vertex -19.4 10.6 0
    endloop
  endfacet
  facet normal 0 0 -1
    outer loop
      vertex -20.6 10.6 0
      vertex -19.4 10.6 0
      vertex -20.6 9.39999 0
    endloop
  endfacet
  facet normal 0 0 -1
    outer loop
      vertex -19.4 10.6 0
      vertex -20.6 10.6 0
      vertex -19.4 19.4 0
    endloop
  endfacet
  facet normal 0 0 -1
    outer loop
      vertex -20.6 19.4 0
      vertex -19.4 19.4 0
      vertex -20.6 10.6 0
    endloop
  endfacet
  facet normal 0 0 -1
    outer loop
      vertex -19.4 19.4 0
      vertex -20.6 19.4 0
      vertex -19.4 20.6 0
    endloop
  endfacet
  facet normal 0 0 -1
    outer loop
      vertex -20.6 20.6 0
      vertex -19.4 20.6 0
      vertex -20.6 19.4 0
    endloop
  endfacet
  facet normal 0 0 -1
    outer loop
      vertex -19.4 20.6 0
      vertex -20.6 20.6 0
      vertex -19.4 29.4 0
    endloop
  endfacet
  facet normal 0 0 -1
    outer loop
      vertex -20.6 -70.6 0
      vertex -19.4 -78.9 0
      vertex -20.6 -78.9 0
    endloop
  endfacet
  facet normal 0 0 -1
    outer loop
      vertex 79.8 -79.8 0
      vertex -20.6 -78.9 0
      vertex -19.4 -78.9 0
    endloop
  endfacet
  facet normal 0 0 -1
    outer loop
      vertex 79.8 -79.8 0
      vertex -29.4 -78.9 0
      vertex -20.6 -78.9 0
    endloop
  endfacet
  facet normal 0 0 -1
    outer loop
      vertex -30.6 -70.6 0
      vertex -29.4 -70.6 0
      vertex -29.4 -78.9 0
    endloop
  endfacet
  facet normal 0 0 -1
    outer loop
      vertex -29.4 -70.6 0
      vertex -30.6 -70.6 0
      vertex -29.4 -69.4 0
    endloop
  endfacet
  facet normal 0 0 -1
    outer loop
      vertex -29.4 -69.4 0
      vertex -30.6 -69.4 0
      vertex -29.4 -60.6 0
    endloop
  endfacet
  facet normal 0 0 -1
    outer loop
      vertex -30.6 -60.6 0
      vertex -29.4 -60.6 0
      vertex -30.6 -69.4 0
    endloop
  endfacet
  facet normal 0 0 -1
    outer loop
      vertex -30.6 -59.4 0
      vertex -29.4 -59.4 0
      vertex -30.6 -60.6 0
    endloop
  endfacet
  facet normal 0 0 -1
    outer loop
      vertex -29.4 -59.4 0
      vertex -30.6 -59.4 0
      vertex -29.4 -50.6 0
    endloop
  endfacet
  facet normal 0 0 -1
    outer loop
      vertex -29.4 -50.6 0
      vertex -30.6 -50.6 0
      vertex -29.4 -49.4 0
    endloop
  endfacet
  facet normal 0 0 -1
    outer loop
      vertex -30.6 -49.4 0
      vertex -29.4 -49.4 0
      vertex -30.6 -50.6 0
    endloop
  endfacet
  facet normal 0 0 -1
    outer loop
      vertex -30.6 -40.6 0
      vertex -29.4 -40.6 0
      vertex -30.6 -49.4 0
    endloop
  endfacet
  facet normal 0 0 -1
    outer loop
      vertex -29.4 -40.6 0
      vertex -30.6 -40.6 0
      vertex -29.4 -39.4 0
    endloop
  endfacet
  facet normal 0 0 -1
    outer loop
      vertex -29.4 -39.4 0
      vertex -30.6 -39.4 0
      vertex -29.4 -30.6 0
    endloop
  endfacet
  facet normal 0 0 -1
    outer loop
      vertex -30.6 -30.6 0
      vertex -29.4 -30.6 0
      vertex -30.6 -39.4 0
    endloop
  endfacet
  facet normal 0 0 -1
    outer loop
      vertex -30.6 -29.4 0
      vertex -29.4 -29.4 0
      vertex -30.6 -30.6 0
    endloop
  endfacet
  facet normal 0 0 -1
    outer loop
      vertex -30.6 -20.6 0
      vertex -29.4 -20.6 0
      vertex -30.6 -29.4 0
    endloop
  endfacet
  facet normal 0 0 -1
    outer loop
      vertex -30.6 -19.4 0
      vertex -29.4 -19.4 0
      vertex -30.6 -20.6 0
    endloop
  endfacet
  facet normal 0 0 -1
    outer loop
      vertex -29.4 -19.4 0
      vertex -30.6 -19.4 0
      vertex -29.4 -10.6 0
    endloop
  endfacet
  facet normal 0 0 -1
    outer loop
      vertex -29.4 -10.6 0
      vertex -30.6 -10.6 0
      vertex -29.4 -9.39999 0
    endloop
  endfacet
  facet normal 0 0 -1
    outer loop
      vertex -30.6 -9.39999 0
      vertex -29.4 -9.39999 0
      vertex -30.6 -10.6 0
    endloop
  endfacet
  facet normal 0 0 -1
    outer loop
      vertex -30.6 -0.599991 0
      vertex -29.4 -0.599991 0
      vertex -30.6 -9.39999 0
    endloop
  endfacet
  facet normal 0 0 -1
    outer loop
      vertex -29.4 -0.599991 0
      vertex -30.6 -0.599991 0
      vertex -29.4 0.599991 0
    endloop
  endfacet
  facet normal 0 0 -1
    outer loop
      vertex -30.6 0.599991 0
      vertex -29.4 0.599991 0
      vertex -30.6 -0.599991 0
    endloop
  endfacet
  facet normal 0 0 -1
    outer loop
      vertex -29.4 0.599991 0
      vertex -30.6 0.599991 0
      vertex -29.4 9.39999 0
    endloop
  endfacet
  facet normal 0 0 -1
    outer loop
      vertex -30.6 9.39999 0
      vertex -29.4 9.39999 0
      vertex -30.6 0.599991 0
    endloop
  endfacet
  facet normal 0 0 -1
    outer loop
      vertex -29.4 9.39999 0
      vertex -30.6 9.39999 0
      vertex -29.4 10.6 0
    endloop
  endfacet
  facet normal 0 0 -1
    outer loop
      vertex -30.6 10.6 0
      vertex -29.4 10.6 0
      vertex -30.6 9.39999 0
    endloop
  endfacet
  facet normal 0 0 -1
    outer loop
      vertex -29.4 10.6 0
      vertex -30.6 10.6 0
      vertex -29.4 19.4 0
    endloop
  endfacet
  facet normal 0 0 -1
    outer loop
      vertex -30.6 19.4 0
      vertex -29.4 19.4 0
      vertex -30.6 10.6 0
    endloop
  endfacet
  facet normal 0 0 -1
    outer loop
      vertex -29.4 19.4 0
      vertex -30.6 19.4 0
      vertex -29.4 20.6 0
    endloop
  endfacet
  facet normal 0 0 -1
    outer loop
      vertex -30.6 20.6 0
      vertex -29.4 20.6 0
      vertex -30.6 19.4 0
    endloop
  endfacet
  facet normal 0 0 -1
    outer loop
      vertex -29.4 20.6 0
      vertex -30.6 20.6 0
      vertex -29.4 29.4 0
    endloop
  endfacet
  facet normal 0 0 -1
    outer loop
      vertex -30.6 -70.6 0
      vertex -29.4 -78.9 0
      vertex -30.6 -78.9 0
    endloop
  endfacet
  facet normal 0 0 -1
    outer loop
      vertex -79.8 -79.8 0
      vertex -29.4 -78.9 0
      vertex 79.8 -79.8 0
    endloop
  endfacet
  facet normal -0 0 -1
    outer loop
      vertex -29.4 -78.9 0
      vertex -79.8 -79.8 0
      vertex -30.6 -78.9 0
    endloop
  endfacet
  facet normal 0 0 -1
    outer loop
      vertex -40.6 -70.6 0
      vertex -39.4 -70.6 0
      vertex -39.4 -78.9 0
    endloop
  endfacet
  facet normal 0 0 -1
    outer loop
      vertex -39.4 -70.6 0
      vertex -40.6 -70.6 0
      vertex -39.4 -69.4 0
    endloop
  endfacet
  facet normal 0 0 -1
    outer loop
      vertex -39.4 -69.4 0
      vertex -40.6 -69.4 0
      vertex -39.4 -60.6 0
    endloop
  endfacet
  facet normal 0 0 -1
    outer loop
      vertex -40.6 -60.6 0
      vertex -39.4 -60.6 0
      vertex -40.6 -69.4 0
    endloop
  endfacet
  facet normal 0 0 -1
    outer loop
      vertex -40.6 -59.4 0
      vertex -39.4 -59.4 0
      vertex -40.6 -60.6 0
    endloop
  endfacet
  facet normal 0 0 -1
    outer loop
      vertex -39.4 -59.4 0
      vertex -40.6 -59.4 0
      vertex -39.4 -50.6 0
    endloop
  endfacet
  facet normal 0 0 -1
    outer loop
      vertex -39.4 -50.6 0
      vertex -40.6 -50.6 0
      vertex -39.4 -49.4 0
    endloop
  endfacet
  facet normal 0 0 -1
    outer loop
      vertex -40.6 -49.4 0
      vertex -39.4 -49.4 0
      vertex -40.6 -50.6 0
    endloop
  endfacet
  facet normal 0 0 -1
    outer loop
      vertex -40.6 -40.6 0
      vertex -39.4 -40.6 0
      vertex -40.6 -49.4 0
    endloop
  endfacet
  facet normal 0 0 -1
    outer loop
      vertex -39.4 -40.6 0
      vertex -40.6 -40.6 0
      vertex -39.4 -39.4 0
    endloop
  endfacet
  facet normal 0 0 -1
    outer loop
      vertex -39.4 -39.4 0
      vertex -40.6 -39.4 0
      vertex -39.4 -30.6 0
    endloop
  endfacet
  facet normal 0 0 -1
    outer loop
      vertex -40.6 -30.6 0
      vertex -39.4 -30.6 0
      vertex -40.6 -39.4 0
    endloop
  endfacet
  facet normal 0 0 -1
    outer loop
      vertex -40.6 -29.4 0
      vertex -39.4 -29.4 0
      vertex -40.6 -30.6 0
    endloop
  endfacet
  facet normal 0 0 -1
    outer loop
      vertex -40.6 -20.6 0
      vertex -39.4 -20.6 0
      vertex -40.6 -29.4 0
    endloop
  endfacet
  facet normal 0 0 -1
    outer loop
      vertex -40.6 -19.4 0
      vertex -39.4 -19.4 0
      vertex -40.6 -20.6 0
    endloop
  endfacet
  facet normal 0 0 -1
    outer loop
      vertex -39.4 -19.4 0
      vertex -40.6 -19.4 0
      vertex -39.4 -10.6 0
    endloop
  endfacet
  facet normal 0 0 -1
    outer loop
      vertex -39.4 -10.6 0
      vertex -40.6 -10.6 0
      vertex -39.4 -9.39999 0
    endloop
  endfacet
  facet normal 0 0 -1
    outer loop
      vertex -40.6 -9.39999 0
      vertex -39.4 -9.39999 0
      vertex -40.6 -10.6 0
    endloop
  endfacet
  facet normal 0 0 -1
    outer loop
      vertex -40.6 -0.599991 0
      vertex -39.4 -0.599991 0
      vertex -40.6 -9.39999 0
    endloop
  endfacet
  facet normal 0 0 -1
    outer loop
      vertex -39.4 -0.599991 0
      vertex -40.6 -0.599991 0
      vertex -39.4 0.599991 0
    endloop
  endfacet
  facet normal 0 0 -1
    outer loop
      vertex -40.6 0.599991 0
      vertex -39.4 0.599991 0
      vertex -40.6 -0.599991 0
    endloop
  endfacet
  facet normal 0 0 -1
    outer loop
      vertex -39.4 0.599991 0
      vertex -40.6 0.599991 0
      vertex -39.4 9.39999 0
    endloop
  endfacet
  facet normal 0 0 -1
    outer loop
      vertex -40.6 9.39999 0
      vertex -39.4 9.39999 0
      vertex -40.6 0.599991 0
    endloop
  endfacet
  facet normal 0 0 -1
    outer loop
      vertex -39.4 9.39999 0
      vertex -40.6 9.39999 0
      vertex -39.4 10.6 0
    endloop
  endfacet
  facet normal 0 0 -1
    outer loop
      vertex -40.6 10.6 0
      vertex -39.4 10.6 0
      vertex -40.6 9.39999 0
    endloop
  endfacet
  facet normal 0 0 -1
    outer loop
      vertex -39.4 10.6 0
      vertex -40.6 10.6 0
      vertex -39.4 19.4 0
    endloop
  endfacet
  facet normal 0 0 -1
    outer loop
      vertex -40.6 19.4 0
      vertex -39.4 19.4 0
      vertex -40.6 10.6 0
    endloop
  endfacet
  facet normal 0 0 -1
    outer loop
      vertex -39.4 19.4 0
      vertex -40.6 19.4 0
      vertex -39.4 20.6 0
    endloop
  endfacet
  facet normal 0 0 -1
    outer loop
      vertex -40.6 20.6 0
      vertex -39.4 20.6 0
      vertex -40.6 19.4 0
    endloop
  endfacet
  facet normal 0 0 -1
    outer loop
      vertex -39.4 20.6 0
      vertex -40.6 20.6 0
      vertex -39.4 29.4 0
    endloop
  endfacet
  facet normal 0 0 -1
    outer loop
      vertex -40.6 -70.6 0
      vertex -39.4 -78.9 0
      vertex -40.6 -78.9 0
    endloop
  endfacet
  facet normal -0 0 -1
    outer loop
      vertex -30.6 -78.9 0
      vertex -79.8 -79.8 0
      vertex -39.4 -78.9 0
    endloop
  endfacet
  facet normal -0 0 -1
    outer loop
      vertex -39.4 -78.9 0
      vertex -79.8 -79.8 0
      vertex -40.6 -78.9 0
    endloop
  endfacet
  facet normal 0 0 -1
    outer loop
      vertex -50.6 -70.6 0
      vertex -49.4 -70.6 0
      vertex -49.4 -78.9 0
    endloop
  endfacet
  facet normal 0 0 -1
    outer loop
      vertex -49.4 -70.6 0
      vertex -50.6 -70.6 0
      vertex -49.4 -69.4 0
    endloop
  endfacet
  facet normal 0 0 -1
    outer loop
      vertex -49.4 -69.4 0
      vertex -50.6 -69.4 0
      vertex -49.4 -60.6 0
    endloop
  endfacet
  facet normal 0 0 -1
    outer loop
      vertex -50.6 -60.6 0
      vertex -49.4 -60.6 0
      vertex -50.6 -69.4 0
    endloop
  endfacet
  facet normal 0 0 -1
    outer loop
      vertex -50.6 -59.4 0
      vertex -49.4 -59.4 0
      vertex -50.6 -60.6 0
    endloop
  endfacet
  facet normal 0 0 -1
    outer loop
      vertex -49.4 -59.4 0
      vertex -50.6 -59.4 0
      vertex -49.4 -50.6 0
    endloop
  endfacet
  facet normal 0 0 -1
    outer loop
      vertex -49.4 -50.6 0
      vertex -50.6 -50.6 0
      vertex -49.4 -49.4 0
    endloop
  endfacet
  facet normal 0 0 -1
    outer loop
      vertex -50.6 -49.4 0
      vertex -49.4 -49.4 0
      vertex -50.6 -50.6 0
    endloop
  endfacet
  facet normal 0 0 -1
    outer loop
      vertex -50.6 -40.6 0
      vertex -49.4 -40.6 0
      vertex -50.6 -49.4 0
    endloop
  endfacet
  facet normal 0 0 -1
    outer loop
      vertex -49.4 -40.6 0
      vertex -50.6 -40.6 0
      vertex -49.4 -39.4 0
    endloop
  endfacet
  facet normal 0 0 -1
    outer loop
      vertex -49.4 -39.4 0
      vertex -50.6 -39.4 0
      vertex -49.4 -30.6 0
    endloop
  endfacet
  facet normal 0 0 -1
    outer loop
      vertex -50.6 -30.6 0
      vertex -49.4 -30.6 0
      vertex -50.6 -39.4 0
    endloop
  endfacet
  facet normal 0 0 -1
    outer loop
      vertex -50.6 -29.4 0
      vertex -49.4 -29.4 0
      vertex -50.6 -30.6 0
    endloop
  endfacet
  facet normal 0 0 -1
    outer loop
      vertex -50.6 -20.6 0
      vertex -49.4 -20.6 0
      vertex -50.6 -29.4 0
    endloop
  endfacet
  facet normal 0 0 -1
    outer loop
      vertex -50.6 -19.4 0
      vertex -49.4 -19.4 0
      vertex -50.6 -20.6 0
    endloop
  endfacet
  facet normal 0 0 -1
    outer loop
      vertex -49.4 -19.4 0
      vertex -50.6 -19.4 0
      vertex -49.4 -10.6 0
    endloop
  endfacet
  facet normal 0 0 -1
    outer loop
      vertex -49.4 -10.6 0
      vertex -50.6 -10.6 0
      vertex -49.4 -9.39999 0
    endloop
  endfacet
  facet normal 0 0 -1
    outer loop
      vertex -50.6 -9.39999 0
      vertex -49.4 -9.39999 0
      vertex -50.6 -10.6 0
    endloop
  endfacet
  facet normal 0 0 -1
    outer loop
      vertex -50.6 -0.599991 0
      vertex -49.4 -0.599991 0
      vertex -50.6 -9.39999 0
    endloop
  endfacet
  facet normal 0 0 -1
    outer loop
      vertex -49.4 -0.599991 0
      vertex -50.6 -0.599991 0
      vertex -49.4 0.599991 0
    endloop
  endfacet
  facet normal 0 0 -1
    outer loop
      vertex -50.6 0.599991 0
      vertex -49.4 0.599991 0
      vertex -50.6 -0.599991 0
    endloop
  endfacet
  facet normal 0 0 -1
    outer loop
      vertex -49.4 0.599991 0
      vertex -50.6 0.599991 0
      vertex -49.4 9.39999 0
    endloop
  endfacet
  facet normal 0 0 -1
    outer loop
      vertex -50.6 9.39999 0
      vertex -49.4 9.39999 0
      vertex -50.6 0.599991 0
    endloop
  endfacet
  facet normal 0 0 -1
    outer loop
      vertex -49.4 9.39999 0
      vertex -50.6 9.39999 0
      vertex -49.4 10.6 0
    endloop
  endfacet
  facet normal 0 0 -1
    outer loop
      vertex -50.6 10.6 0
      vertex -49.4 10.6 0
      vertex -50.6 9.39999 0
    endloop
  endfacet
  facet normal 0 0 -1
    outer loop
      vertex -49.4 10.6 0
      vertex -50.6 10.6 0
      vertex -49.4 19.4 0
    endloop
  endfacet
  facet normal 0 0 -1
    outer loop
      vertex -50.6 19.4 0
      vertex -49.4 19.4 0
      vertex -50.6 10.6 0
    endloop
  endfacet
  facet normal 0 0 -1
    outer loop
      vertex -49.4 19.4 0
      vertex -50.6 19.4 0
      vertex -49.4 20.6 0
    endloop
  endfacet
  facet normal 0 0 -1
    outer loop
      vertex -50.6 20.6 0
      vertex -49.4 20.6 0
      vertex -50.6 19.4 0
    endloop
  endfacet
  facet normal 0 0 -1
    outer loop
      vertex -49.4 20.6 0
      vertex -50.6 20.6 0
      vertex -49.4 29.4 0
    endloop
  endfacet
  facet normal 0 0 -1
    outer loop
      vertex -50.6 -70.6 0
      vertex -49.4 -78.9 0
      vertex -50.6 -78.9 0
    endloop
  endfacet
  facet normal -0 0 -1
    outer loop
      vertex -40.6 -78.9 0
      vertex -79.8 -79.8 0
      vertex -49.4 -78.9 0
    endloop
  endfacet
  facet normal -0 0 -1
    outer loop
      vertex -49.4 -78.9 0
      vertex -79.8 -79.8 0
      vertex -50.6 -78.9 0
    endloop
  endfacet
  facet normal 0 0 -1
    outer loop
      vertex -60.6 -70.6 0
      vertex -59.4 -70.6 0
      vertex -59.4 -78.9 0
    endloop
  endfacet
  facet normal 0 0 -1
    outer loop
      vertex -59.4 -70.6 0
      vertex -60.6 -70.6 0
      vertex -59.4 -69.4 0
    endloop
  endfacet
  facet normal 0 0 -1
    outer loop
      vertex -59.4 -69.4 0
      vertex -60.6 -69.4 0
      vertex -59.4 -60.6 0
    endloop
  endfacet
  facet normal 0 0 -1
    outer loop
      vertex -60.6 -60.6 0
      vertex -59.4 -60.6 0
      vertex -60.6 -69.4 0
    endloop
  endfacet
  facet normal 0 0 -1
    outer loop
      vertex -60.6 -59.4 0
      vertex -59.4 -59.4 0
      vertex -60.6 -60.6 0
    endloop
  endfacet
  facet normal 0 0 -1
    outer loop
      vertex -59.4 -59.4 0
      vertex -60.6 -59.4 0
      vertex -59.4 -50.6 0
    endloop
  endfacet
  facet normal 0 0 -1
    outer loop
      vertex -59.4 -50.6 0
      vertex -60.6 -50.6 0
      vertex -59.4 -49.4 0
    endloop
  endfacet
  facet normal 0 0 -1
    outer loop
      vertex -60.6 -49.4 0
      vertex -59.4 -49.4 0
      vertex -60.6 -50.6 0
    endloop
  endfacet
  facet normal 0 0 -1
    outer loop
      vertex -60.6 -40.6 0
      vertex -59.4 -40.6 0
      vertex -60.6 -49.4 0
    endloop
  endfacet
  facet normal 0 0 -1
    outer loop
      vertex -59.4 -40.6 0
      vertex -60.6 -40.6 0
      vertex -59.4 -39.4 0
    endloop
  endfacet
  facet normal 0 0 -1
    outer loop
      vertex -59.4 -39.4 0
      vertex -60.6 -39.4 0
      vertex -59.4 -30.6 0
    endloop
  endfacet
  facet normal 0 0 -1
    outer loop
      vertex -60.6 -30.6 0
      vertex -59.4 -30.6 0
      vertex -60.6 -39.4 0
    endloop
  endfacet
  facet normal 0 0 -1
    outer loop
      vertex -60.6 -29.4 0
      vertex -59.4 -29.4 0
      vertex -60.6 -30.6 0
    endloop
  endfacet
  facet normal 0 0 -1
    outer loop
      vertex -60.6 -20.6 0
      vertex -59.4 -20.6 0
      vertex -60.6 -29.4 0
    endloop
  endfacet
  facet normal 0 0 -1
    outer loop
      vertex -60.6 -19.4 0
      vertex -59.4 -19.4 0
      vertex -60.6 -20.6 0
    endloop
  endfacet
  facet normal 0 0 -1
    outer loop
      vertex -59.4 -19.4 0
      vertex -60.6 -19.4 0
      vertex -59.4 -10.6 0
    endloop
  endfacet
  facet normal 0 0 -1
    outer loop
      vertex -59.4 -10.6 0
      vertex -60.6 -10.6 0
      vertex -59.4 -9.39999 0
    endloop
  endfacet
  facet normal 0 0 -1
    outer loop
      vertex -60.6 -9.39999 0
      vertex -59.4 -9.39999 0
      vertex -60.6 -10.6 0
    endloop
  endfacet
  facet normal 0 0 -1
    outer loop
      vertex -60.6 -0.599991 0
      vertex -59.4 -0.599991 0
      vertex -60.6 -9.39999 0
    endloop
  endfacet
  facet normal 0 0 -1
    outer loop
      vertex -59.4 -0.599991 0
      vertex -60.6 -0.599991 0
      vertex -59.4 0.599991 0
    endloop
  endfacet
  facet normal 0 0 -1
    outer loop
      vertex -60.6 0.599991 0
      vertex -59.4 0.599991 0
      vertex -60.6 -0.599991 0
    endloop
  endfacet
  facet normal 0 0 -1
    outer loop
      vertex -59.4 0.599991 0
      vertex -60.6 0.599991 0
      vertex -59.4 9.39999 0
    endloop
  endfacet
  facet normal 0 0 -1
    outer loop
      vertex -60.6 9.39999 0
      vertex -59.4 9.39999 0
      vertex -60.6 0.599991 0
    endloop
  endfacet
  facet normal 0 0 -1
    outer loop
      vertex -59.4 9.39999 0
      vertex -60.6 9.39999 0
      vertex -59.4 10.6 0
    endloop
  endfacet
  facet normal 0 0 -1
    outer loop
      vertex -60.6 10.6 0
      vertex -59.4 10.6 0
      vertex -60.6 9.39999 0
    endloop
  endfacet
  facet normal 0 0 -1
    outer loop
      vertex -59.4 10.6 0
      vertex -60.6 10.6 0
      vertex -59.4 19.4 0
    endloop
  endfacet
  facet normal 0 0 -1
    outer loop
      vertex -60.6 19.4 0
      vertex -59.4 19.4 0
      vertex -60.6 10.6 0
    endloop
  endfacet
  facet normal 0 0 -1
    outer loop
      vertex -59.4 19.4 0
      vertex -60.6 19.4 0
      vertex -59.4 20.6 0
    endloop
  endfacet
  facet normal 0 0 -1
    outer loop
      vertex -60.6 20.6 0
      vertex -59.4 20.6 0
      vertex -60.6 19.4 0
    endloop
  endfacet
  facet normal 0 0 -1
    outer loop
      vertex -59.4 20.6 0
      vertex -60.6 20.6 0
      vertex -59.4 29.4 0
    endloop
  endfacet
  facet normal 0 0 -1
    outer loop
      vertex -60.6 -70.6 0
      vertex -59.4 -78.9 0
      vertex -60.6 -78.9 0
    endloop
  endfacet
  facet normal -0 0 -1
    outer loop
      vertex -50.6 -78.9 0
      vertex -79.8 -79.8 0
      vertex -59.4 -78.9 0
    endloop
  endfacet
  facet normal -0 0 -1
    outer loop
      vertex -59.4 -78.9 0
      vertex -79.8 -79.8 0
      vertex -60.6 -78.9 0
    endloop
  endfacet
  facet normal 0 0 -1
    outer loop
      vertex -70.6 -70.6 0
      vertex -69.4 -70.6 0
      vertex -69.4 -78.9 0
    endloop
  endfacet
  facet normal 0 0 -1
    outer loop
      vertex -69.4 -70.6 0
      vertex -70.6 -70.6 0
      vertex -69.4 -69.4 0
    endloop
  endfacet
  facet normal 0 0 -1
    outer loop
      vertex -69.4 -69.4 0
      vertex -70.6 -69.4 0
      vertex -69.4 -60.6 0
    endloop
  endfacet
  facet normal 0 0 -1
    outer loop
      vertex -70.6 -60.6 0
      vertex -69.4 -60.6 0
      vertex -70.6 -69.4 0
    endloop
  endfacet
  facet normal 0 0 -1
    outer loop
      vertex -70.6 -59.4 0
      vertex -69.4 -59.4 0
      vertex -70.6 -60.6 0
    endloop
  endfacet
  facet normal 0 0 -1
    outer loop
      vertex -69.4 -59.4 0
      vertex -70.6 -59.4 0
      vertex -69.4 -50.6 0
    endloop
  endfacet
  facet normal 0 0 -1
    outer loop
      vertex -69.4 -50.6 0
      vertex -70.6 -50.6 0
      vertex -69.4 -49.4 0
    endloop
  endfacet
  facet normal 0 0 -1
    outer loop
      vertex -70.6 -49.4 0
      vertex -69.4 -49.4 0
      vertex -70.6 -50.6 0
    endloop
  endfacet
  facet normal 0 0 -1
    outer loop
      vertex -70.6 -40.6 0
      vertex -69.4 -40.6 0
      vertex -70.6 -49.4 0
    endloop
  endfacet
  facet normal 0 0 -1
    outer loop
      vertex -69.4 -40.6 0
      vertex -70.6 -40.6 0
      vertex -69.4 -39.4 0
    endloop
  endfacet
  facet normal 0 0 -1
    outer loop
      vertex -69.4 -39.4 0
      vertex -70.6 -39.4 0
      vertex -69.4 -30.6 0
    endloop
  endfacet
  facet normal 0 0 -1
    outer loop
      vertex -70.6 -30.6 0
      vertex -69.4 -30.6 0
      vertex -70.6 -39.4 0
    endloop
  endfacet
  facet normal 0 0 -1
    outer loop
      vertex -70.6 -29.4 0
      vertex -69.4 -29.4 0
      vertex -70.6 -30.6 0
    endloop
  endfacet
  facet normal 0 0 -1
    outer loop
      vertex -70.6 -20.6 0
      vertex -69.4 -20.6 0
      vertex -70.6 -29.4 0
    endloop
  endfacet
  facet normal 0 0 -1
    outer loop
      vertex -70.6 -19.4 0
      vertex -69.4 -19.4 0
      vertex -70.6 -20.6 0
    endloop
  endfacet
  facet normal 0 0 -1
    outer loop
      vertex -69.4 -19.4 0
      vertex -70.6 -19.4 0
      vertex -69.4 -10.6 0
    endloop
  endfacet
  facet normal 0 0 -1
    outer loop
      vertex -69.4 -10.6 0
      vertex -70.6 -10.6 0
      vertex -69.4 -9.39999 0
    endloop
  endfacet
  facet normal 0 0 -1
    outer loop
      vertex -70.6 -9.39999 0
      vertex -69.4 -9.39999 0
      vertex -70.6 -10.6 0
    endloop
  endfacet
  facet normal 0 0 -1
    outer loop
      vertex -70.6 -0.599991 0
      vertex -69.4 -0.599991 0
      vertex -70.6 -9.39999 0
    endloop
  endfacet
  facet normal 0 0 -1
    outer loop
      vertex -69.4 -0.599991 0
      vertex -70.6 -0.599991 0
      vertex -69.4 0.599991 0
    endloop
  endfacet
  facet normal 0 0 -1
    outer loop
      vertex -70.6 0.599991 0
      vertex -69.4 0.599991 0
      vertex -70.6 -0.599991 0
    endloop
  endfacet
  facet normal 0 0 -1
    outer loop
      vertex -69.4 0.599991 0
      vertex -70.6 0.599991 0
      vertex -69.4 9.39999 0
    endloop
  endfacet
  facet normal 0 0 -1
    outer loop
      vertex -70.6 9.39999 0
      vertex -69.4 9.39999 0
      vertex -70.6 0.599991 0
    endloop
  endfacet
  facet normal 0 0 -1
    outer loop
      vertex -69.4 9.39999 0
      vertex -70.6 9.39999 0
      vertex -69.4 10.6 0
    endloop
  endfacet
  facet normal 0 0 -1
    outer loop
      vertex -70.6 10.6 0
      vertex -69.4 10.6 0
      vertex -70.6 9.39999 0
    endloop
  endfacet
  facet normal 0 0 -1
    outer loop
      vertex -69.4 10.6 0
      vertex -70.6 10.6 0
      vertex -69.4 19.4 0
    endloop
  endfacet
  facet normal 0 0 -1
    outer loop
      vertex -70.6 19.4 0
      vertex -69.4 19.4 0
      vertex -70.6 10.6 0
    endloop
  endfacet
  facet normal 0 0 -1
    outer loop
      vertex -69.4 19.4 0
      vertex -70.6 19.4 0
      vertex -69.4 20.6 0
    endloop
  endfacet
  facet normal 0 0 -1
    outer loop
      vertex -70.6 20.6 0
      vertex -69.4 20.6 0
      vertex -70.6 19.4 0
    endloop
  endfacet
  facet normal 0 0 -1
    outer loop
      vertex -69.4 20.6 0
      vertex -70.6 20.6 0
      vertex -69.4 29.4 0
    endloop
  endfacet
  facet normal 0 0 -1
    outer loop
      vertex -70.6 -70.6 0
      vertex -69.4 -78.9 0
      vertex -70.6 -78.9 0
    endloop
  endfacet
  facet normal -0 0 -1
    outer loop
      vertex -60.6 -78.9 0
      vertex -79.8 -79.8 0
      vertex -69.4 -78.9 0
    endloop
  endfacet
  facet normal -0 0 -1
    outer loop
      vertex -69.4 -78.9 0
      vertex -79.8 -79.8 0
      vertex -70.6 -78.9 0
    endloop
  endfacet
  facet normal 0 0 -1
    outer loop
      vertex -79.8 -79.8 0
      vertex -78.9 -70.6 0
      vertex -78.9 -78.9 0
    endloop
  endfacet
  facet normal -0 0 -1
    outer loop
      vertex -78.9 -70.6 0
      vertex -79.8 -79.8 0
      vertex -78.9 -69.4 0
    endloop
  endfacet
  facet normal -0 0 -1
    outer loop
      vertex -78.9 -69.4 0
      vertex -79.8 -79.8 0
      vertex -78.9 -60.6 0
    endloop
  endfacet
  facet normal -0 0 -1
    outer loop
      vertex -78.9 -60.6 0
      vertex -79.8 -79.8 0
      vertex -78.9 -59.4 0
    endloop
  endfacet
  facet normal -0 0 -1
    outer loop
      vertex -78.9 -59.4 0
      vertex -79.8 -79.8 0
      vertex -78.9 -50.6 0
    endloop
  endfacet
  facet normal -0 0 -1
    outer loop
      vertex -78.9 -50.6 0
      vertex -79.8 -79.8 0
      vertex -78.9 -49.4 0
    endloop
  endfacet
  facet normal -0 0 -1
    outer loop
      vertex -78.9 -49.4 0
      vertex -79.8 -79.8 0
      vertex -78.9 -40.6 0
    endloop
  endfacet
  facet normal -0 0 -1
    outer loop
      vertex -78.9 -40.6 0
      vertex -79.8 -79.8 0
      vertex -78.9 -39.4 0
    endloop
  endfacet
  facet normal -0 0 -1
    outer loop
      vertex -78.9 -39.4 0
      vertex -79.8 -79.8 0
      vertex -78.9 -30.6 0
    endloop
  endfacet
  facet normal -0 0 -1
    outer loop
      vertex -78.9 -30.6 0
      vertex -79.8 -79.8 0
      vertex -78.9 -29.4 0
    endloop
  endfacet
  facet normal -0 0 -1
    outer loop
      vertex -78.9 -29.4 0
      vertex -79.8 -79.8 0
      vertex -78.9 -20.6 0
    endloop
  endfacet
  facet normal -0 0 -1
    outer loop
      vertex -78.9 -20.6 0
      vertex -79.8 -79.8 0
      vertex -78.9 -19.4 0
    endloop
  endfacet
  facet normal -0 0 -1
    outer loop
      vertex -78.9 -19.4 0
      vertex -79.8 -79.8 0
      vertex -78.9 -10.6 0
    endloop
  endfacet
  facet normal -0 0 -1
    outer loop
      vertex -78.9 -10.6 0
      vertex -79.8 -79.8 0
      vertex -78.9 -9.39999 0
    endloop
  endfacet
  facet normal -0 0 -1
    outer loop
      vertex -78.9 -9.39999 0
      vertex -79.8 -79.8 0
      vertex -78.9 -0.599991 0
    endloop
  endfacet
  facet normal -0 0 -1
    outer loop
      vertex -78.9 -0.599991 0
      vertex -79.8 -79.8 0
      vertex -78.9 0.599991 0
    endloop
  endfacet
  facet normal -0 0 -1
    outer loop
      vertex -78.9 0.599991 0
      vertex -79.8 -79.8 0
      vertex -78.9 9.39999 0
    endloop
  endfacet
  facet normal -0 0 -1
    outer loop
      vertex -78.9 9.39999 0
      vertex -79.8 -79.8 0
      vertex -78.9 10.6 0
    endloop
  endfacet
  facet normal -0 0 -1
    outer loop
      vertex -78.9 10.6 0
      vertex -79.8 -79.8 0
      vertex -78.9 19.4 0
    endloop
  endfacet
  facet normal -0 0 -1
    outer loop
      vertex -78.9 19.4 0
      vertex -79.8 -79.8 0
      vertex -78.9 20.6 0
    endloop
  endfacet
  facet normal -0 0 -1
    outer loop
      vertex -78.9 20.6 0
      vertex -79.8 -79.8 0
      vertex -78.9 29.4 0
    endloop
  endfacet
  facet normal 0 0 -1
    outer loop
      vertex -79.8 79.8 0
      vertex -78.9 29.4 0
      vertex -79.8 -79.8 0
    endloop
  endfacet
  facet normal 0 0 -1
    outer loop
      vertex -78.9 29.4 0
      vertex -79.8 79.8 0
      vertex -78.9 30.6 0
    endloop
  endfacet
  facet normal 0 0 -1
    outer loop
      vertex -78.9 30.6 0
      vertex -79.8 79.8 0
      vertex -78.9 39.4 0
    endloop
  endfacet
  facet normal 0 0 -1
    outer loop
      vertex -78.9 39.4 0
      vertex -79.8 79.8 0
      vertex -78.9 40.6 0
    endloop
  endfacet
  facet normal 0 0 -1
    outer loop
      vertex -78.9 40.6 0
      vertex -79.8 79.8 0
      vertex -78.9 49.4 0
    endloop
  endfacet
  facet normal 0 0 -1
    outer loop
      vertex -78.9 49.4 0
      vertex -79.8 79.8 0
      vertex -78.9 50.6 0
    endloop
  endfacet
  facet normal 0 0 -1
    outer loop
      vertex -78.9 50.6 0
      vertex -79.8 79.8 0
      vertex -78.9 59.4 0
    endloop
  endfacet
  facet normal 0 0 -1
    outer loop
      vertex -78.9 59.4 0
      vertex -79.8 79.8 0
      vertex -78.9 60.6 0
    endloop
  endfacet
  facet normal 0 0 -1
    outer loop
      vertex -78.9 60.6 0
      vertex -79.8 79.8 0
      vertex -78.9 69.4 0
    endloop
  endfacet
  facet normal 0 0 -1
    outer loop
      vertex -78.9 69.4 0
      vertex -79.8 79.8 0
      vertex -78.9 70.6 0
    endloop
  endfacet
  facet normal -0 0 -1
    outer loop
      vertex -70.6 -78.9 0
      vertex -79.8 -79.8 0
      vertex -78.9 -78.9 0
    endloop
  endfacet
  facet normal 0 0 -1
    outer loop
      vertex 78.9 -69.4 0
      vertex 79.8 -79.8 0
      vertex 78.9 -70.6 0
    endloop
  endfacet
  facet normal 0 0 -1
    outer loop
      vertex 78.9 -60.6 0
      vertex 79.8 -79.8 0
      vertex 78.9 -69.4 0
    endloop
  endfacet
  facet normal 0 0 -1
    outer loop
      vertex 78.9 -59.4 0
      vertex 79.8 -79.8 0
      vertex 78.9 -60.6 0
    endloop
  endfacet
  facet normal 0 0 -1
    outer loop
      vertex 78.9 -50.6 0
      vertex 79.8 -79.8 0
      vertex 78.9 -59.4 0
    endloop
  endfacet
  facet normal 0 0 -1
    outer loop
      vertex 78.9 -49.4 0
      vertex 79.8 -79.8 0
      vertex 78.9 -50.6 0
    endloop
  endfacet
  facet normal 0 0 -1
    outer loop
      vertex 78.9 -40.6 0
      vertex 79.8 -79.8 0
      vertex 78.9 -49.4 0
    endloop
  endfacet
  facet normal 0 0 -1
    outer loop
      vertex 78.9 -39.4 0
      vertex 79.8 -79.8 0
      vertex 78.9 -40.6 0
    endloop
  endfacet
  facet normal 0 0 -1
    outer loop
      vertex 78.9 -30.6 0
      vertex 79.8 -79.8 0
      vertex 78.9 -39.4 0
    endloop
  endfacet
  facet normal 0 0 -1
    outer loop
      vertex 78.9 -29.4 0
      vertex 79.8 -79.8 0
      vertex 78.9 -30.6 0
    endloop
  endfacet
  facet normal 0 0 -1
    outer loop
      vertex 79.8 -79.8 0
      vertex 78.9 -29.4 0
      vertex 79.8 79.8 0
    endloop
  endfacet
  facet normal 0 0 -1
    outer loop
      vertex 78.9 -20.6 0
      vertex 79.8 79.8 0
      vertex 78.9 -29.4 0
    endloop
  endfacet
  facet normal 0 0 -1
    outer loop
      vertex 78.9 -19.4 0
      vertex 79.8 79.8 0
      vertex 78.9 -20.6 0
    endloop
  endfacet
  facet normal 0 0 -1
    outer loop
      vertex 78.9 -10.6 0
      vertex 79.8 79.8 0
      vertex 78.9 -19.4 0
    endloop
  endfacet
  facet normal 0 0 -1
    outer loop
      vertex 78.9 -9.39999 0
      vertex 79.8 79.8 0
      vertex 78.9 -10.6 0
    endloop
  endfacet
  facet normal 0 0 -1
    outer loop
      vertex 78.9 -0.599991 0
      vertex 79.8 79.8 0
      vertex 78.9 -9.39999 0
    endloop
  endfacet
  facet normal 0 0 -1
    outer loop
      vertex 78.9 0.599991 0
      vertex 79.8 79.8 0
      vertex 78.9 -0.599991 0
    endloop
  endfacet
  facet normal 0 0 -1
    outer loop
      vertex 78.9 9.39999 0
      vertex 79.8 79.8 0
      vertex 78.9 0.599991 0
    endloop
  endfacet
  facet normal 0 0 -1
    outer loop
      vertex 78.9 10.6 0
      vertex 79.8 79.8 0
      vertex 78.9 9.39999 0
    endloop
  endfacet
  facet normal 0 0 -1
    outer loop
      vertex 78.9 19.4 0
      vertex 79.8 79.8 0
      vertex 78.9 10.6 0
    endloop
  endfacet
  facet normal 0 0 -1
    outer loop
      vertex 78.9 20.6 0
      vertex 79.8 79.8 0
      vertex 78.9 19.4 0
    endloop
  endfacet
  facet normal 0 0 -1
    outer loop
      vertex 78.9 29.4 0
      vertex 79.8 79.8 0
      vertex 78.9 20.6 0
    endloop
  endfacet
  facet normal 0 0 -1
    outer loop
      vertex 78.9 30.6 0
      vertex 79.8 79.8 0
      vertex 78.9 29.4 0
    endloop
  endfacet
  facet normal 0 0 -1
    outer loop
      vertex 78.9 39.4 0
      vertex 79.8 79.8 0
      vertex 78.9 30.6 0
    endloop
  endfacet
  facet normal 0 0 -1
    outer loop
      vertex 78.9 40.6 0
      vertex 79.8 79.8 0
      vertex 78.9 39.4 0
    endloop
  endfacet
  facet normal 0 0 -1
    outer loop
      vertex 78.9 49.4 0
      vertex 79.8 79.8 0
      vertex 78.9 40.6 0
    endloop
  endfacet
  facet normal 0 0 -1
    outer loop
      vertex 78.9 50.6 0
      vertex 79.8 79.8 0
      vertex 78.9 49.4 0
    endloop
  endfacet
  facet normal 0 0 -1
    outer loop
      vertex 78.9 59.4 0
      vertex 79.8 79.8 0
      vertex 78.9 50.6 0
    endloop
  endfacet
  facet normal 0 0 -1
    outer loop
      vertex 78.9 60.6 0
      vertex 79.8 79.8 0
      vertex 78.9 59.4 0
    endloop
  endfacet
  facet normal 0 0 -1
    outer loop
      vertex 78.9 69.4 0
      vertex 79.8 79.8 0
      vertex 78.9 60.6 0
    endloop
  endfacet
  facet normal 0 0 -1
    outer loop
      vertex 78.9 70.6 0
      vertex 79.8 79.8 0
      vertex 78.9 69.4 0
    endloop
  endfacet
  facet normal 0 0 -1
    outer loop
      vertex 78.9 78.9 0
      vertex 79.8 79.8 0
      vertex 78.9 70.6 0
    endloop
  endfacet
  facet normal 0 0 -1
    outer loop
      vertex 70.6 78.9 0
      vertex 79.8 79.8 0
      vertex 78.9 78.9 0
    endloop
  endfacet
  facet normal -0 0 -1
    outer loop
      vertex 70.6 -69.4 0
      vertex 69.4 -70.6 0
      vertex 69.4 -69.4 0
    endloop
  endfacet
  facet normal 0 0 -1
    outer loop
      vertex 70.6 -60.6 0
      vertex 69.4 -60.6 0
      vertex 70.6 -59.4 0
    endloop
  endfacet
  facet normal 0 0 -1
    outer loop
      vertex 69.4 -50.6 0
      vertex 70.6 -50.6 0
      vertex 69.4 -59.4 0
    endloop
  endfacet
  facet normal 0 0 -1
    outer loop
      vertex 70.6 -49.4 0
      vertex 69.4 -49.4 0
      vertex 70.6 -40.6 0
    endloop
  endfacet
  facet normal 0 0 -1
    outer loop
      vertex 69.4 -39.4 0
      vertex 70.6 -39.4 0
      vertex 69.4 -40.6 0
    endloop
  endfacet
  facet normal 0 0 -1
    outer loop
      vertex 70.6 -30.6 0
      vertex 69.4 -30.6 0
      vertex 70.6 -29.4 0
    endloop
  endfacet
  facet normal 0 0 -1
    outer loop
      vertex 70.6 -29.4 0
      vertex 69.4 -29.4 0
      vertex 70.6 -20.6 0
    endloop
  endfacet
  facet normal 0 0 -1
    outer loop
      vertex 70.6 -20.6 0
      vertex 69.4 -20.6 0
      vertex 70.6 -19.4 0
    endloop
  endfacet
  facet normal 0 0 -1
    outer loop
      vertex 69.4 -10.6 0
      vertex 70.6 -10.6 0
      vertex 69.4 -19.4 0
    endloop
  endfacet
  facet normal 0 0 -1
    outer loop
      vertex 70.6 -9.39999 0
      vertex 69.4 -9.39999 0
      vertex 70.6 -0.599991 0
    endloop
  endfacet
  facet normal 0 0 -1
    outer loop
      vertex 69.4 29.4 0
      vertex 70.6 29.4 0
      vertex 69.4 20.6 0
    endloop
  endfacet
  facet normal 0 0 -1
    outer loop
      vertex 70.6 29.4 0
      vertex 69.4 29.4 0
      vertex 70.6 30.6 0
    endloop
  endfacet
  facet normal 0 0 -1
    outer loop
      vertex 69.4 30.6 0
      vertex 70.6 30.6 0
      vertex 69.4 29.4 0
    endloop
  endfacet
  facet normal 0 0 -1
    outer loop
      vertex 70.6 30.6 0
      vertex 69.4 30.6 0
      vertex 70.6 39.4 0
    endloop
  endfacet
  facet normal 0 0 -1
    outer loop
      vertex 69.4 39.4 0
      vertex 70.6 39.4 0
      vertex 69.4 30.6 0
    endloop
  endfacet
  facet normal 0 0 -1
    outer loop
      vertex 70.6 39.4 0
      vertex 69.4 39.4 0
      vertex 70.6 40.6 0
    endloop
  endfacet
  facet normal 0 0 -1
    outer loop
      vertex 69.4 40.6 0
      vertex 70.6 40.6 0
      vertex 69.4 39.4 0
    endloop
  endfacet
  facet normal 0 0 -1
    outer loop
      vertex 70.6 40.6 0
      vertex 69.4 40.6 0
      vertex 70.6 49.4 0
    endloop
  endfacet
  facet normal 0 0 -1
    outer loop
      vertex 69.4 49.4 0
      vertex 70.6 49.4 0
      vertex 69.4 40.6 0
    endloop
  endfacet
  facet normal 0 0 -1
    outer loop
      vertex 70.6 49.4 0
      vertex 69.4 49.4 0
      vertex 70.6 50.6 0
    endloop
  endfacet
  facet normal 0 0 -1
    outer loop
      vertex 69.4 50.6 0
      vertex 70.6 50.6 0
      vertex 69.4 49.4 0
    endloop
  endfacet
  facet normal 0 0 -1
    outer loop
      vertex 70.6 50.6 0
      vertex 69.4 50.6 0
      vertex 70.6 59.4 0
    endloop
  endfacet
  facet normal 0 0 -1
    outer loop
      vertex 69.4 59.4 0
      vertex 70.6 59.4 0
      vertex 69.4 50.6 0
    endloop
  endfacet
  facet normal 0 0 -1
    outer loop
      vertex 70.6 59.4 0
      vertex 69.4 59.4 0
      vertex 70.6 60.6 0
    endloop
  endfacet
  facet normal 0 0 -1
    outer loop
      vertex 69.4 60.6 0
      vertex 70.6 60.6 0
      vertex 69.4 59.4 0
    endloop
  endfacet
  facet normal 0 0 -1
    outer loop
      vertex 70.6 60.6 0
      vertex 69.4 60.6 0
      vertex 70.6 69.4 0
    endloop
  endfacet
  facet normal 0 0 -1
    outer loop
      vertex 69.4 69.4 0
      vertex 70.6 69.4 0
      vertex 69.4 60.6 0
    endloop
  endfacet
  facet normal 0 0 -1
    outer loop
      vertex 70.6 69.4 0
      vertex 69.4 69.4 0
      vertex 70.6 70.6 0
    endloop
  endfacet
  facet normal 0 0 -1
    outer loop
      vertex 69.4 70.6 0
      vertex 70.6 70.6 0
      vertex 69.4 69.4 0
    endloop
  endfacet
  facet normal 0 0 -1
    outer loop
      vertex 70.6 70.6 0
      vertex 69.4 70.6 0
      vertex 70.6 78.9 0
    endloop
  endfacet
  facet normal 0 0 -1
    outer loop
      vertex 69.4 78.9 0
      vertex 70.6 78.9 0
      vertex 69.4 70.6 0
    endloop
  endfacet
  facet normal 0 0 -1
    outer loop
      vertex 69.4 78.9 0
      vertex 79.8 79.8 0
      vertex 70.6 78.9 0
    endloop
  endfacet
  facet normal 0 0 -1
    outer loop
      vertex 60.6 78.9 0
      vertex 79.8 79.8 0
      vertex 69.4 78.9 0
    endloop
  endfacet
  facet normal -0 0 -1
    outer loop
      vertex 60.6 -69.4 0
      vertex 59.4 -70.6 0
      vertex 59.4 -69.4 0
    endloop
  endfacet
  facet normal 0 0 -1
    outer loop
      vertex 60.6 -60.6 0
      vertex 59.4 -60.6 0
      vertex 60.6 -59.4 0
    endloop
  endfacet
  facet normal 0 0 -1
    outer loop
      vertex 59.4 -50.6 0
      vertex 60.6 -50.6 0
      vertex 59.4 -59.4 0
    endloop
  endfacet
  facet normal 0 0 -1
    outer loop
      vertex 60.6 -49.4 0
      vertex 59.4 -49.4 0
      vertex 60.6 -40.6 0
    endloop
  endfacet
  facet normal 0 0 -1
    outer loop
      vertex 59.4 -39.4 0
      vertex 60.6 -39.4 0
      vertex 59.4 -40.6 0
    endloop
  endfacet
  facet normal 0 0 -1
    outer loop
      vertex 60.6 -30.6 0
      vertex 59.4 -30.6 0
      vertex 60.6 -29.4 0
    endloop
  endfacet
  facet normal 0 0 -1
    outer loop
      vertex 60.6 -29.4 0
      vertex 59.4 -29.4 0
      vertex 60.6 -20.6 0
    endloop
  endfacet
  facet normal 0 0 -1
    outer loop
      vertex 60.6 -20.6 0
      vertex 59.4 -20.6 0
      vertex 60.6 -19.4 0
    endloop
  endfacet
  facet normal 0 0 -1
    outer loop
      vertex 59.4 -10.6 0
      vertex 60.6 -10.6 0
      vertex 59.4 -19.4 0
    endloop
  endfacet
  facet normal 0 0 -1
    outer loop
      vertex 60.6 -9.39999 0
      vertex 59.4 -9.39999 0
      vertex 60.6 -0.599991 0
    endloop
  endfacet
  facet normal 0 0 -1
    outer loop
      vertex 59.4 29.4 0
      vertex 60.6 29.4 0
      vertex 59.4 20.6 0
    endloop
  endfacet
  facet normal 0 0 -1
    outer loop
      vertex 60.6 29.4 0
      vertex 59.4 29.4 0
      vertex 60.6 30.6 0
    endloop
  endfacet
  facet normal 0 0 -1
    outer loop
      vertex 59.4 30.6 0
      vertex 60.6 30.6 0
      vertex 59.4 29.4 0
    endloop
  endfacet
  facet normal 0 0 -1
    outer loop
      vertex 60.6 30.6 0
      vertex 59.4 30.6 0
      vertex 60.6 39.4 0
    endloop
  endfacet
  facet normal 0 0 -1
    outer loop
      vertex 59.4 39.4 0
      vertex 60.6 39.4 0
      vertex 59.4 30.6 0
    endloop
  endfacet
  facet normal 0 0 -1
    outer loop
      vertex 60.6 39.4 0
      vertex 59.4 39.4 0
      vertex 60.6 40.6 0
    endloop
  endfacet
  facet normal 0 0 -1
    outer loop
      vertex 59.4 40.6 0
      vertex 60.6 40.6 0
      vertex 59.4 39.4 0
    endloop
  endfacet
  facet normal 0 0 -1
    outer loop
      vertex 60.6 40.6 0
      vertex 59.4 40.6 0
      vertex 60.6 49.4 0
    endloop
  endfacet
  facet normal 0 0 -1
    outer loop
      vertex 59.4 49.4 0
      vertex 60.6 49.4 0
      vertex 59.4 40.6 0
    endloop
  endfacet
  facet normal 0 0 -1
    outer loop
      vertex 60.6 49.4 0
      vertex 59.4 49.4 0
      vertex 60.6 50.6 0
    endloop
  endfacet
  facet normal 0 0 -1
    outer loop
      vertex 59.4 50.6 0
      vertex 60.6 50.6 0
      vertex 59.4 49.4 0
    endloop
  endfacet
  facet normal 0 0 -1
    outer loop
      vertex 60.6 50.6 0
      vertex 59.4 50.6 0
      vertex 60.6 59.4 0
    endloop
  endfacet
  facet normal 0 0 -1
    outer loop
      vertex 59.4 59.4 0
      vertex 60.6 59.4 0
      vertex 59.4 50.6 0
    endloop
  endfacet
  facet normal 0 0 -1
    outer loop
      vertex 60.6 59.4 0
      vertex 59.4 59.4 0
      vertex 60.6 60.6 0
    endloop
  endfacet
  facet normal 0 0 -1
    outer loop
      vertex 59.4 60.6 0
      vertex 60.6 60.6 0
      vertex 59.4 59.4 0
    endloop
  endfacet
  facet normal 0 0 -1
    outer loop
      vertex 60.6 60.6 0
      vertex 59.4 60.6 0
      vertex 60.6 69.4 0
    endloop
  endfacet
  facet normal 0 0 -1
    outer loop
      vertex 59.4 69.4 0
      vertex 60.6 69.4 0
      vertex 59.4 60.6 0
    endloop
  endfacet
  facet normal 0 0 -1
    outer loop
      vertex 60.6 69.4 0
      vertex 59.4 69.4 0
      vertex 60.6 70.6 0
    endloop
  endfacet
  facet normal 0 0 -1
    outer loop
      vertex 59.4 70.6 0
      vertex 60.6 70.6 0
      vertex 59.4 69.4 0
    endloop
  endfacet
  facet normal 0 0 -1
    outer loop
      vertex 60.6 70.6 0
      vertex 59.4 70.6 0
      vertex 60.6 78.9 0
    endloop
  endfacet
  facet normal 0 0 -1
    outer loop
      vertex 59.4 78.9 0
      vertex 60.6 78.9 0
      vertex 59.4 70.6 0
    endloop
  endfacet
  facet normal 0 0 -1
    outer loop
      vertex 59.4 78.9 0
      vertex 79.8 79.8 0
      vertex 60.6 78.9 0
    endloop
  endfacet
  facet normal 0 0 -1
    outer loop
      vertex 50.6 78.9 0
      vertex 79.8 79.8 0
      vertex 59.4 78.9 0
    endloop
  endfacet
  facet normal -0 0 -1
    outer loop
      vertex 50.6 -69.4 0
      vertex 49.4 -70.6 0
      vertex 49.4 -69.4 0
    endloop
  endfacet
  facet normal 0 0 -1
    outer loop
      vertex 50.6 -60.6 0
      vertex 49.4 -60.6 0
      vertex 50.6 -59.4 0
    endloop
  endfacet
  facet normal 0 0 -1
    outer loop
      vertex 49.4 -50.6 0
      vertex 50.6 -50.6 0
      vertex 49.4 -59.4 0
    endloop
  endfacet
  facet normal 0 0 -1
    outer loop
      vertex 50.6 -49.4 0
      vertex 49.4 -49.4 0
      vertex 50.6 -40.6 0
    endloop
  endfacet
  facet normal 0 0 -1
    outer loop
      vertex 49.4 -39.4 0
      vertex 50.6 -39.4 0
      vertex 49.4 -40.6 0
    endloop
  endfacet
  facet normal 0 0 -1
    outer loop
      vertex 50.6 -30.6 0
      vertex 49.4 -30.6 0
      vertex 50.6 -29.4 0
    endloop
  endfacet
  facet normal 0 0 -1
    outer loop
      vertex 50.6 -29.4 0
      vertex 49.4 -29.4 0
      vertex 50.6 -20.6 0
    endloop
  endfacet
  facet normal 0 0 -1
    outer loop
      vertex 50.6 -20.6 0
      vertex 49.4 -20.6 0
      vertex 50.6 -19.4 0
    endloop
  endfacet
  facet normal 0 0 -1
    outer loop
      vertex 49.4 -10.6 0
      vertex 50.6 -10.6 0
      vertex 49.4 -19.4 0
    endloop
  endfacet
  facet normal 0 0 -1
    outer loop
      vertex 50.6 -9.39999 0
      vertex 49.4 -9.39999 0
      vertex 50.6 -0.599991 0
    endloop
  endfacet
  facet normal 0 0 -1
    outer loop
      vertex 49.4 29.4 0
      vertex 50.6 29.4 0
      vertex 49.4 20.6 0
    endloop
  endfacet
  facet normal 0 0 -1
    outer loop
      vertex 50.6 29.4 0
      vertex 49.4 29.4 0
      vertex 50.6 30.6 0
    endloop
  endfacet
  facet normal 0 0 -1
    outer loop
      vertex 49.4 30.6 0
      vertex 50.6 30.6 0
      vertex 49.4 29.4 0
    endloop
  endfacet
  facet normal 0 0 -1
    outer loop
      vertex 50.6 30.6 0
      vertex 49.4 30.6 0
      vertex 50.6 39.4 0
    endloop
  endfacet
  facet normal 0 0 -1
    outer loop
      vertex 49.4 39.4 0
      vertex 50.6 39.4 0
      vertex 49.4 30.6 0
    endloop
  endfacet
  facet normal 0 0 -1
    outer loop
      vertex 50.6 39.4 0
      vertex 49.4 39.4 0
      vertex 50.6 40.6 0
    endloop
  endfacet
  facet normal 0 0 -1
    outer loop
      vertex 49.4 40.6 0
      vertex 50.6 40.6 0
      vertex 49.4 39.4 0
    endloop
  endfacet
  facet normal 0 0 -1
    outer loop
      vertex 50.6 40.6 0
      vertex 49.4 40.6 0
      vertex 50.6 49.4 0
    endloop
  endfacet
  facet normal 0 0 -1
    outer loop
      vertex 49.4 49.4 0
      vertex 50.6 49.4 0
      vertex 49.4 40.6 0
    endloop
  endfacet
  facet normal 0 0 -1
    outer loop
      vertex 50.6 49.4 0
      vertex 49.4 49.4 0
      vertex 50.6 50.6 0
    endloop
  endfacet
  facet normal 0 0 -1
    outer loop
      vertex 49.4 50.6 0
      vertex 50.6 50.6 0
      vertex 49.4 49.4 0
    endloop
  endfacet
  facet normal 0 0 -1
    outer loop
      vertex 50.6 50.6 0
      vertex 49.4 50.6 0
      vertex 50.6 59.4 0
    endloop
  endfacet
  facet normal 0 0 -1
    outer loop
      vertex 49.4 59.4 0
      vertex 50.6 59.4 0
      vertex 49.4 50.6 0
    endloop
  endfacet
  facet normal 0 0 -1
    outer loop
      vertex 50.6 59.4 0
      vertex 49.4 59.4 0
      vertex 50.6 60.6 0
    endloop
  endfacet
  facet normal 0 0 -1
    outer loop
      vertex 49.4 60.6 0
      vertex 50.6 60.6 0
      vertex 49.4 59.4 0
    endloop
  endfacet
  facet normal 0 0 -1
    outer loop
      vertex 50.6 60.6 0
      vertex 49.4 60.6 0
      vertex 50.6 69.4 0
    endloop
  endfacet
  facet normal 0 0 -1
    outer loop
      vertex 49.4 69.4 0
      vertex 50.6 69.4 0
      vertex 49.4 60.6 0
    endloop
  endfacet
  facet normal 0 0 -1
    outer loop
      vertex 50.6 69.4 0
      vertex 49.4 69.4 0
      vertex 50.6 70.6 0
    endloop
  endfacet
  facet normal 0 0 -1
    outer loop
      vertex 49.4 70.6 0
      vertex 50.6 70.6 0
      vertex 49.4 69.4 0
    endloop
  endfacet
  facet normal 0 0 -1
    outer loop
      vertex 50.6 70.6 0
      vertex 49.4 70.6 0
      vertex 50.6 78.9 0
    endloop
  endfacet
  facet normal 0 0 -1
    outer loop
      vertex 49.4 78.9 0
      vertex 50.6 78.9 0
      vertex 49.4 70.6 0
    endloop
  endfacet
  facet normal 0 0 -1
    outer loop
      vertex 49.4 78.9 0
      vertex 79.8 79.8 0
      vertex 50.6 78.9 0
    endloop
  endfacet
  facet normal 0 0 -1
    outer loop
      vertex 40.6 78.9 0
      vertex 79.8 79.8 0
      vertex 49.4 78.9 0
    endloop
  endfacet
  facet normal -0 0 -1
    outer loop
      vertex 40.6 -69.4 0
      vertex 39.4 -70.6 0
      vertex 39.4 -69.4 0
    endloop
  endfacet
  facet normal 0 0 -1
    outer loop
      vertex 40.6 -60.6 0
      vertex 39.4 -60.6 0
      vertex 40.6 -59.4 0
    endloop
  endfacet
  facet normal 0 0 -1
    outer loop
      vertex 39.4 -50.6 0
      vertex 40.6 -50.6 0
      vertex 39.4 -59.4 0
    endloop
  endfacet
  facet normal 0 0 -1
    outer loop
      vertex 40.6 -49.4 0
      vertex 39.4 -49.4 0
      vertex 40.6 -40.6 0
    endloop
  endfacet
  facet normal 0 0 -1
    outer loop
      vertex 39.4 -39.4 0
      vertex 40.6 -39.4 0
      vertex 39.4 -40.6 0
    endloop
  endfacet
  facet normal 0 0 -1
    outer loop
      vertex 40.6 -30.6 0
      vertex 39.4 -30.6 0
      vertex 40.6 -29.4 0
    endloop
  endfacet
  facet normal 0 0 -1
    outer loop
      vertex 40.6 -29.4 0
      vertex 39.4 -29.4 0
      vertex 40.6 -20.6 0
    endloop
  endfacet
  facet normal 0 0 -1
    outer loop
      vertex 40.6 -20.6 0
      vertex 39.4 -20.6 0
      vertex 40.6 -19.4 0
    endloop
  endfacet
  facet normal 0 0 -1
    outer loop
      vertex 39.4 -10.6 0
      vertex 40.6 -10.6 0
      vertex 39.4 -19.4 0
    endloop
  endfacet
  facet normal 0 0 -1
    outer loop
      vertex 40.6 -9.39999 0
      vertex 39.4 -9.39999 0
      vertex 40.6 -0.599991 0
    endloop
  endfacet
  facet normal 0 0 -1
    outer loop
      vertex 39.4 29.4 0
      vertex 40.6 29.4 0
      vertex 39.4 20.6 0
    endloop
  endfacet
  facet normal 0 0 -1
    outer loop
      vertex 40.6 29.4 0
      vertex 39.4 29.4 0
      vertex 40.6 30.6 0
    endloop
  endfacet
  facet normal 0 0 -1
    outer loop
      vertex 39.4 30.6 0
      vertex 40.6 30.6 0
      vertex 39.4 29.4 0
    endloop
  endfacet
  facet normal 0 0 -1
    outer loop
      vertex 40.6 30.6 0
      vertex 39.4 30.6 0
      vertex 40.6 39.4 0
    endloop
  endfacet
  facet normal 0 0 -1
    outer loop
      vertex 39.4 39.4 0
      vertex 40.6 39.4 0
      vertex 39.4 30.6 0
    endloop
  endfacet
  facet normal 0 0 -1
    outer loop
      vertex 40.6 39.4 0
      vertex 39.4 39.4 0
      vertex 40.6 40.6 0
    endloop
  endfacet
  facet normal 0 0 -1
    outer loop
      vertex 39.4 40.6 0
      vertex 40.6 40.6 0
      vertex 39.4 39.4 0
    endloop
  endfacet
  facet normal 0 0 -1
    outer loop
      vertex 40.6 40.6 0
      vertex 39.4 40.6 0
      vertex 40.6 49.4 0
    endloop
  endfacet
  facet normal 0 0 -1
    outer loop
      vertex 39.4 49.4 0
      vertex 40.6 49.4 0
      vertex 39.4 40.6 0
    endloop
  endfacet
  facet normal 0 0 -1
    outer loop
      vertex 40.6 49.4 0
      vertex 39.4 49.4 0
      vertex 40.6 50.6 0
    endloop
  endfacet
  facet normal 0 0 -1
    outer loop
      vertex 39.4 50.6 0
      vertex 40.6 50.6 0
      vertex 39.4 49.4 0
    endloop
  endfacet
  facet normal 0 0 -1
    outer loop
      vertex 40.6 50.6 0
      vertex 39.4 50.6 0
      vertex 40.6 59.4 0
    endloop
  endfacet
  facet normal 0 0 -1
    outer loop
      vertex 39.4 59.4 0
      vertex 40.6 59.4 0
      vertex 39.4 50.6 0
    endloop
  endfacet
  facet normal 0 0 -1
    outer loop
      vertex 40.6 59.4 0
      vertex 39.4 59.4 0
      vertex 40.6 60.6 0
    endloop
  endfacet
  facet normal 0 0 -1
    outer loop
      vertex 39.4 60.6 0
      vertex 40.6 60.6 0
      vertex 39.4 59.4 0
    endloop
  endfacet
  facet normal 0 0 -1
    outer loop
      vertex 40.6 60.6 0
      vertex 39.4 60.6 0
      vertex 40.6 69.4 0
    endloop
  endfacet
  facet normal 0 0 -1
    outer loop
      vertex 39.4 69.4 0
      vertex 40.6 69.4 0
      vertex 39.4 60.6 0
    endloop
  endfacet
  facet normal 0 0 -1
    outer loop
      vertex 40.6 69.4 0
      vertex 39.4 69.4 0
      vertex 40.6 70.6 0
    endloop
  endfacet
  facet normal 0 0 -1
    outer loop
      vertex 39.4 70.6 0
      vertex 40.6 70.6 0
      vertex 39.4 69.4 0
    endloop
  endfacet
  facet normal 0 0 -1
    outer loop
      vertex 40.6 70.6 0
      vertex 39.4 70.6 0
      vertex 40.6 78.9 0
    endloop
  endfacet
  facet normal 0 0 -1
    outer loop
      vertex 39.4 78.9 0
      vertex 40.6 78.9 0
      vertex 39.4 70.6 0
    endloop
  endfacet
  facet normal 0 0 -1
    outer loop
      vertex 39.4 78.9 0
      vertex 79.8 79.8 0
      vertex 40.6 78.9 0
    endloop
  endfacet
  facet normal 0 0 -1
    outer loop
      vertex 30.6 78.9 0
      vertex 79.8 79.8 0
      vertex 39.4 78.9 0
    endloop
  endfacet
  facet normal -0 0 -1
    outer loop
      vertex 30.6 -69.4 0
      vertex 29.4 -70.6 0
      vertex 29.4 -69.4 0
    endloop
  endfacet
  facet normal 0 0 -1
    outer loop
      vertex 30.6 -60.6 0
      vertex 29.4 -60.6 0
      vertex 30.6 -59.4 0
    endloop
  endfacet
  facet normal 0 0 -1
    outer loop
      vertex 29.4 -50.6 0
      vertex 30.6 -50.6 0
      vertex 29.4 -59.4 0
    endloop
  endfacet
  facet normal 0 0 -1
    outer loop
      vertex 30.6 -49.4 0
      vertex 29.4 -49.4 0
      vertex 30.6 -40.6 0
    endloop
  endfacet
  facet normal 0 0 -1
    outer loop
      vertex 29.4 -39.4 0
      vertex 30.6 -39.4 0
      vertex 29.4 -40.6 0
    endloop
  endfacet
  facet normal 0 0 -1
    outer loop
      vertex 30.6 -30.6 0
      vertex 29.4 -30.6 0
      vertex 30.6 -29.4 0
    endloop
  endfacet
  facet normal 0 0 -1
    outer loop
      vertex 30.6 -29.4 0
      vertex 29.4 -29.4 0
      vertex 30.6 -20.6 0
    endloop
  endfacet
  facet normal 0 0 -1
    outer loop
      vertex 30.6 -20.6 0
      vertex 29.4 -20.6 0
      vertex 30.6 -19.4 0
    endloop
  endfacet
  facet normal 0 0 -1
    outer loop
      vertex 29.4 -10.6 0
      vertex 30.6 -10.6 0
      vertex 29.4 -19.4 0
    endloop
  endfacet
  facet normal 0 0 -1
    outer loop
      vertex 30.6 -9.39999 0
      vertex 29.4 -9.39999 0
      vertex 30.6 -0.599991 0
    endloop
  endfacet
  facet normal 0 0 -1
    outer loop
      vertex 29.4 29.4 0
      vertex 30.6 29.4 0
      vertex 29.4 20.6 0
    endloop
  endfacet
  facet normal 0 0 -1
    outer loop
      vertex 30.6 29.4 0
      vertex 29.4 29.4 0
      vertex 30.6 30.6 0
    endloop
  endfacet
  facet normal 0 0 -1
    outer loop
      vertex 29.4 30.6 0
      vertex 30.6 30.6 0
      vertex 29.4 29.4 0
    endloop
  endfacet
  facet normal 0 0 -1
    outer loop
      vertex 30.6 30.6 0
      vertex 29.4 30.6 0
      vertex 30.6 39.4 0
    endloop
  endfacet
  facet normal 0 0 -1
    outer loop
      vertex 29.4 39.4 0
      vertex 30.6 39.4 0
      vertex 29.4 30.6 0
    endloop
  endfacet
  facet normal 0 0 -1
    outer loop
      vertex 30.6 39.4 0
      vertex 29.4 39.4 0
      vertex 30.6 40.6 0
    endloop
  endfacet
  facet normal 0 0 -1
    outer loop
      vertex 29.4 40.6 0
      vertex 30.6 40.6 0
      vertex 29.4 39.4 0
    endloop
  endfacet
  facet normal 0 0 -1
    outer loop
      vertex 30.6 40.6 0
      vertex 29.4 40.6 0
      vertex 30.6 49.4 0
    endloop
  endfacet
  facet normal 0 0 -1
    outer loop
      vertex 29.4 49.4 0
      vertex 30.6 49.4 0
      vertex 29.4 40.6 0
    endloop
  endfacet
  facet normal 0 0 -1
    outer loop
      vertex 30.6 49.4 0
      vertex 29.4 49.4 0
      vertex 30.6 50.6 0
    endloop
  endfacet
  facet normal 0 0 -1
    outer loop
      vertex 29.4 50.6 0
      vertex 30.6 50.6 0
      vertex 29.4 49.4 0
    endloop
  endfacet
  facet normal 0 0 -1
    outer loop
      vertex 30.6 50.6 0
      vertex 29.4 50.6 0
      vertex 30.6 59.4 0
    endloop
  endfacet
  facet normal 0 0 -1
    outer loop
      vertex 29.4 59.4 0
      vertex 30.6 59.4 0
      vertex 29.4 50.6 0
    endloop
  endfacet
  facet normal 0 0 -1
    outer loop
      vertex 30.6 59.4 0
      vertex 29.4 59.4 0
      vertex 30.6 60.6 0
    endloop
  endfacet
  facet normal 0 0 -1
    outer loop
      vertex 29.4 60.6 0
      vertex 30.6 60.6 0
      vertex 29.4 59.4 0
    endloop
  endfacet
  facet normal 0 0 -1
    outer loop
      vertex 30.6 60.6 0
      vertex 29.4 60.6 0
      vertex 30.6 69.4 0
    endloop
  endfacet
  facet normal 0 0 -1
    outer loop
      vertex 29.4 69.4 0
      vertex 30.6 69.4 0
      vertex 29.4 60.6 0
    endloop
  endfacet
  facet normal 0 0 -1
    outer loop
      vertex 30.6 69.4 0
      vertex 29.4 69.4 0
      vertex 30.6 70.6 0
    endloop
  endfacet
  facet normal 0 0 -1
    outer loop
      vertex 29.4 70.6 0
      vertex 30.6 70.6 0
      vertex 29.4 69.4 0
    endloop
  endfacet
  facet normal 0 0 -1
    outer loop
      vertex 30.6 70.6 0
      vertex 29.4 70.6 0
      vertex 30.6 78.9 0
    endloop
  endfacet
  facet normal 0 0 -1
    outer loop
      vertex 29.4 78.9 0
      vertex 30.6 78.9 0
      vertex 29.4 70.6 0
    endloop
  endfacet
  facet normal 0 0 -1
    outer loop
      vertex 29.4 78.9 0
      vertex 79.8 79.8 0
      vertex 30.6 78.9 0
    endloop
  endfacet
  facet normal 0 0 -1
    outer loop
      vertex 20.6 78.9 0
      vertex 79.8 79.8 0
      vertex 29.4 78.9 0
    endloop
  endfacet
  facet normal -0 0 -1
    outer loop
      vertex 20.6 -69.4 0
      vertex 19.4 -70.6 0
      vertex 19.4 -69.4 0
    endloop
  endfacet
  facet normal 0 0 -1
    outer loop
      vertex 20.6 -60.6 0
      vertex 19.4 -60.6 0
      vertex 20.6 -59.4 0
    endloop
  endfacet
  facet normal 0 0 -1
    outer loop
      vertex 19.4 -50.6 0
      vertex 20.6 -50.6 0
      vertex 19.4 -59.4 0
    endloop
  endfacet
  facet normal 0 0 -1
    outer loop
      vertex 20.6 -49.4 0
      vertex 19.4 -49.4 0
      vertex 20.6 -40.6 0
    endloop
  endfacet
  facet normal 0 0 -1
    outer loop
      vertex 19.4 -39.4 0
      vertex 20.6 -39.4 0
      vertex 19.4 -40.6 0
    endloop
  endfacet
  facet normal 0 0 -1
    outer loop
      vertex 20.6 -30.6 0
      vertex 19.4 -30.6 0
      vertex 20.6 -29.4 0
    endloop
  endfacet
  facet normal 0 0 -1
    outer loop
      vertex 20.6 -29.4 0
      vertex 19.4 -29.4 0
      vertex 20.6 -20.6 0
    endloop
  endfacet
  facet normal 0 0 -1
    outer loop
      vertex 20.6 -20.6 0
      vertex 19.4 -20.6 0
      vertex 20.6 -19.4 0
    endloop
  endfacet
  facet normal 0 0 -1
    outer loop
      vertex 19.4 -10.6 0
      vertex 20.6 -10.6 0
      vertex 19.4 -19.4 0
    endloop
  endfacet
  facet normal 0 0 -1
    outer loop
      vertex 20.6 -9.39999 0
      vertex 19.4 -9.39999 0
      vertex 20.6 -0.599991 0
    endloop
  endfacet
  facet normal 0 0 -1
    outer loop
      vertex 19.4 29.4 0
      vertex 20.6 29.4 0
      vertex 19.4 20.6 0
    endloop
  endfacet
  facet normal 0 0 -1
    outer loop
      vertex 20.6 29.4 0
      vertex 19.4 29.4 0
      vertex 20.6 30.6 0
    endloop
  endfacet
  facet normal 0 0 -1
    outer loop
      vertex 19.4 30.6 0
      vertex 20.6 30.6 0
      vertex 19.4 29.4 0
    endloop
  endfacet
  facet normal 0 0 -1
    outer loop
      vertex 20.6 30.6 0
      vertex 19.4 30.6 0
      vertex 20.6 39.4 0
    endloop
  endfacet
  facet normal 0 0 -1
    outer loop
      vertex 19.4 39.4 0
      vertex 20.6 39.4 0
      vertex 19.4 30.6 0
    endloop
  endfacet
  facet normal 0 0 -1
    outer loop
      vertex 20.6 39.4 0
      vertex 19.4 39.4 0
      vertex 20.6 40.6 0
    endloop
  endfacet
  facet normal 0 0 -1
    outer loop
      vertex 19.4 40.6 0
      vertex 20.6 40.6 0
      vertex 19.4 39.4 0
    endloop
  endfacet
  facet normal 0 0 -1
    outer loop
      vertex 20.6 40.6 0
      vertex 19.4 40.6 0
      vertex 20.6 49.4 0
    endloop
  endfacet
  facet normal 0 0 -1
    outer loop
      vertex 19.4 49.4 0
      vertex 20.6 49.4 0
      vertex 19.4 40.6 0
    endloop
  endfacet
  facet normal 0 0 -1
    outer loop
      vertex 20.6 49.4 0
      vertex 19.4 49.4 0
      vertex 20.6 50.6 0
    endloop
  endfacet
  facet normal 0 0 -1
    outer loop
      vertex 19.4 50.6 0
      vertex 20.6 50.6 0
      vertex 19.4 49.4 0
    endloop
  endfacet
  facet normal 0 0 -1
    outer loop
      vertex 20.6 50.6 0
      vertex 19.4 50.6 0
      vertex 20.6 59.4 0
    endloop
  endfacet
  facet normal 0 0 -1
    outer loop
      vertex 19.4 59.4 0
      vertex 20.6 59.4 0
      vertex 19.4 50.6 0
    endloop
  endfacet
  facet normal 0 0 -1
    outer loop
      vertex 20.6 59.4 0
      vertex 19.4 59.4 0
      vertex 20.6 60.6 0
    endloop
  endfacet
  facet normal 0 0 -1
    outer loop
      vertex 19.4 60.6 0
      vertex 20.6 60.6 0
      vertex 19.4 59.4 0
    endloop
  endfacet
  facet normal 0 0 -1
    outer loop
      vertex 20.6 60.6 0
      vertex 19.4 60.6 0
      vertex 20.6 69.4 0
    endloop
  endfacet
  facet normal 0 0 -1
    outer loop
      vertex 19.4 69.4 0
      vertex 20.6 69.4 0
      vertex 19.4 60.6 0
    endloop
  endfacet
  facet normal 0 0 -1
    outer loop
      vertex 20.6 69.4 0
      vertex 19.4 69.4 0
      vertex 20.6 70.6 0
    endloop
  endfacet
  facet normal 0 0 -1
    outer loop
      vertex 19.4 70.6 0
      vertex 20.6 70.6 0
      vertex 19.4 69.4 0
    endloop
  endfacet
  facet normal 0 0 -1
    outer loop
      vertex 20.6 70.6 0
      vertex 19.4 70.6 0
      vertex 20.6 78.9 0
    endloop
  endfacet
  facet normal 0 0 -1
    outer loop
      vertex 19.4 78.9 0
      vertex 20.6 78.9 0
      vertex 19.4 70.6 0
    endloop
  endfacet
  facet normal 0 0 -1
    outer loop
      vertex 19.4 78.9 0
      vertex 79.8 79.8 0
      vertex 20.6 78.9 0
    endloop
  endfacet
  facet normal 0 0 -1
    outer loop
      vertex 10.6 78.9 0
      vertex 79.8 79.8 0
      vertex 19.4 78.9 0
    endloop
  endfacet
  facet normal -0 0 -1
    outer loop
      vertex 10.6 -69.4 0
      vertex 9.39999 -70.6 0
      vertex 9.39999 -69.4 0
    endloop
  endfacet
  facet normal 0 0 -1
    outer loop
      vertex 10.6 -60.6 0
      vertex 9.39999 -60.6 0
      vertex 10.6 -59.4 0
    endloop
  endfacet
  facet normal 0 0 -1
    outer loop
      vertex 9.39999 -50.6 0
      vertex 10.6 -50.6 0
      vertex 9.39999 -59.4 0
    endloop
  endfacet
  facet normal 0 0 -1
    outer loop
      vertex 10.6 -49.4 0
      vertex 9.39999 -49.4 0
      vertex 10.6 -40.6 0
    endloop
  endfacet
  facet normal 0 0 -1
    outer loop
      vertex 9.39999 -39.4 0
      vertex 10.6 -39.4 0
      vertex 9.39999 -40.6 0
    endloop
  endfacet
  facet normal 0 0 -1
    outer loop
      vertex 10.6 -30.6 0
      vertex 9.39999 -30.6 0
      vertex 10.6 -29.4 0
    endloop
  endfacet
  facet normal 0 0 -1
    outer loop
      vertex 10.6 -29.4 0
      vertex 9.39999 -29.4 0
      vertex 10.6 -20.6 0
    endloop
  endfacet
  facet normal 0 0 -1
    outer loop
      vertex 10.6 -20.6 0
      vertex 9.39999 -20.6 0
      vertex 10.6 -19.4 0
    endloop
  endfacet
  facet normal 0 0 -1
    outer loop
      vertex 9.39999 -10.6 0
      vertex 10.6 -10.6 0
      vertex 9.39999 -19.4 0
    endloop
  endfacet
  facet normal 0 0 -1
    outer loop
      vertex 10.6 -9.39999 0
      vertex 9.39999 -9.39999 0
      vertex 10.6 -0.599991 0
    endloop
  endfacet
  facet normal 0 0 -1
    outer loop
      vertex 9.39999 29.4 0
      vertex 10.6 29.4 0
      vertex 9.39999 20.6 0
    endloop
  endfacet
  facet normal 0 0 -1
    outer loop
      vertex 10.6 29.4 0
      vertex 9.39999 29.4 0
      vertex 10.6 30.6 0
    endloop
  endfacet
  facet normal 0 0 -1
    outer loop
      vertex 9.39999 30.6 0
      vertex 10.6 30.6 0
      vertex 9.39999 29.4 0
    endloop
  endfacet
  facet normal 0 0 -1
    outer loop
      vertex 10.6 30.6 0
      vertex 9.39999 30.6 0
      vertex 10.6 39.4 0
    endloop
  endfacet
  facet normal 0 0 -1
    outer loop
      vertex 9.39999 39.4 0
      vertex 10.6 39.4 0
      vertex 9.39999 30.6 0
    endloop
  endfacet
  facet normal 0 0 -1
    outer loop
      vertex 10.6 39.4 0
      vertex 9.39999 39.4 0
      vertex 10.6 40.6 0
    endloop
  endfacet
  facet normal 0 0 -1
    outer loop
      vertex 9.39999 40.6 0
      vertex 10.6 40.6 0
      vertex 9.39999 39.4 0
    endloop
  endfacet
  facet normal 0 0 -1
    outer loop
      vertex 10.6 40.6 0
      vertex 9.39999 40.6 0
      vertex 10.6 49.4 0
    endloop
  endfacet
  facet normal 0 0 -1
    outer loop
      vertex 9.39999 49.4 0
      vertex 10.6 49.4 0
      vertex 9.39999 40.6 0
    endloop
  endfacet
  facet normal 0 0 -1
    outer loop
      vertex 10.6 49.4 0
      vertex 9.39999 49.4 0
      vertex 10.6 50.6 0
    endloop
  endfacet
  facet normal 0 0 -1
    outer loop
      vertex 9.39999 50.6 0
      vertex 10.6 50.6 0
      vertex 9.39999 49.4 0
    endloop
  endfacet
  facet normal 0 0 -1
    outer loop
      vertex 10.6 50.6 0
      vertex 9.39999 50.6 0
      vertex 10.6 59.4 0
    endloop
  endfacet
  facet normal 0 0 -1
    outer loop
      vertex 9.39999 59.4 0
      vertex 10.6 59.4 0
      vertex 9.39999 50.6 0
    endloop
  endfacet
  facet normal 0 0 -1
    outer loop
      vertex 10.6 59.4 0
      vertex 9.39999 59.4 0
      vertex 10.6 60.6 0
    endloop
  endfacet
  facet normal 0 0 -1
    outer loop
      vertex 9.39999 60.6 0
      vertex 10.6 60.6 0
      vertex 9.39999 59.4 0
    endloop
  endfacet
  facet normal 0 0 -1
    outer loop
      vertex 10.6 60.6 0
      vertex 9.39999 60.6 0
      vertex 10.6 69.4 0
    endloop
  endfacet
  facet normal 0 0 -1
    outer loop
      vertex 9.39999 69.4 0
      vertex 10.6 69.4 0
      vertex 9.39999 60.6 0
    endloop
  endfacet
  facet normal 0 0 -1
    outer loop
      vertex 10.6 69.4 0
      vertex 9.39999 69.4 0
      vertex 10.6 70.6 0
    endloop
  endfacet
  facet normal 0 0 -1
    outer loop
      vertex 9.39999 70.6 0
      vertex 10.6 70.6 0
      vertex 9.39999 69.4 0
    endloop
  endfacet
  facet normal 0 0 -1
    outer loop
      vertex 10.6 70.6 0
      vertex 9.39999 70.6 0
      vertex 10.6 78.9 0
    endloop
  endfacet
  facet normal 0 0 -1
    outer loop
      vertex 9.39999 78.9 0
      vertex 10.6 78.9 0
      vertex 9.39999 70.6 0
    endloop
  endfacet
  facet normal 0 0 -1
    outer loop
      vertex 9.39999 78.9 0
      vertex 79.8 79.8 0
      vertex 10.6 78.9 0
    endloop
  endfacet
  facet normal 0 0 -1
    outer loop
      vertex 0.599991 78.9 0
      vertex 79.8 79.8 0
      vertex 9.39999 78.9 0
    endloop
  endfacet
  facet normal -0 0 -1
    outer loop
      vertex 0.599991 -69.4 0
      vertex -0.599991 -70.6 0
      vertex -0.599991 -69.4 0
    endloop
  endfacet
  facet normal 0 0 -1
    outer loop
      vertex 0.599991 -60.6 0
      vertex -0.599991 -60.6 0
      vertex 0.599991 -59.4 0
    endloop
  endfacet
  facet normal 0 0 -1
    outer loop
      vertex -0.599991 -50.6 0
      vertex 0.599991 -50.6 0
      vertex -0.599991 -59.4 0
    endloop
  endfacet
  facet normal 0 0 -1
    outer loop
      vertex 0.599991 -49.4 0
      vertex -0.599991 -49.4 0
      vertex 0.599991 -40.6 0
    endloop
  endfacet
  facet normal 0 0 -1
    outer loop
      vertex -0.599991 -39.4 0
      vertex 0.599991 -39.4 0
      vertex -0.599991 -40.6 0
    endloop
  endfacet
  facet normal 0 0 -1
    outer loop
      vertex 0.599991 -30.6 0
      vertex -0.599991 -30.6 0
      vertex 0.599991 -29.4 0
    endloop
  endfacet
  facet normal 0 0 -1
    outer loop
      vertex 0.599991 -29.4 0
      vertex -0.599991 -29.4 0
      vertex 0.599991 -20.6 0
    endloop
  endfacet
  facet normal 0 0 -1
    outer loop
      vertex 0.599991 -20.6 0
      vertex -0.599991 -20.6 0
      vertex 0.599991 -19.4 0
    endloop
  endfacet
  facet normal 0 0 -1
    outer loop
      vertex -0.599991 -10.6 0
      vertex 0.599991 -10.6 0
      vertex -0.599991 -19.4 0
    endloop
  endfacet
  facet normal 0 0 -1
    outer loop
      vertex 0.599991 -9.39999 0
      vertex -0.599991 -9.39999 0
      vertex 0.599991 -0.599991 0
    endloop
  endfacet
  facet normal 0 0 -1
    outer loop
      vertex -0.599991 29.4 0
      vertex 0.599991 29.4 0
      vertex -0.599991 20.6 0
    endloop
  endfacet
  facet normal 0 0 -1
    outer loop
      vertex 0.599991 29.4 0
      vertex -0.599991 29.4 0
      vertex 0.599991 30.6 0
    endloop
  endfacet
  facet normal 0 0 -1
    outer loop
      vertex -0.599991 30.6 0
      vertex 0.599991 30.6 0
      vertex -0.599991 29.4 0
    endloop
  endfacet
  facet normal 0 0 -1
    outer loop
      vertex 0.599991 30.6 0
      vertex -0.599991 30.6 0
      vertex 0.599991 39.4 0
    endloop
  endfacet
  facet normal 0 0 -1
    outer loop
      vertex -0.599991 39.4 0
      vertex 0.599991 39.4 0
      vertex -0.599991 30.6 0
    endloop
  endfacet
  facet normal 0 0 -1
    outer loop
      vertex 0.599991 39.4 0
      vertex -0.599991 39.4 0
      vertex 0.599991 40.6 0
    endloop
  endfacet
  facet normal 0 0 -1
    outer loop
      vertex -0.599991 40.6 0
      vertex 0.599991 40.6 0
      vertex -0.599991 39.4 0
    endloop
  endfacet
  facet normal 0 0 -1
    outer loop
      vertex 0.599991 40.6 0
      vertex -0.599991 40.6 0
      vertex 0.599991 49.4 0
    endloop
  endfacet
  facet normal 0 0 -1
    outer loop
      vertex -0.599991 49.4 0
      vertex 0.599991 49.4 0
      vertex -0.599991 40.6 0
    endloop
  endfacet
  facet normal 0 0 -1
    outer loop
      vertex 0.599991 49.4 0
      vertex -0.599991 49.4 0
      vertex 0.599991 50.6 0
    endloop
  endfacet
  facet normal 0 0 -1
    outer loop
      vertex -0.599991 50.6 0
      vertex 0.599991 50.6 0
      vertex -0.599991 49.4 0
    endloop
  endfacet
  facet normal 0 0 -1
    outer loop
      vertex 0.599991 50.6 0
      vertex -0.599991 50.6 0
      vertex 0.599991 59.4 0
    endloop
  endfacet
  facet normal 0 0 -1
    outer loop
      vertex -0.599991 59.4 0
      vertex 0.599991 59.4 0
      vertex -0.599991 50.6 0
    endloop
  endfacet
  facet normal 0 0 -1
    outer loop
      vertex 0.599991 59.4 0
      vertex -0.599991 59.4 0
      vertex 0.599991 60.6 0
    endloop
  endfacet
  facet normal 0 0 -1
    outer loop
      vertex -0.599991 60.6 0
      vertex 0.599991 60.6 0
      vertex -0.599991 59.4 0
    endloop
  endfacet
  facet normal 0 0 -1
    outer loop
      vertex 0.599991 60.6 0
      vertex -0.599991 60.6 0
      vertex 0.599991 69.4 0
    endloop
  endfacet
  facet normal 0 0 -1
    outer loop
      vertex -0.599991 69.4 0
      vertex 0.599991 69.4 0
      vertex -0.599991 60.6 0
    endloop
  endfacet
  facet normal 0 0 -1
    outer loop
      vertex 0.599991 69.4 0
      vertex -0.599991 69.4 0
      vertex 0.599991 70.6 0
    endloop
  endfacet
  facet normal 0 0 -1
    outer loop
      vertex -0.599991 70.6 0
      vertex 0.599991 70.6 0
      vertex -0.599991 69.4 0
    endloop
  endfacet
  facet normal 0 0 -1
    outer loop
      vertex 0.599991 70.6 0
      vertex -0.599991 70.6 0
      vertex 0.599991 78.9 0
    endloop
  endfacet
  facet normal 0 0 -1
    outer loop
      vertex -0.599991 78.9 0
      vertex 0.599991 78.9 0
      vertex -0.599991 70.6 0
    endloop
  endfacet
  facet normal 0 0 -1
    outer loop
      vertex -0.599991 78.9 0
      vertex 79.8 79.8 0
      vertex 0.599991 78.9 0
    endloop
  endfacet
  facet normal 0 0 -1
    outer loop
      vertex -9.39999 78.9 0
      vertex 79.8 79.8 0
      vertex -0.599991 78.9 0
    endloop
  endfacet
  facet normal -0 0 -1
    outer loop
      vertex -9.39999 -69.4 0
      vertex -10.6 -70.6 0
      vertex -10.6 -69.4 0
    endloop
  endfacet
  facet normal 0 0 -1
    outer loop
      vertex -9.39999 -60.6 0
      vertex -10.6 -60.6 0
      vertex -9.39999 -59.4 0
    endloop
  endfacet
  facet normal 0 0 -1
    outer loop
      vertex -10.6 -50.6 0
      vertex -9.39999 -50.6 0
      vertex -10.6 -59.4 0
    endloop
  endfacet
  facet normal 0 0 -1
    outer loop
      vertex -9.39999 -49.4 0
      vertex -10.6 -49.4 0
      vertex -9.39999 -40.6 0
    endloop
  endfacet
  facet normal 0 0 -1
    outer loop
      vertex -10.6 -39.4 0
      vertex -9.39999 -39.4 0
      vertex -10.6 -40.6 0
    endloop
  endfacet
  facet normal 0 0 -1
    outer loop
      vertex -9.39999 -30.6 0
      vertex -10.6 -30.6 0
      vertex -9.39999 -29.4 0
    endloop
  endfacet
  facet normal 0 0 -1
    outer loop
      vertex -9.39999 -29.4 0
      vertex -10.6 -29.4 0
      vertex -9.39999 -20.6 0
    endloop
  endfacet
  facet normal 0 0 -1
    outer loop
      vertex -9.39999 -20.6 0
      vertex -10.6 -20.6 0
      vertex -9.39999 -19.4 0
    endloop
  endfacet
  facet normal 0 0 -1
    outer loop
      vertex -10.6 -10.6 0
      vertex -9.39999 -10.6 0
      vertex -10.6 -19.4 0
    endloop
  endfacet
  facet normal 0 0 -1
    outer loop
      vertex -9.39999 -9.39999 0
      vertex -10.6 -9.39999 0
      vertex -9.39999 -0.599991 0
    endloop
  endfacet
  facet normal 0 0 -1
    outer loop
      vertex -10.6 29.4 0
      vertex -9.39999 29.4 0
      vertex -10.6 20.6 0
    endloop
  endfacet
  facet normal 0 0 -1
    outer loop
      vertex -9.39999 29.4 0
      vertex -10.6 29.4 0
      vertex -9.39999 30.6 0
    endloop
  endfacet
  facet normal 0 0 -1
    outer loop
      vertex -10.6 30.6 0
      vertex -9.39999 30.6 0
      vertex -10.6 29.4 0
    endloop
  endfacet
  facet normal 0 0 -1
    outer loop
      vertex -9.39999 30.6 0
      vertex -10.6 30.6 0
      vertex -9.39999 39.4 0
    endloop
  endfacet
  facet normal 0 0 -1
    outer loop
      vertex -10.6 39.4 0
      vertex -9.39999 39.4 0
      vertex -10.6 30.6 0
    endloop
  endfacet
  facet normal 0 0 -1
    outer loop
      vertex -9.39999 39.4 0
      vertex -10.6 39.4 0
      vertex -9.39999 40.6 0
    endloop
  endfacet
  facet normal 0 0 -1
    outer loop
      vertex -10.6 40.6 0
      vertex -9.39999 40.6 0
      vertex -10.6 39.4 0
    endloop
  endfacet
  facet normal 0 0 -1
    outer loop
      vertex -9.39999 40.6 0
      vertex -10.6 40.6 0
      vertex -9.39999 49.4 0
    endloop
  endfacet
  facet normal 0 0 -1
    outer loop
      vertex -10.6 49.4 0
      vertex -9.39999 49.4 0
      vertex -10.6 40.6 0
    endloop
  endfacet
  facet normal 0 0 -1
    outer loop
      vertex -9.39999 49.4 0
      vertex -10.6 49.4 0
      vertex -9.39999 50.6 0
    endloop
  endfacet
  facet normal 0 0 -1
    outer loop
      vertex -10.6 50.6 0
      vertex -9.39999 50.6 0
      vertex -10.6 49.4 0
    endloop
  endfacet
  facet normal 0 0 -1
    outer loop
      vertex -9.39999 50.6 0
      vertex -10.6 50.6 0
      vertex -9.39999 59.4 0
    endloop
  endfacet
  facet normal 0 0 -1
    outer loop
      vertex -10.6 59.4 0
      vertex -9.39999 59.4 0
      vertex -10.6 50.6 0
    endloop
  endfacet
  facet normal 0 0 -1
    outer loop
      vertex -9.39999 59.4 0
      vertex -10.6 59.4 0
      vertex -9.39999 60.6 0
    endloop
  endfacet
  facet normal 0 0 -1
    outer loop
      vertex -10.6 60.6 0
      vertex -9.39999 60.6 0
      vertex -10.6 59.4 0
    endloop
  endfacet
  facet normal 0 0 -1
    outer loop
      vertex -9.39999 60.6 0
      vertex -10.6 60.6 0
      vertex -9.39999 69.4 0
    endloop
  endfacet
  facet normal 0 0 -1
    outer loop
      vertex -10.6 69.4 0
      vertex -9.39999 69.4 0
      vertex -10.6 60.6 0
    endloop
  endfacet
  facet normal 0 0 -1
    outer loop
      vertex -9.39999 69.4 0
      vertex -10.6 69.4 0
      vertex -9.39999 70.6 0
    endloop
  endfacet
  facet normal 0 0 -1
    outer loop
      vertex -10.6 70.6 0
      vertex -9.39999 70.6 0
      vertex -10.6 69.4 0
    endloop
  endfacet
  facet normal 0 0 -1
    outer loop
      vertex -9.39999 70.6 0
      vertex -10.6 70.6 0
      vertex -9.39999 78.9 0
    endloop
  endfacet
  facet normal 0 0 -1
    outer loop
      vertex -10.6 78.9 0
      vertex -9.39999 78.9 0
      vertex -10.6 70.6 0
    endloop
  endfacet
  facet normal 0 0 -1
    outer loop
      vertex -10.6 78.9 0
      vertex 79.8 79.8 0
      vertex -9.39999 78.9 0
    endloop
  endfacet
  facet normal 0 0 -1
    outer loop
      vertex -19.4 78.9 0
      vertex 79.8 79.8 0
      vertex -10.6 78.9 0
    endloop
  endfacet
  facet normal -0 0 -1
    outer loop
      vertex -19.4 -69.4 0
      vertex -20.6 -70.6 0
      vertex -20.6 -69.4 0
    endloop
  endfacet
  facet normal 0 0 -1
    outer loop
      vertex -19.4 -60.6 0
      vertex -20.6 -60.6 0
      vertex -19.4 -59.4 0
    endloop
  endfacet
  facet normal 0 0 -1
    outer loop
      vertex -20.6 -50.6 0
      vertex -19.4 -50.6 0
      vertex -20.6 -59.4 0
    endloop
  endfacet
  facet normal 0 0 -1
    outer loop
      vertex -19.4 -49.4 0
      vertex -20.6 -49.4 0
      vertex -19.4 -40.6 0
    endloop
  endfacet
  facet normal 0 0 -1
    outer loop
      vertex -20.6 -39.4 0
      vertex -19.4 -39.4 0
      vertex -20.6 -40.6 0
    endloop
  endfacet
  facet normal 0 0 -1
    outer loop
      vertex -19.4 -30.6 0
      vertex -20.6 -30.6 0
      vertex -19.4 -29.4 0
    endloop
  endfacet
  facet normal 0 0 -1
    outer loop
      vertex -19.4 -29.4 0
      vertex -20.6 -29.4 0
      vertex -19.4 -20.6 0
    endloop
  endfacet
  facet normal 0 0 -1
    outer loop
      vertex -19.4 -20.6 0
      vertex -20.6 -20.6 0
      vertex -19.4 -19.4 0
    endloop
  endfacet
  facet normal 0 0 -1
    outer loop
      vertex -20.6 -10.6 0
      vertex -19.4 -10.6 0
      vertex -20.6 -19.4 0
    endloop
  endfacet
  facet normal 0 0 -1
    outer loop
      vertex -19.4 -9.39999 0
      vertex -20.6 -9.39999 0
      vertex -19.4 -0.599991 0
    endloop
  endfacet
  facet normal 0 0 -1
    outer loop
      vertex -20.6 29.4 0
      vertex -19.4 29.4 0
      vertex -20.6 20.6 0
    endloop
  endfacet
  facet normal 0 0 -1
    outer loop
      vertex -19.4 29.4 0
      vertex -20.6 29.4 0
      vertex -19.4 30.6 0
    endloop
  endfacet
  facet normal 0 0 -1
    outer loop
      vertex -20.6 30.6 0
      vertex -19.4 30.6 0
      vertex -20.6 29.4 0
    endloop
  endfacet
  facet normal 0 0 -1
    outer loop
      vertex -19.4 30.6 0
      vertex -20.6 30.6 0
      vertex -19.4 39.4 0
    endloop
  endfacet
  facet normal 0 0 -1
    outer loop
      vertex -20.6 39.4 0
      vertex -19.4 39.4 0
      vertex -20.6 30.6 0
    endloop
  endfacet
  facet normal 0 0 -1
    outer loop
      vertex -19.4 39.4 0
      vertex -20.6 39.4 0
      vertex -19.4 40.6 0
    endloop
  endfacet
  facet normal 0 0 -1
    outer loop
      vertex -20.6 40.6 0
      vertex -19.4 40.6 0
      vertex -20.6 39.4 0
    endloop
  endfacet
  facet normal 0 0 -1
    outer loop
      vertex -19.4 40.6 0
      vertex -20.6 40.6 0
      vertex -19.4 49.4 0
    endloop
  endfacet
  facet normal 0 0 -1
    outer loop
      vertex -20.6 49.4 0
      vertex -19.4 49.4 0
      vertex -20.6 40.6 0
    endloop
  endfacet
  facet normal 0 0 -1
    outer loop
      vertex -19.4 49.4 0
      vertex -20.6 49.4 0
      vertex -19.4 50.6 0
    endloop
  endfacet
  facet normal 0 0 -1
    outer loop
      vertex -20.6 50.6 0
      vertex -19.4 50.6 0
      vertex -20.6 49.4 0
    endloop
  endfacet
  facet normal 0 0 -1
    outer loop
      vertex -19.4 50.6 0
      vertex -20.6 50.6 0
      vertex -19.4 59.4 0
    endloop
  endfacet
  facet normal 0 0 -1
    outer loop
      vertex -20.6 59.4 0
      vertex -19.4 59.4 0
      vertex -20.6 50.6 0
    endloop
  endfacet
  facet normal 0 0 -1
    outer loop
      vertex -19.4 59.4 0
      vertex -20.6 59.4 0
      vertex -19.4 60.6 0
    endloop
  endfacet
  facet normal 0 0 -1
    outer loop
      vertex -20.6 60.6 0
      vertex -19.4 60.6 0
      vertex -20.6 59.4 0
    endloop
  endfacet
  facet normal 0 0 -1
    outer loop
      vertex -19.4 60.6 0
      vertex -20.6 60.6 0
      vertex -19.4 69.4 0
    endloop
  endfacet
  facet normal 0 0 -1
    outer loop
      vertex -20.6 69.4 0
      vertex -19.4 69.4 0
      vertex -20.6 60.6 0
    endloop
  endfacet
  facet normal 0 0 -1
    outer loop
      vertex -19.4 69.4 0
      vertex -20.6 69.4 0
      vertex -19.4 70.6 0
    endloop
  endfacet
  facet normal 0 0 -1
    outer loop
      vertex -20.6 70.6 0
      vertex -19.4 70.6 0
      vertex -20.6 69.4 0
    endloop
  endfacet
  facet normal 0 0 -1
    outer loop
      vertex -19.4 70.6 0
      vertex -20.6 70.6 0
      vertex -19.4 78.9 0
    endloop
  endfacet
  facet normal 0 0 -1
    outer loop
      vertex -20.6 78.9 0
      vertex -19.4 78.9 0
      vertex -20.6 70.6 0
    endloop
  endfacet
  facet normal 0 0 -1
    outer loop
      vertex -20.6 78.9 0
      vertex 79.8 79.8 0
      vertex -19.4 78.9 0
    endloop
  endfacet
  facet normal 0 0 -1
    outer loop
      vertex -29.4 78.9 0
      vertex 79.8 79.8 0
      vertex -20.6 78.9 0
    endloop
  endfacet
  facet normal -0 0 -1
    outer loop
      vertex -29.4 -69.4 0
      vertex -30.6 -70.6 0
      vertex -30.6 -69.4 0
    endloop
  endfacet
  facet normal 0 0 -1
    outer loop
      vertex -29.4 -60.6 0
      vertex -30.6 -60.6 0
      vertex -29.4 -59.4 0
    endloop
  endfacet
  facet normal 0 0 -1
    outer loop
      vertex -30.6 -50.6 0
      vertex -29.4 -50.6 0
      vertex -30.6 -59.4 0
    endloop
  endfacet
  facet normal 0 0 -1
    outer loop
      vertex -29.4 -49.4 0
      vertex -30.6 -49.4 0
      vertex -29.4 -40.6 0
    endloop
  endfacet
  facet normal 0 0 -1
    outer loop
      vertex -30.6 -39.4 0
      vertex -29.4 -39.4 0
      vertex -30.6 -40.6 0
    endloop
  endfacet
  facet normal 0 0 -1
    outer loop
      vertex -29.4 -30.6 0
      vertex -30.6 -30.6 0
      vertex -29.4 -29.4 0
    endloop
  endfacet
  facet normal 0 0 -1
    outer loop
      vertex -29.4 -29.4 0
      vertex -30.6 -29.4 0
      vertex -29.4 -20.6 0
    endloop
  endfacet
  facet normal 0 0 -1
    outer loop
      vertex -29.4 -20.6 0
      vertex -30.6 -20.6 0
      vertex -29.4 -19.4 0
    endloop
  endfacet
  facet normal 0 0 -1
    outer loop
      vertex -30.6 -10.6 0
      vertex -29.4 -10.6 0
      vertex -30.6 -19.4 0
    endloop
  endfacet
  facet normal 0 0 -1
    outer loop
      vertex -29.4 -9.39999 0
      vertex -30.6 -9.39999 0
      vertex -29.4 -0.599991 0
    endloop
  endfacet
  facet normal 0 0 -1
    outer loop
      vertex -30.6 29.4 0
      vertex -29.4 29.4 0
      vertex -30.6 20.6 0
    endloop
  endfacet
  facet normal 0 0 -1
    outer loop
      vertex -29.4 29.4 0
      vertex -30.6 29.4 0
      vertex -29.4 30.6 0
    endloop
  endfacet
  facet normal 0 0 -1
    outer loop
      vertex -30.6 30.6 0
      vertex -29.4 30.6 0
      vertex -30.6 29.4 0
    endloop
  endfacet
  facet normal 0 0 -1
    outer loop
      vertex -29.4 30.6 0
      vertex -30.6 30.6 0
      vertex -29.4 39.4 0
    endloop
  endfacet
  facet normal 0 0 -1
    outer loop
      vertex -30.6 39.4 0
      vertex -29.4 39.4 0
      vertex -30.6 30.6 0
    endloop
  endfacet
  facet normal 0 0 -1
    outer loop
      vertex -29.4 39.4 0
      vertex -30.6 39.4 0
      vertex -29.4 40.6 0
    endloop
  endfacet
  facet normal 0 0 -1
    outer loop
      vertex -30.6 40.6 0
      vertex -29.4 40.6 0
      vertex -30.6 39.4 0
    endloop
  endfacet
  facet normal 0 0 -1
    outer loop
      vertex -29.4 40.6 0
      vertex -30.6 40.6 0
      vertex -29.4 49.4 0
    endloop
  endfacet
  facet normal 0 0 -1
    outer loop
      vertex -30.6 49.4 0
      vertex -29.4 49.4 0
      vertex -30.6 40.6 0
    endloop
  endfacet
  facet normal 0 0 -1
    outer loop
      vertex -29.4 49.4 0
      vertex -30.6 49.4 0
      vertex -29.4 50.6 0
    endloop
  endfacet
  facet normal 0 0 -1
    outer loop
      vertex -30.6 50.6 0
      vertex -29.4 50.6 0
      vertex -30.6 49.4 0
    endloop
  endfacet
  facet normal 0 0 -1
    outer loop
      vertex -29.4 50.6 0
      vertex -30.6 50.6 0
      vertex -29.4 59.4 0
    endloop
  endfacet
  facet normal 0 0 -1
    outer loop
      vertex -30.6 59.4 0
      vertex -29.4 59.4 0
      vertex -30.6 50.6 0
    endloop
  endfacet
  facet normal 0 0 -1
    outer loop
      vertex -29.4 59.4 0
      vertex -30.6 59.4 0
      vertex -29.4 60.6 0
    endloop
  endfacet
  facet normal 0 0 -1
    outer loop
      vertex -30.6 60.6 0
      vertex -29.4 60.6 0
      vertex -30.6 59.4 0
    endloop
  endfacet
  facet normal 0 0 -1
    outer loop
      vertex -29.4 60.6 0
      vertex -30.6 60.6 0
      vertex -29.4 69.4 0
    endloop
  endfacet
  facet normal 0 0 -1
    outer loop
      vertex -30.6 69.4 0
      vertex -29.4 69.4 0
      vertex -30.6 60.6 0
    endloop
  endfacet
  facet normal 0 0 -1
    outer loop
      vertex -29.4 69.4 0
      vertex -30.6 69.4 0
      vertex -29.4 70.6 0
    endloop
  endfacet
  facet normal 0 0 -1
    outer loop
      vertex -30.6 70.6 0
      vertex -29.4 70.6 0
      vertex -30.6 69.4 0
    endloop
  endfacet
  facet normal 0 0 -1
    outer loop
      vertex -29.4 70.6 0
      vertex -30.6 70.6 0
      vertex -29.4 78.9 0
    endloop
  endfacet
  facet normal 0 0 -1
    outer loop
      vertex -30.6 78.9 0
      vertex -29.4 78.9 0
      vertex -30.6 70.6 0
    endloop
  endfacet
  facet normal 0 0 -1
    outer loop
      vertex -79.8 79.8 0
      vertex -29.4 78.9 0
      vertex -30.6 78.9 0
    endloop
  endfacet
  facet normal 0 0 -1
    outer loop
      vertex -79.8 79.8 0
      vertex -30.6 78.9 0
      vertex -39.4 78.9 0
    endloop
  endfacet
  facet normal -0 0 -1
    outer loop
      vertex -39.4 -69.4 0
      vertex -40.6 -70.6 0
      vertex -40.6 -69.4 0
    endloop
  endfacet
  facet normal 0 0 -1
    outer loop
      vertex -39.4 -60.6 0
      vertex -40.6 -60.6 0
      vertex -39.4 -59.4 0
    endloop
  endfacet
  facet normal 0 0 -1
    outer loop
      vertex -40.6 -50.6 0
      vertex -39.4 -50.6 0
      vertex -40.6 -59.4 0
    endloop
  endfacet
  facet normal 0 0 -1
    outer loop
      vertex -39.4 -49.4 0
      vertex -40.6 -49.4 0
      vertex -39.4 -40.6 0
    endloop
  endfacet
  facet normal 0 0 -1
    outer loop
      vertex -40.6 -39.4 0
      vertex -39.4 -39.4 0
      vertex -40.6 -40.6 0
    endloop
  endfacet
  facet normal 0 0 -1
    outer loop
      vertex -39.4 -30.6 0
      vertex -40.6 -30.6 0
      vertex -39.4 -29.4 0
    endloop
  endfacet
  facet normal 0 0 -1
    outer loop
      vertex -39.4 -29.4 0
      vertex -40.6 -29.4 0
      vertex -39.4 -20.6 0
    endloop
  endfacet
  facet normal 0 0 -1
    outer loop
      vertex -39.4 -20.6 0
      vertex -40.6 -20.6 0
      vertex -39.4 -19.4 0
    endloop
  endfacet
  facet normal 0 0 -1
    outer loop
      vertex -40.6 -10.6 0
      vertex -39.4 -10.6 0
      vertex -40.6 -19.4 0
    endloop
  endfacet
  facet normal 0 0 -1
    outer loop
      vertex -39.4 -9.39999 0
      vertex -40.6 -9.39999 0
      vertex -39.4 -0.599991 0
    endloop
  endfacet
  facet normal 0 0 -1
    outer loop
      vertex -40.6 29.4 0
      vertex -39.4 29.4 0
      vertex -40.6 20.6 0
    endloop
  endfacet
  facet normal 0 0 -1
    outer loop
      vertex -39.4 29.4 0
      vertex -40.6 29.4 0
      vertex -39.4 30.6 0
    endloop
  endfacet
  facet normal 0 0 -1
    outer loop
      vertex -40.6 30.6 0
      vertex -39.4 30.6 0
      vertex -40.6 29.4 0
    endloop
  endfacet
  facet normal 0 0 -1
    outer loop
      vertex -39.4 30.6 0
      vertex -40.6 30.6 0
      vertex -39.4 39.4 0
    endloop
  endfacet
  facet normal 0 0 -1
    outer loop
      vertex -40.6 39.4 0
      vertex -39.4 39.4 0
      vertex -40.6 30.6 0
    endloop
  endfacet
  facet normal 0 0 -1
    outer loop
      vertex -39.4 39.4 0
      vertex -40.6 39.4 0
      vertex -39.4 40.6 0
    endloop
  endfacet
  facet normal 0 0 -1
    outer loop
      vertex -40.6 40.6 0
      vertex -39.4 40.6 0
      vertex -40.6 39.4 0
    endloop
  endfacet
  facet normal 0 0 -1
    outer loop
      vertex -39.4 40.6 0
      vertex -40.6 40.6 0
      vertex -39.4 49.4 0
    endloop
  endfacet
  facet normal 0 0 -1
    outer loop
      vertex -40.6 49.4 0
      vertex -39.4 49.4 0
      vertex -40.6 40.6 0
    endloop
  endfacet
  facet normal 0 0 -1
    outer loop
      vertex -39.4 49.4 0
      vertex -40.6 49.4 0
      vertex -39.4 50.6 0
    endloop
  endfacet
  facet normal 0 0 -1
    outer loop
      vertex -40.6 50.6 0
      vertex -39.4 50.6 0
      vertex -40.6 49.4 0
    endloop
  endfacet
  facet normal 0 0 -1
    outer loop
      vertex -39.4 50.6 0
      vertex -40.6 50.6 0
      vertex -39.4 59.4 0
    endloop
  endfacet
  facet normal 0 0 -1
    outer loop
      vertex -40.6 59.4 0
      vertex -39.4 59.4 0
      vertex -40.6 50.6 0
    endloop
  endfacet
  facet normal 0 0 -1
    outer loop
      vertex -39.4 59.4 0
      vertex -40.6 59.4 0
      vertex -39.4 60.6 0
    endloop
  endfacet
  facet normal 0 0 -1
    outer loop
      vertex -40.6 60.6 0
      vertex -39.4 60.6 0
      vertex -40.6 59.4 0
    endloop
  endfacet
  facet normal 0 0 -1
    outer loop
      vertex -39.4 60.6 0
      vertex -40.6 60.6 0
      vertex -39.4 69.4 0
    endloop
  endfacet
  facet normal 0 0 -1
    outer loop
      vertex -40.6 69.4 0
      vertex -39.4 69.4 0
      vertex -40.6 60.6 0
    endloop
  endfacet
  facet normal 0 0 -1
    outer loop
      vertex -39.4 69.4 0
      vertex -40.6 69.4 0
      vertex -39.4 70.6 0
    endloop
  endfacet
  facet normal 0 0 -1
    outer loop
      vertex -40.6 70.6 0
      vertex -39.4 70.6 0
      vertex -40.6 69.4 0
    endloop
  endfacet
  facet normal 0 0 -1
    outer loop
      vertex -39.4 70.6 0
      vertex -40.6 70.6 0
      vertex -39.4 78.9 0
    endloop
  endfacet
  facet normal 0 0 -1
    outer loop
      vertex -40.6 78.9 0
      vertex -39.4 78.9 0
      vertex -40.6 70.6 0
    endloop
  endfacet
  facet normal 0 0 -1
    outer loop
      vertex -79.8 79.8 0
      vertex -39.4 78.9 0
      vertex -40.6 78.9 0
    endloop
  endfacet
  facet normal 0 0 -1
    outer loop
      vertex -79.8 79.8 0
      vertex -40.6 78.9 0
      vertex -49.4 78.9 0
    endloop
  endfacet
  facet normal -0 0 -1
    outer loop
      vertex -49.4 -69.4 0
      vertex -50.6 -70.6 0
      vertex -50.6 -69.4 0
    endloop
  endfacet
  facet normal 0 0 -1
    outer loop
      vertex -49.4 -60.6 0
      vertex -50.6 -60.6 0
      vertex -49.4 -59.4 0
    endloop
  endfacet
  facet normal 0 0 -1
    outer loop
      vertex -50.6 -50.6 0
      vertex -49.4 -50.6 0
      vertex -50.6 -59.4 0
    endloop
  endfacet
  facet normal 0 0 -1
    outer loop
      vertex -49.4 -49.4 0
      vertex -50.6 -49.4 0
      vertex -49.4 -40.6 0
    endloop
  endfacet
  facet normal 0 0 -1
    outer loop
      vertex -50.6 -39.4 0
      vertex -49.4 -39.4 0
      vertex -50.6 -40.6 0
    endloop
  endfacet
  facet normal 0 0 -1
    outer loop
      vertex -49.4 -30.6 0
      vertex -50.6 -30.6 0
      vertex -49.4 -29.4 0
    endloop
  endfacet
  facet normal 0 0 -1
    outer loop
      vertex -49.4 -29.4 0
      vertex -50.6 -29.4 0
      vertex -49.4 -20.6 0
    endloop
  endfacet
  facet normal 0 0 -1
    outer loop
      vertex -49.4 -20.6 0
      vertex -50.6 -20.6 0
      vertex -49.4 -19.4 0
    endloop
  endfacet
  facet normal 0 0 -1
    outer loop
      vertex -50.6 -10.6 0
      vertex -49.4 -10.6 0
      vertex -50.6 -19.4 0
    endloop
  endfacet
  facet normal 0 0 -1
    outer loop
      vertex -49.4 -9.39999 0
      vertex -50.6 -9.39999 0
      vertex -49.4 -0.599991 0
    endloop
  endfacet
  facet normal 0 0 -1
    outer loop
      vertex -50.6 29.4 0
      vertex -49.4 29.4 0
      vertex -50.6 20.6 0
    endloop
  endfacet
  facet normal 0 0 -1
    outer loop
      vertex -49.4 29.4 0
      vertex -50.6 29.4 0
      vertex -49.4 30.6 0
    endloop
  endfacet
  facet normal 0 0 -1
    outer loop
      vertex -50.6 30.6 0
      vertex -49.4 30.6 0
      vertex -50.6 29.4 0
    endloop
  endfacet
  facet normal 0 0 -1
    outer loop
      vertex -49.4 30.6 0
      vertex -50.6 30.6 0
      vertex -49.4 39.4 0
    endloop
  endfacet
  facet normal 0 0 -1
    outer loop
      vertex -50.6 39.4 0
      vertex -49.4 39.4 0
      vertex -50.6 30.6 0
    endloop
  endfacet
  facet normal 0 0 -1
    outer loop
      vertex -49.4 39.4 0
      vertex -50.6 39.4 0
      vertex -49.4 40.6 0
    endloop
  endfacet
  facet normal 0 0 -1
    outer loop
      vertex -50.6 40.6 0
      vertex -49.4 40.6 0
      vertex -50.6 39.4 0
    endloop
  endfacet
  facet normal 0 0 -1
    outer loop
      vertex -49.4 40.6 0
      vertex -50.6 40.6 0
      vertex -49.4 49.4 0
    endloop
  endfacet
  facet normal 0 0 -1
    outer loop
      vertex -50.6 49.4 0
      vertex -49.4 49.4 0
      vertex -50.6 40.6 0
    endloop
  endfacet
  facet normal 0 0 -1
    outer loop
      vertex -49.4 49.4 0
      vertex -50.6 49.4 0
      vertex -49.4 50.6 0
    endloop
  endfacet
  facet normal 0 0 -1
    outer loop
      vertex -50.6 50.6 0
      vertex -49.4 50.6 0
      vertex -50.6 49.4 0
    endloop
  endfacet
  facet normal 0 0 -1
    outer loop
      vertex -49.4 50.6 0
      vertex -50.6 50.6 0
      vertex -49.4 59.4 0
    endloop
  endfacet
  facet normal 0 0 -1
    outer loop
      vertex -50.6 59.4 0
      vertex -49.4 59.4 0
      vertex -50.6 50.6 0
    endloop
  endfacet
  facet normal 0 0 -1
    outer loop
      vertex -49.4 59.4 0
      vertex -50.6 59.4 0
      vertex -49.4 60.6 0
    endloop
  endfacet
  facet normal 0 0 -1
    outer loop
      vertex -50.6 60.6 0
      vertex -49.4 60.6 0
      vertex -50.6 59.4 0
    endloop
  endfacet
  facet normal 0 0 -1
    outer loop
      vertex -49.4 60.6 0
      vertex -50.6 60.6 0
      vertex -49.4 69.4 0
    endloop
  endfacet
  facet normal 0 0 -1
    outer loop
      vertex -50.6 69.4 0
      vertex -49.4 69.4 0
      vertex -50.6 60.6 0
    endloop
  endfacet
  facet normal 0 0 -1
    outer loop
      vertex -49.4 69.4 0
      vertex -50.6 69.4 0
      vertex -49.4 70.6 0
    endloop
  endfacet
  facet normal 0 0 -1
    outer loop
      vertex -50.6 70.6 0
      vertex -49.4 70.6 0
      vertex -50.6 69.4 0
    endloop
  endfacet
  facet normal 0 0 -1
    outer loop
      vertex -49.4 70.6 0
      vertex -50.6 70.6 0
      vertex -49.4 78.9 0
    endloop
  endfacet
  facet normal 0 0 -1
    outer loop
      vertex -50.6 78.9 0
      vertex -49.4 78.9 0
      vertex -50.6 70.6 0
    endloop
  endfacet
  facet normal 0 0 -1
    outer loop
      vertex -79.8 79.8 0
      vertex -49.4 78.9 0
      vertex -50.6 78.9 0
    endloop
  endfacet
  facet normal 0 0 -1
    outer loop
      vertex -79.8 79.8 0
      vertex -50.6 78.9 0
      vertex -59.4 78.9 0
    endloop
  endfacet
  facet normal -0 0 -1
    outer loop
      vertex -59.4 -69.4 0
      vertex -60.6 -70.6 0
      vertex -60.6 -69.4 0
    endloop
  endfacet
  facet normal 0 0 -1
    outer loop
      vertex -59.4 -60.6 0
      vertex -60.6 -60.6 0
      vertex -59.4 -59.4 0
    endloop
  endfacet
  facet normal 0 0 -1
    outer loop
      vertex -60.6 -50.6 0
      vertex -59.4 -50.6 0
      vertex -60.6 -59.4 0
    endloop
  endfacet
  facet normal 0 0 -1
    outer loop
      vertex -59.4 -49.4 0
      vertex -60.6 -49.4 0
      vertex -59.4 -40.6 0
    endloop
  endfacet
  facet normal 0 0 -1
    outer loop
      vertex -60.6 -39.4 0
      vertex -59.4 -39.4 0
      vertex -60.6 -40.6 0
    endloop
  endfacet
  facet normal 0 0 -1
    outer loop
      vertex -59.4 -30.6 0
      vertex -60.6 -30.6 0
      vertex -59.4 -29.4 0
    endloop
  endfacet
  facet normal 0 0 -1
    outer loop
      vertex -59.4 -29.4 0
      vertex -60.6 -29.4 0
      vertex -59.4 -20.6 0
    endloop
  endfacet
  facet normal 0 0 -1
    outer loop
      vertex -59.4 -20.6 0
      vertex -60.6 -20.6 0
      vertex -59.4 -19.4 0
    endloop
  endfacet
  facet normal 0 0 -1
    outer loop
      vertex -60.6 -10.6 0
      vertex -59.4 -10.6 0
      vertex -60.6 -19.4 0
    endloop
  endfacet
  facet normal 0 0 -1
    outer loop
      vertex -59.4 -9.39999 0
      vertex -60.6 -9.39999 0
      vertex -59.4 -0.599991 0
    endloop
  endfacet
  facet normal 0 0 -1
    outer loop
      vertex -60.6 29.4 0
      vertex -59.4 29.4 0
      vertex -60.6 20.6 0
    endloop
  endfacet
  facet normal 0 0 -1
    outer loop
      vertex -59.4 29.4 0
      vertex -60.6 29.4 0
      vertex -59.4 30.6 0
    endloop
  endfacet
  facet normal 0 0 -1
    outer loop
      vertex -60.6 30.6 0
      vertex -59.4 30.6 0
      vertex -60.6 29.4 0
    endloop
  endfacet
  facet normal 0 0 -1
    outer loop
      vertex -59.4 30.6 0
      vertex -60.6 30.6 0
      vertex -59.4 39.4 0
    endloop
  endfacet
  facet normal 0 0 -1
    outer loop
      vertex -60.6 39.4 0
      vertex -59.4 39.4 0
      vertex -60.6 30.6 0
    endloop
  endfacet
  facet normal 0 0 -1
    outer loop
      vertex -59.4 39.4 0
      vertex -60.6 39.4 0
      vertex -59.4 40.6 0
    endloop
  endfacet
  facet normal 0 0 -1
    outer loop
      vertex -60.6 40.6 0
      vertex -59.4 40.6 0
      vertex -60.6 39.4 0
    endloop
  endfacet
  facet normal 0 0 -1
    outer loop
      vertex -59.4 40.6 0
      vertex -60.6 40.6 0
      vertex -59.4 49.4 0
    endloop
  endfacet
  facet normal 0 0 -1
    outer loop
      vertex -60.6 49.4 0
      vertex -59.4 49.4 0
      vertex -60.6 40.6 0
    endloop
  endfacet
  facet normal 0 0 -1
    outer loop
      vertex -59.4 49.4 0
      vertex -60.6 49.4 0
      vertex -59.4 50.6 0
    endloop
  endfacet
  facet normal 0 0 -1
    outer loop
      vertex -60.6 50.6 0
      vertex -59.4 50.6 0
      vertex -60.6 49.4 0
    endloop
  endfacet
  facet normal 0 0 -1
    outer loop
      vertex -59.4 50.6 0
      vertex -60.6 50.6 0
      vertex -59.4 59.4 0
    endloop
  endfacet
  facet normal 0 0 -1
    outer loop
      vertex -60.6 59.4 0
      vertex -59.4 59.4 0
      vertex -60.6 50.6 0
    endloop
  endfacet
  facet normal 0 0 -1
    outer loop
      vertex -59.4 59.4 0
      vertex -60.6 59.4 0
      vertex -59.4 60.6 0
    endloop
  endfacet
  facet normal 0 0 -1
    outer loop
      vertex -60.6 60.6 0
      vertex -59.4 60.6 0
      vertex -60.6 59.4 0
    endloop
  endfacet
  facet normal 0 0 -1
    outer loop
      vertex -59.4 60.6 0
      vertex -60.6 60.6 0
      vertex -59.4 69.4 0
    endloop
  endfacet
  facet normal 0 0 -1
    outer loop
      vertex -60.6 69.4 0
      vertex -59.4 69.4 0
      vertex -60.6 60.6 0
    endloop
  endfacet
  facet normal 0 0 -1
    outer loop
      vertex -59.4 69.4 0
      vertex -60.6 69.4 0
      vertex -59.4 70.6 0
    endloop
  endfacet
  facet normal 0 0 -1
    outer loop
      vertex -60.6 70.6 0
      vertex -59.4 70.6 0
      vertex -60.6 69.4 0
    endloop
  endfacet
  facet normal 0 0 -1
    outer loop
      vertex -59.4 70.6 0
      vertex -60.6 70.6 0
      vertex -59.4 78.9 0
    endloop
  endfacet
  facet normal 0 0 -1
    outer loop
      vertex -60.6 78.9 0
      vertex -59.4 78.9 0
      vertex -60.6 70.6 0
    endloop
  endfacet
  facet normal 0 0 -1
    outer loop
      vertex -79.8 79.8 0
      vertex -59.4 78.9 0
      vertex -60.6 78.9 0
    endloop
  endfacet
  facet normal 0 0 -1
    outer loop
      vertex -79.8 79.8 0
      vertex -60.6 78.9 0
      vertex -69.4 78.9 0
    endloop
  endfacet
  facet normal -0 0 -1
    outer loop
      vertex -69.4 -69.4 0
      vertex -70.6 -70.6 0
      vertex -70.6 -69.4 0
    endloop
  endfacet
  facet normal 0 0 -1
    outer loop
      vertex -69.4 -60.6 0
      vertex -70.6 -60.6 0
      vertex -69.4 -59.4 0
    endloop
  endfacet
  facet normal 0 0 -1
    outer loop
      vertex -70.6 -50.6 0
      vertex -69.4 -50.6 0
      vertex -70.6 -59.4 0
    endloop
  endfacet
  facet normal 0 0 -1
    outer loop
      vertex -69.4 -49.4 0
      vertex -70.6 -49.4 0
      vertex -69.4 -40.6 0
    endloop
  endfacet
  facet normal 0 0 -1
    outer loop
      vertex -70.6 -39.4 0
      vertex -69.4 -39.4 0
      vertex -70.6 -40.6 0
    endloop
  endfacet
  facet normal 0 0 -1
    outer loop
      vertex -69.4 -30.6 0
      vertex -70.6 -30.6 0
      vertex -69.4 -29.4 0
    endloop
  endfacet
  facet normal 0 0 -1
    outer loop
      vertex -69.4 -29.4 0
      vertex -70.6 -29.4 0
      vertex -69.4 -20.6 0
    endloop
  endfacet
  facet normal 0 0 -1
    outer loop
      vertex -69.4 -20.6 0
      vertex -70.6 -20.6 0
      vertex -69.4 -19.4 0
    endloop
  endfacet
  facet normal 0 0 -1
    outer loop
      vertex -70.6 -10.6 0
      vertex -69.4 -10.6 0
      vertex -70.6 -19.4 0
    endloop
  endfacet
  facet normal 0 0 -1
    outer loop
      vertex -69.4 -9.39999 0
      vertex -70.6 -9.39999 0
      vertex -69.4 -0.599991 0
    endloop
  endfacet
  facet normal 0 0 -1
    outer loop
      vertex -70.6 29.4 0
      vertex -69.4 29.4 0
      vertex -70.6 20.6 0
    endloop
  endfacet
  facet normal 0 0 -1
    outer loop
      vertex -69.4 29.4 0
      vertex -70.6 29.4 0
      vertex -69.4 30.6 0
    endloop
  endfacet
  facet normal 0 0 -1
    outer loop
      vertex -70.6 30.6 0
      vertex -69.4 30.6 0
      vertex -70.6 29.4 0
    endloop
  endfacet
  facet normal 0 0 -1
    outer loop
      vertex -69.4 30.6 0
      vertex -70.6 30.6 0
      vertex -69.4 39.4 0
    endloop
  endfacet
  facet normal 0 0 -1
    outer loop
      vertex -70.6 39.4 0
      vertex -69.4 39.4 0
      vertex -70.6 30.6 0
    endloop
  endfacet
  facet normal 0 0 -1
    outer loop
      vertex -69.4 39.4 0
      vertex -70.6 39.4 0
      vertex -69.4 40.6 0
    endloop
  endfacet
  facet normal 0 0 -1
    outer loop
      vertex -70.6 40.6 0
      vertex -69.4 40.6 0
      vertex -70.6 39.4 0
    endloop
  endfacet
  facet normal 0 0 -1
    outer loop
      vertex -69.4 40.6 0
      vertex -70.6 40.6 0
      vertex -69.4 49.4 0
    endloop
  endfacet
  facet normal 0 0 -1
    outer loop
      vertex -70.6 49.4 0
      vertex -69.4 49.4 0
      vertex -70.6 40.6 0
    endloop
  endfacet
  facet normal 0 0 -1
    outer loop
      vertex -69.4 49.4 0
      vertex -70.6 49.4 0
      vertex -69.4 50.6 0
    endloop
  endfacet
  facet normal 0 0 -1
    outer loop
      vertex -70.6 50.6 0
      vertex -69.4 50.6 0
      vertex -70.6 49.4 0
    endloop
  endfacet
  facet normal 0 0 -1
    outer loop
      vertex -69.4 50.6 0
      vertex -70.6 50.6 0
      vertex -69.4 59.4 0
    endloop
  endfacet
  facet normal 0 0 -1
    outer loop
      vertex -70.6 59.4 0
      vertex -69.4 59.4 0
      vertex -70.6 50.6 0
    endloop
  endfacet
  facet normal 0 0 -1
    outer loop
      vertex -69.4 59.4 0
      vertex -70.6 59.4 0
      vertex -69.4 60.6 0
    endloop
  endfacet
  facet normal 0 0 -1
    outer loop
      vertex -70.6 60.6 0
      vertex -69.4 60.6 0
      vertex -70.6 59.4 0
    endloop
  endfacet
  facet normal 0 0 -1
    outer loop
      vertex -69.4 60.6 0
      vertex -70.6 60.6 0
      vertex -69.4 69.4 0
    endloop
  endfacet
  facet normal 0 0 -1
    outer loop
      vertex -70.6 69.4 0
      vertex -69.4 69.4 0
      vertex -70.6 60.6 0
    endloop
  endfacet
  facet normal 0 0 -1
    outer loop
      vertex -69.4 69.4 0
      vertex -70.6 69.4 0
      vertex -69.4 70.6 0
    endloop
  endfacet
  facet normal 0 0 -1
    outer loop
      vertex -70.6 70.6 0
      vertex -69.4 70.6 0
      vertex -70.6 69.4 0
    endloop
  endfacet
  facet normal 0 0 -1
    outer loop
      vertex -69.4 70.6 0
      vertex -70.6 70.6 0
      vertex -69.4 78.9 0
    endloop
  endfacet
  facet normal 0 0 -1
    outer loop
      vertex -70.6 78.9 0
      vertex -69.4 78.9 0
      vertex -70.6 70.6 0
    endloop
  endfacet
  facet normal 0 0 -1
    outer loop
      vertex -79.8 79.8 0
      vertex -69.4 78.9 0
      vertex -70.6 78.9 0
    endloop
  endfacet
  facet normal 0 0 -1
    outer loop
      vertex -79.8 79.8 0
      vertex -70.6 78.9 0
      vertex -78.9 78.9 0
    endloop
  endfacet
  facet normal 0 0 -1
    outer loop
      vertex -29.4 78.9 0
      vertex -79.8 79.8 0
      vertex 79.8 79.8 0
    endloop
  endfacet
  facet normal 0 0 -1
    outer loop
      vertex -78.9 70.6 0
      vertex -79.8 79.8 0
      vertex -78.9 78.9 0
    endloop
  endfacet
  facet normal -0 0 1
    outer loop
      vertex -78.9 -69.4 11.4
      vertex -70.6 -70.6 11.4
      vertex -70.6 -69.4 11.4
    endloop
  endfacet
  facet normal 0 0 1
    outer loop
      vertex -70.6 -70.6 11.4
      vertex -78.9 -69.4 11.4
      vertex -78.9 -70.6 11.4
    endloop
  endfacet
  facet normal -0 0 1
    outer loop
      vertex -78.9 -59.4 11.4
      vertex -70.6 -60.6 11.4
      vertex -70.6 -59.4 11.4
    endloop
  endfacet
  facet normal 0 0 1
    outer loop
      vertex -70.6 -60.6 11.4
      vertex -78.9 -59.4 11.4
      vertex -78.9 -60.6 11.4
    endloop
  endfacet
  facet normal -0 0 1
    outer loop
      vertex -78.9 -49.4 11.4
      vertex -70.6 -50.6 11.4
      vertex -70.6 -49.4 11.4
    endloop
  endfacet
  facet normal 0 0 1
    outer loop
      vertex -70.6 -50.6 11.4
      vertex -78.9 -49.4 11.4
      vertex -78.9 -50.6 11.4
    endloop
  endfacet
  facet normal -0 0 1
    outer loop
      vertex -78.9 -39.4 11.4
      vertex -70.6 -40.6 11.4
      vertex -70.6 -39.4 11.4
    endloop
  endfacet
  facet normal 0 0 1
    outer loop
      vertex -70.6 -40.6 11.4
      vertex -78.9 -39.4 11.4
      vertex -78.9 -40.6 11.4
    endloop
  endfacet
  facet normal -0 0 1
    outer loop
      vertex -78.9 -29.4 11.4
      vertex -70.6 -30.6 11.4
      vertex -70.6 -29.4 11.4
    endloop
  endfacet
  facet normal 0 0 1
    outer loop
      vertex -70.6 -30.6 11.4
      vertex -78.9 -29.4 11.4
      vertex -78.9 -30.6 11.4
    endloop
  endfacet
  facet normal -0 0 1
    outer loop
      vertex -78.9 -19.4 11.4
      vertex -70.6 -20.6 11.4
      vertex -70.6 -19.4 11.4
    endloop
  endfacet
  facet normal 0 0 1
    outer loop
      vertex -70.6 -20.6 11.4
      vertex -78.9 -19.4 11.4
      vertex -78.9 -20.6 11.4
    endloop
  endfacet
  facet normal -0 0 1
    outer loop
      vertex -78.9 -9.39999 11.4
      vertex -70.6 -10.6 11.4
      vertex -70.6 -9.39999 11.4
    endloop
  endfacet
  facet normal 0 0 1
    outer loop
      vertex -70.6 -10.6 11.4
      vertex -78.9 -9.39999 11.4
      vertex -78.9 -10.6 11.4
    endloop
  endfacet
  facet normal -0 0 1
    outer loop
      vertex -78.9 0.599991 11.4
      vertex -70.6 -0.599991 11.4
      vertex -70.6 0.599991 11.4
    endloop
  endfacet
  facet normal 0 0 1
    outer loop
      vertex -70.6 -0.599991 11.4
      vertex -78.9 0.599991 11.4
      vertex -78.9 -0.599991 11.4
    endloop
  endfacet
  facet normal -0 0 1
    outer loop
      vertex -78.9 10.6 11.4
      vertex -70.6 9.39999 11.4
      vertex -70.6 10.6 11.4
    endloop
  endfacet
  facet normal 0 0 1
    outer loop
      vertex -70.6 9.39999 11.4
      vertex -78.9 10.6 11.4
      vertex -78.9 9.39999 11.4
    endloop
  endfacet
  facet normal -0 0 1
    outer loop
      vertex -78.9 20.6 11.4
      vertex -70.6 19.4 11.4
      vertex -70.6 20.6 11.4
    endloop
  endfacet
  facet normal 0 0 1
    outer loop
      vertex -70.6 19.4 11.4
      vertex -78.9 20.6 11.4
      vertex -78.9 19.4 11.4
    endloop
  endfacet
  facet normal -0 0 1
    outer loop
      vertex -78.9 30.6 11.4
      vertex -70.6 29.4 11.4
      vertex -70.6 30.6 11.4
    endloop
  endfacet
  facet normal 0 0 1
    outer loop
      vertex -70.6 29.4 11.4
      vertex -78.9 30.6 11.4
      vertex -78.9 29.4 11.4
    endloop
  endfacet
  facet normal -0 0 1
    outer loop
      vertex -78.9 40.6 11.4
      vertex -70.6 39.4 11.4
      vertex -70.6 40.6 11.4
    endloop
  endfacet
  facet normal 0 0 1
    outer loop
      vertex -70.6 39.4 11.4
      vertex -78.9 40.6 11.4
      vertex -78.9 39.4 11.4
    endloop
  endfacet
  facet normal -0 0 1
    outer loop
      vertex -78.9 50.6 11.4
      vertex -70.6 49.4 11.4
      vertex -70.6 50.6 11.4
    endloop
  endfacet
  facet normal 0 0 1
    outer loop
      vertex -70.6 49.4 11.4
      vertex -78.9 50.6 11.4
      vertex -78.9 49.4 11.4
    endloop
  endfacet
  facet normal -0 0 1
    outer loop
      vertex -78.9 60.6 11.4
      vertex -70.6 59.4 11.4
      vertex -70.6 60.6 11.4
    endloop
  endfacet
  facet normal 0 0 1
    outer loop
      vertex -70.6 59.4 11.4
      vertex -78.9 60.6 11.4
      vertex -78.9 59.4 11.4
    endloop
  endfacet
  facet normal -0 0 1
    outer loop
      vertex -78.9 70.6 11.4
      vertex -70.6 69.4 11.4
      vertex -70.6 70.6 11.4
    endloop
  endfacet
  facet normal 0 0 1
    outer loop
      vertex -70.6 69.4 11.4
      vertex -78.9 70.6 11.4
      vertex -78.9 69.4 11.4
    endloop
  endfacet
  facet normal -0 0 1
    outer loop
      vertex -69.4 -69.4 11.4
      vertex -60.6 -70.6 11.4
      vertex -60.6 -69.4 11.4
    endloop
  endfacet
  facet normal 0 0 1
    outer loop
      vertex -60.6 -70.6 11.4
      vertex -69.4 -69.4 11.4
      vertex -69.4 -70.6 11.4
    endloop
  endfacet
  facet normal -0 0 1
    outer loop
      vertex -69.4 -59.4 11.4
      vertex -60.6 -60.6 11.4
      vertex -60.6 -59.4 11.4
    endloop
  endfacet
  facet normal 0 0 1
    outer loop
      vertex -60.6 -60.6 11.4
      vertex -69.4 -59.4 11.4
      vertex -69.4 -60.6 11.4
    endloop
  endfacet
  facet normal -0 0 1
    outer loop
      vertex -69.4 -49.4 11.4
      vertex -60.6 -50.6 11.4
      vertex -60.6 -49.4 11.4
    endloop
  endfacet
  facet normal 0 0 1
    outer loop
      vertex -60.6 -50.6 11.4
      vertex -69.4 -49.4 11.4
      vertex -69.4 -50.6 11.4
    endloop
  endfacet
  facet normal -0 0 1
    outer loop
      vertex -69.4 -39.4 11.4
      vertex -60.6 -40.6 11.4
      vertex -60.6 -39.4 11.4
    endloop
  endfacet
  facet normal 0 0 1
    outer loop
      vertex -60.6 -40.6 11.4
      vertex -69.4 -39.4 11.4
      vertex -69.4 -40.6 11.4
    endloop
  endfacet
  facet normal -0 0 1
    outer loop
      vertex -69.4 -29.4 11.4
      vertex -60.6 -30.6 11.4
      vertex -60.6 -29.4 11.4
    endloop
  endfacet
  facet normal 0 0 1
    outer loop
      vertex -60.6 -30.6 11.4
      vertex -69.4 -29.4 11.4
      vertex -69.4 -30.6 11.4
    endloop
  endfacet
  facet normal -0 0 1
    outer loop
      vertex -69.4 -19.4 11.4
      vertex -60.6 -20.6 11.4
      vertex -60.6 -19.4 11.4
    endloop
  endfacet
  facet normal 0 0 1
    outer loop
      vertex -60.6 -20.6 11.4
      vertex -69.4 -19.4 11.4
      vertex -69.4 -20.6 11.4
    endloop
  endfacet
  facet normal -0 0 1
    outer loop
      vertex -69.4 -9.39999 11.4
      vertex -60.6 -10.6 11.4
      vertex -60.6 -9.39999 11.4
    endloop
  endfacet
  facet normal 0 0 1
    outer loop
      vertex -60.6 -10.6 11.4
      vertex -69.4 -9.39999 11.4
      vertex -69.4 -10.6 11.4
    endloop
  endfacet
  facet normal -0 0 1
    outer loop
      vertex -69.4 0.599991 11.4
      vertex -60.6 -0.599991 11.4
      vertex -60.6 0.599991 11.4
    endloop
  endfacet
  facet normal 0 0 1
    outer loop
      vertex -60.6 -0.599991 11.4
      vertex -69.4 0.599991 11.4
      vertex -69.4 -0.599991 11.4
    endloop
  endfacet
  facet normal -0 0 1
    outer loop
      vertex -69.4 10.6 11.4
      vertex -60.6 9.39999 11.4
      vertex -60.6 10.6 11.4
    endloop
  endfacet
  facet normal 0 0 1
    outer loop
      vertex -60.6 9.39999 11.4
      vertex -69.4 10.6 11.4
      vertex -69.4 9.39999 11.4
    endloop
  endfacet
  facet normal -0 0 1
    outer loop
      vertex -69.4 20.6 11.4
      vertex -60.6 19.4 11.4
      vertex -60.6 20.6 11.4
    endloop
  endfacet
  facet normal 0 0 1
    outer loop
      vertex -60.6 19.4 11.4
      vertex -69.4 20.6 11.4
      vertex -69.4 19.4 11.4
    endloop
  endfacet
  facet normal -0 0 1
    outer loop
      vertex -69.4 30.6 11.4
      vertex -60.6 29.4 11.4
      vertex -60.6 30.6 11.4
    endloop
  endfacet
  facet normal 0 0 1
    outer loop
      vertex -60.6 29.4 11.4
      vertex -69.4 30.6 11.4
      vertex -69.4 29.4 11.4
    endloop
  endfacet
  facet normal -0 0 1
    outer loop
      vertex -69.4 40.6 11.4
      vertex -60.6 39.4 11.4
      vertex -60.6 40.6 11.4
    endloop
  endfacet
  facet normal 0 0 1
    outer loop
      vertex -60.6 39.4 11.4
      vertex -69.4 40.6 11.4
      vertex -69.4 39.4 11.4
    endloop
  endfacet
  facet normal -0 0 1
    outer loop
      vertex -69.4 50.6 11.4
      vertex -60.6 49.4 11.4
      vertex -60.6 50.6 11.4
    endloop
  endfacet
  facet normal 0 0 1
    outer loop
      vertex -60.6 49.4 11.4
      vertex -69.4 50.6 11.4
      vertex -69.4 49.4 11.4
    endloop
  endfacet
  facet normal -0 0 1
    outer loop
      vertex -69.4 60.6 11.4
      vertex -60.6 59.4 11.4
      vertex -60.6 60.6 11.4
    endloop
  endfacet
  facet normal 0 0 1
    outer loop
      vertex -60.6 59.4 11.4
      vertex -69.4 60.6 11.4
      vertex -69.4 59.4 11.4
    endloop
  endfacet
  facet normal -0 0 1
    outer loop
      vertex -69.4 70.6 11.4
      vertex -60.6 69.4 11.4
      vertex -60.6 70.6 11.4
    endloop
  endfacet
  facet normal 0 0 1
    outer loop
      vertex -60.6 69.4 11.4
      vertex -69.4 70.6 11.4
      vertex -69.4 69.4 11.4
    endloop
  endfacet
  facet normal -0 0 1
    outer loop
      vertex -59.4 -69.4 11.4
      vertex -50.6 -70.6 11.4
      vertex -50.6 -69.4 11.4
    endloop
  endfacet
  facet normal 0 0 1
    outer loop
      vertex -50.6 -70.6 11.4
      vertex -59.4 -69.4 11.4
      vertex -59.4 -70.6 11.4
    endloop
  endfacet
  facet normal -0 0 1
    outer loop
      vertex -59.4 -59.4 11.4
      vertex -50.6 -60.6 11.4
      vertex -50.6 -59.4 11.4
    endloop
  endfacet
  facet normal 0 0 1
    outer loop
      vertex -50.6 -60.6 11.4
      vertex -59.4 -59.4 11.4
      vertex -59.4 -60.6 11.4
    endloop
  endfacet
  facet normal -0 0 1
    outer loop
      vertex -59.4 -49.4 11.4
      vertex -50.6 -50.6 11.4
      vertex -50.6 -49.4 11.4
    endloop
  endfacet
  facet normal 0 0 1
    outer loop
      vertex -50.6 -50.6 11.4
      vertex -59.4 -49.4 11.4
      vertex -59.4 -50.6 11.4
    endloop
  endfacet
  facet normal -0 0 1
    outer loop
      vertex -59.4 -39.4 11.4
      vertex -50.6 -40.6 11.4
      vertex -50.6 -39.4 11.4
    endloop
  endfacet
  facet normal 0 0 1
    outer loop
      vertex -50.6 -40.6 11.4
      vertex -59.4 -39.4 11.4
      vertex -59.4 -40.6 11.4
    endloop
  endfacet
  facet normal -0 0 1
    outer loop
      vertex -59.4 -29.4 11.4
      vertex -50.6 -30.6 11.4
      vertex -50.6 -29.4 11.4
    endloop
  endfacet
  facet normal 0 0 1
    outer loop
      vertex -50.6 -30.6 11.4
      vertex -59.4 -29.4 11.4
      vertex -59.4 -30.6 11.4
    endloop
  endfacet
  facet normal -0 0 1
    outer loop
      vertex -59.4 -19.4 11.4
      vertex -50.6 -20.6 11.4
      vertex -50.6 -19.4 11.4
    endloop
  endfacet
  facet normal 0 0 1
    outer loop
      vertex -50.6 -20.6 11.4
      vertex -59.4 -19.4 11.4
      vertex -59.4 -20.6 11.4
    endloop
  endfacet
  facet normal -0 0 1
    outer loop
      vertex -59.4 -9.39999 11.4
      vertex -50.6 -10.6 11.4
      vertex -50.6 -9.39999 11.4
    endloop
  endfacet
  facet normal 0 0 1
    outer loop
      vertex -50.6 -10.6 11.4
      vertex -59.4 -9.39999 11.4
      vertex -59.4 -10.6 11.4
    endloop
  endfacet
  facet normal -0 0 1
    outer loop
      vertex -59.4 0.599991 11.4
      vertex -50.6 -0.599991 11.4
      vertex -50.6 0.599991 11.4
    endloop
  endfacet
  facet normal 0 0 1
    outer loop
      vertex -50.6 -0.599991 11.4
      vertex -59.4 0.599991 11.4
      vertex -59.4 -0.599991 11.4
    endloop
  endfacet
  facet normal -0 0 1
    outer loop
      vertex -59.4 10.6 11.4
      vertex -50.6 9.39999 11.4
      vertex -50.6 10.6 11.4
    endloop
  endfacet
  facet normal 0 0 1
    outer loop
      vertex -50.6 9.39999 11.4
      vertex -59.4 10.6 11.4
      vertex -59.4 9.39999 11.4
    endloop
  endfacet
  facet normal -0 0 1
    outer loop
      vertex -59.4 20.6 11.4
      vertex -50.6 19.4 11.4
      vertex -50.6 20.6 11.4
    endloop
  endfacet
  facet normal 0 0 1
    outer loop
      vertex -50.6 19.4 11.4
      vertex -59.4 20.6 11.4
      vertex -59.4 19.4 11.4
    endloop
  endfacet
  facet normal -0 0 1
    outer loop
      vertex -59.4 30.6 11.4
      vertex -50.6 29.4 11.4
      vertex -50.6 30.6 11.4
    endloop
  endfacet
  facet normal 0 0 1
    outer loop
      vertex -50.6 29.4 11.4
      vertex -59.4 30.6 11.4
      vertex -59.4 29.4 11.4
    endloop
  endfacet
  facet normal -0 0 1
    outer loop
      vertex -59.4 40.6 11.4
      vertex -50.6 39.4 11.4
      vertex -50.6 40.6 11.4
    endloop
  endfacet
  facet normal 0 0 1
    outer loop
      vertex -50.6 39.4 11.4
      vertex -59.4 40.6 11.4
      vertex -59.4 39.4 11.4
    endloop
  endfacet
  facet normal -0 0 1
    outer loop
      vertex -59.4 50.6 11.4
      vertex -50.6 49.4 11.4
      vertex -50.6 50.6 11.4
    endloop
  endfacet
  facet normal 0 0 1
    outer loop
      vertex -50.6 49.4 11.4
      vertex -59.4 50.6 11.4
      vertex -59.4 49.4 11.4
    endloop
  endfacet
  facet normal -0 0 1
    outer loop
      vertex -59.4 60.6 11.4
      vertex -50.6 59.4 11.4
      vertex -50.6 60.6 11.4
    endloop
  endfacet
  facet normal 0 0 1
    outer loop
      vertex -50.6 59.4 11.4
      vertex -59.4 60.6 11.4
      vertex -59.4 59.4 11.4
    endloop
  endfacet
  facet normal -0 0 1
    outer loop
      vertex -59.4 70.6 11.4
      vertex -50.6 69.4 11.4
      vertex -50.6 70.6 11.4
    endloop
  endfacet
  facet normal 0 0 1
    outer loop
      vertex -50.6 69.4 11.4
      vertex -59.4 70.6 11.4
      vertex -59.4 69.4 11.4
    endloop
  endfacet
  facet normal -0 0 1
    outer loop
      vertex -49.4 -69.4 11.4
      vertex -40.6 -70.6 11.4
      vertex -40.6 -69.4 11.4
    endloop
  endfacet
  facet normal 0 0 1
    outer loop
      vertex -40.6 -70.6 11.4
      vertex -49.4 -69.4 11.4
      vertex -49.4 -70.6 11.4
    endloop
  endfacet
  facet normal -0 0 1
    outer loop
      vertex -49.4 -59.4 11.4
      vertex -40.6 -60.6 11.4
      vertex -40.6 -59.4 11.4
    endloop
  endfacet
  facet normal 0 0 1
    outer loop
      vertex -40.6 -60.6 11.4
      vertex -49.4 -59.4 11.4
      vertex -49.4 -60.6 11.4
    endloop
  endfacet
  facet normal -0 0 1
    outer loop
      vertex -49.4 -49.4 11.4
      vertex -40.6 -50.6 11.4
      vertex -40.6 -49.4 11.4
    endloop
  endfacet
  facet normal 0 0 1
    outer loop
      vertex -40.6 -50.6 11.4
      vertex -49.4 -49.4 11.4
      vertex -49.4 -50.6 11.4
    endloop
  endfacet
  facet normal -0 0 1
    outer loop
      vertex -49.4 -39.4 11.4
      vertex -40.6 -40.6 11.4
      vertex -40.6 -39.4 11.4
    endloop
  endfacet
  facet normal 0 0 1
    outer loop
      vertex -40.6 -40.6 11.4
      vertex -49.4 -39.4 11.4
      vertex -49.4 -40.6 11.4
    endloop
  endfacet
  facet normal -0 0 1
    outer loop
      vertex -49.4 -29.4 11.4
      vertex -40.6 -30.6 11.4
      vertex -40.6 -29.4 11.4
    endloop
  endfacet
  facet normal 0 0 1
    outer loop
      vertex -40.6 -30.6 11.4
      vertex -49.4 -29.4 11.4
      vertex -49.4 -30.6 11.4
    endloop
  endfacet
  facet normal -0 0 1
    outer loop
      vertex -49.4 -19.4 11.4
      vertex -40.6 -20.6 11.4
      vertex -40.6 -19.4 11.4
    endloop
  endfacet
  facet normal 0 0 1
    outer loop
      vertex -40.6 -20.6 11.4
      vertex -49.4 -19.4 11.4
      vertex -49.4 -20.6 11.4
    endloop
  endfacet
  facet normal -0 0 1
    outer loop
      vertex -49.4 -9.39999 11.4
      vertex -40.6 -10.6 11.4
      vertex -40.6 -9.39999 11.4
    endloop
  endfacet
  facet normal 0 0 1
    outer loop
      vertex -40.6 -10.6 11.4
      vertex -49.4 -9.39999 11.4
      vertex -49.4 -10.6 11.4
    endloop
  endfacet
  facet normal -0 0 1
    outer loop
      vertex -49.4 0.599991 11.4
      vertex -40.6 -0.599991 11.4
      vertex -40.6 0.599991 11.4
    endloop
  endfacet
  facet normal 0 0 1
    outer loop
      vertex -40.6 -0.599991 11.4
      vertex -49.4 0.599991 11.4
      vertex -49.4 -0.599991 11.4
    endloop
  endfacet
  facet normal -0 0 1
    outer loop
      vertex -49.4 10.6 11.4
      vertex -40.6 9.39999 11.4
      vertex -40.6 10.6 11.4
    endloop
  endfacet
  facet normal 0 0 1
    outer loop
      vertex -40.6 9.39999 11.4
      vertex -49.4 10.6 11.4
      vertex -49.4 9.39999 11.4
    endloop
  endfacet
  facet normal -0 0 1
    outer loop
      vertex -49.4 20.6 11.4
      vertex -40.6 19.4 11.4
      vertex -40.6 20.6 11.4
    endloop
  endfacet
  facet normal 0 0 1
    outer loop
      vertex -40.6 19.4 11.4
      vertex -49.4 20.6 11.4
      vertex -49.4 19.4 11.4
    endloop
  endfacet
  facet normal -0 0 1
    outer loop
      vertex -49.4 30.6 11.4
      vertex -40.6 29.4 11.4
      vertex -40.6 30.6 11.4
    endloop
  endfacet
  facet normal 0 0 1
    outer loop
      vertex -40.6 29.4 11.4
      vertex -49.4 30.6 11.4
      vertex -49.4 29.4 11.4
    endloop
  endfacet
  facet normal -0 0 1
    outer loop
      vertex -49.4 40.6 11.4
      vertex -40.6 39.4 11.4
      vertex -40.6 40.6 11.4
    endloop
  endfacet
  facet normal 0 0 1
    outer loop
      vertex -40.6 39.4 11.4
      vertex -49.4 40.6 11.4
      vertex -49.4 39.4 11.4
    endloop
  endfacet
  facet normal -0 0 1
    outer loop
      vertex -49.4 50.6 11.4
      vertex -40.6 49.4 11.4
      vertex -40.6 50.6 11.4
    endloop
  endfacet
  facet normal 0 0 1
    outer loop
      vertex -40.6 49.4 11.4
      vertex -49.4 50.6 11.4
      vertex -49.4 49.4 11.4
    endloop
  endfacet
  facet normal -0 0 1
    outer loop
      vertex -49.4 60.6 11.4
      vertex -40.6 59.4 11.4
      vertex -40.6 60.6 11.4
    endloop
  endfacet
  facet normal 0 0 1
    outer loop
      vertex -40.6 59.4 11.4
      vertex -49.4 60.6 11.4
      vertex -49.4 59.4 11.4
    endloop
  endfacet
  facet normal -0 0 1
    outer loop
      vertex -49.4 70.6 11.4
      vertex -40.6 69.4 11.4
      vertex -40.6 70.6 11.4
    endloop
  endfacet
  facet normal 0 0 1
    outer loop
      vertex -40.6 69.4 11.4
      vertex -49.4 70.6 11.4
      vertex -49.4 69.4 11.4
    endloop
  endfacet
  facet normal -0 0 1
    outer loop
      vertex -39.4 -69.4 11.4
      vertex -30.6 -70.6 11.4
      vertex -30.6 -69.4 11.4
    endloop
  endfacet
  facet normal 0 0 1
    outer loop
      vertex -30.6 -70.6 11.4
      vertex -39.4 -69.4 11.4
      vertex -39.4 -70.6 11.4
    endloop
  endfacet
  facet normal -0 0 1
    outer loop
      vertex -39.4 -59.4 11.4
      vertex -30.6 -60.6 11.4
      vertex -30.6 -59.4 11.4
    endloop
  endfacet
  facet normal 0 0 1
    outer loop
      vertex -30.6 -60.6 11.4
      vertex -39.4 -59.4 11.4
      vertex -39.4 -60.6 11.4
    endloop
  endfacet
  facet normal -0 0 1
    outer loop
      vertex -39.4 -49.4 11.4
      vertex -30.6 -50.6 11.4
      vertex -30.6 -49.4 11.4
    endloop
  endfacet
  facet normal 0 0 1
    outer loop
      vertex -30.6 -50.6 11.4
      vertex -39.4 -49.4 11.4
      vertex -39.4 -50.6 11.4
    endloop
  endfacet
  facet normal -0 0 1
    outer loop
      vertex -39.4 -39.4 11.4
      vertex -30.6 -40.6 11.4
      vertex -30.6 -39.4 11.4
    endloop
  endfacet
  facet normal 0 0 1
    outer loop
      vertex -30.6 -40.6 11.4
      vertex -39.4 -39.4 11.4
      vertex -39.4 -40.6 11.4
    endloop
  endfacet
  facet normal -0 0 1
    outer loop
      vertex -39.4 -29.4 11.4
      vertex -30.6 -30.6 11.4
      vertex -30.6 -29.4 11.4
    endloop
  endfacet
  facet normal 0 0 1
    outer loop
      vertex -30.6 -30.6 11.4
      vertex -39.4 -29.4 11.4
      vertex -39.4 -30.6 11.4
    endloop
  endfacet
  facet normal -0 0 1
    outer loop
      vertex -39.4 -19.4 11.4
      vertex -30.6 -20.6 11.4
      vertex -30.6 -19.4 11.4
    endloop
  endfacet
  facet normal 0 0 1
    outer loop
      vertex -30.6 -20.6 11.4
      vertex -39.4 -19.4 11.4
      vertex -39.4 -20.6 11.4
    endloop
  endfacet
  facet normal -0 0 1
    outer loop
      vertex -39.4 -9.39999 11.4
      vertex -30.6 -10.6 11.4
      vertex -30.6 -9.39999 11.4
    endloop
  endfacet
  facet normal 0 0 1
    outer loop
      vertex -30.6 -10.6 11.4
      vertex -39.4 -9.39999 11.4
      vertex -39.4 -10.6 11.4
    endloop
  endfacet
  facet normal -0 0 1
    outer loop
      vertex -39.4 0.599991 11.4
      vertex -30.6 -0.599991 11.4
      vertex -30.6 0.599991 11.4
    endloop
  endfacet
  facet normal 0 0 1
    outer loop
      vertex -30.6 -0.599991 11.4
      vertex -39.4 0.599991 11.4
      vertex -39.4 -0.599991 11.4
    endloop
  endfacet
  facet normal -0 0 1
    outer loop
      vertex -39.4 10.6 11.4
      vertex -30.6 9.39999 11.4
      vertex -30.6 10.6 11.4
    endloop
  endfacet
  facet normal 0 0 1
    outer loop
      vertex -30.6 9.39999 11.4
      vertex -39.4 10.6 11.4
      vertex -39.4 9.39999 11.4
    endloop
  endfacet
  facet normal -0 0 1
    outer loop
      vertex -39.4 20.6 11.4
      vertex -30.6 19.4 11.4
      vertex -30.6 20.6 11.4
    endloop
  endfacet
  facet normal 0 0 1
    outer loop
      vertex -30.6 19.4 11.4
      vertex -39.4 20.6 11.4
      vertex -39.4 19.4 11.4
    endloop
  endfacet
  facet normal -0 0 1
    outer loop
      vertex -39.4 30.6 11.4
      vertex -30.6 29.4 11.4
      vertex -30.6 30.6 11.4
    endloop
  endfacet
  facet normal 0 0 1
    outer loop
      vertex -30.6 29.4 11.4
      vertex -39.4 30.6 11.4
      vertex -39.4 29.4 11.4
    endloop
  endfacet
  facet normal -0 0 1
    outer loop
      vertex -39.4 40.6 11.4
      vertex -30.6 39.4 11.4
      vertex -30.6 40.6 11.4
    endloop
  endfacet
  facet normal 0 0 1
    outer loop
      vertex -30.6 39.4 11.4
      vertex -39.4 40.6 11.4
      vertex -39.4 39.4 11.4
    endloop
  endfacet
  facet normal -0 0 1
    outer loop
      vertex -39.4 50.6 11.4
      vertex -30.6 49.4 11.4
      vertex -30.6 50.6 11.4
    endloop
  endfacet
  facet normal 0 0 1
    outer loop
      vertex -30.6 49.4 11.4
      vertex -39.4 50.6 11.4
      vertex -39.4 49.4 11.4
    endloop
  endfacet
  facet normal -0 0 1
    outer loop
      vertex -39.4 60.6 11.4
      vertex -30.6 59.4 11.4
      vertex -30.6 60.6 11.4
    endloop
  endfacet
  facet normal 0 0 1
    outer loop
      vertex -30.6 59.4 11.4
      vertex -39.4 60.6 11.4
      vertex -39.4 59.4 11.4
    endloop
  endfacet
  facet normal -0 0 1
    outer loop
      vertex -39.4 70.6 11.4
      vertex -30.6 69.4 11.4
      vertex -30.6 70.6 11.4
    endloop
  endfacet
  facet normal 0 0 1
    outer loop
      vertex -30.6 69.4 11.4
      vertex -39.4 70.6 11.4
      vertex -39.4 69.4 11.4
    endloop
  endfacet
  facet normal -0 0 1
    outer loop
      vertex -29.4 -69.4 11.4
      vertex -20.6 -70.6 11.4
      vertex -20.6 -69.4 11.4
    endloop
  endfacet
  facet normal 0 0 1
    outer loop
      vertex -20.6 -70.6 11.4
      vertex -29.4 -69.4 11.4
      vertex -29.4 -70.6 11.4
    endloop
  endfacet
  facet normal -0 0 1
    outer loop
      vertex -29.4 -59.4 11.4
      vertex -20.6 -60.6 11.4
      vertex -20.6 -59.4 11.4
    endloop
  endfacet
  facet normal 0 0 1
    outer loop
      vertex -20.6 -60.6 11.4
      vertex -29.4 -59.4 11.4
      vertex -29.4 -60.6 11.4
    endloop
  endfacet
  facet normal -0 0 1
    outer loop
      vertex -29.4 -49.4 11.4
      vertex -20.6 -50.6 11.4
      vertex -20.6 -49.4 11.4
    endloop
  endfacet
  facet normal 0 0 1
    outer loop
      vertex -20.6 -50.6 11.4
      vertex -29.4 -49.4 11.4
      vertex -29.4 -50.6 11.4
    endloop
  endfacet
  facet normal -0 0 1
    outer loop
      vertex -29.4 -39.4 11.4
      vertex -20.6 -40.6 11.4
      vertex -20.6 -39.4 11.4
    endloop
  endfacet
  facet normal 0 0 1
    outer loop
      vertex -20.6 -40.6 11.4
      vertex -29.4 -39.4 11.4
      vertex -29.4 -40.6 11.4
    endloop
  endfacet
  facet normal -0 0 1
    outer loop
      vertex -29.4 -29.4 11.4
      vertex -20.6 -30.6 11.4
      vertex -20.6 -29.4 11.4
    endloop
  endfacet
  facet normal 0 0 1
    outer loop
      vertex -20.6 -30.6 11.4
      vertex -29.4 -29.4 11.4
      vertex -29.4 -30.6 11.4
    endloop
  endfacet
  facet normal -0 0 1
    outer loop
      vertex -29.4 -19.4 11.4
      vertex -20.6 -20.6 11.4
      vertex -20.6 -19.4 11.4
    endloop
  endfacet
  facet normal 0 0 1
    outer loop
      vertex -20.6 -20.6 11.4
      vertex -29.4 -19.4 11.4
      vertex -29.4 -20.6 11.4
    endloop
  endfacet
  facet normal -0 0 1
    outer loop
      vertex -29.4 -9.39999 11.4
      vertex -20.6 -10.6 11.4
      vertex -20.6 -9.39999 11.4
    endloop
  endfacet
  facet normal 0 0 1
    outer loop
      vertex -20.6 -10.6 11.4
      vertex -29.4 -9.39999 11.4
      vertex -29.4 -10.6 11.4
    endloop
  endfacet
  facet normal -0 0 1
    outer loop
      vertex -29.4 0.599991 11.4
      vertex -20.6 -0.599991 11.4
      vertex -20.6 0.599991 11.4
    endloop
  endfacet
  facet normal 0 0 1
    outer loop
      vertex -20.6 -0.599991 11.4
      vertex -29.4 0.599991 11.4
      vertex -29.4 -0.599991 11.4
    endloop
  endfacet
  facet normal -0 0 1
    outer loop
      vertex -29.4 10.6 11.4
      vertex -20.6 9.39999 11.4
      vertex -20.6 10.6 11.4
    endloop
  endfacet
  facet normal 0 0 1
    outer loop
      vertex -20.6 9.39999 11.4
      vertex -29.4 10.6 11.4
      vertex -29.4 9.39999 11.4
    endloop
  endfacet
  facet normal -0 0 1
    outer loop
      vertex -29.4 20.6 11.4
      vertex -20.6 19.4 11.4
      vertex -20.6 20.6 11.4
    endloop
  endfacet
  facet normal 0 0 1
    outer loop
      vertex -20.6 19.4 11.4
      vertex -29.4 20.6 11.4
      vertex -29.4 19.4 11.4
    endloop
  endfacet
  facet normal -0 0 1
    outer loop
      vertex -29.4 30.6 11.4
      vertex -20.6 29.4 11.4
      vertex -20.6 30.6 11.4
    endloop
  endfacet
  facet normal 0 0 1
    outer loop
      vertex -20.6 29.4 11.4
      vertex -29.4 30.6 11.4
      vertex -29.4 29.4 11.4
    endloop
  endfacet
  facet normal -0 0 1
    outer loop
      vertex -29.4 40.6 11.4
      vertex -20.6 39.4 11.4
      vertex -20.6 40.6 11.4
    endloop
  endfacet
  facet normal 0 0 1
    outer loop
      vertex -20.6 39.4 11.4
      vertex -29.4 40.6 11.4
      vertex -29.4 39.4 11.4
    endloop
  endfacet
  facet normal -0 0 1
    outer loop
      vertex -29.4 50.6 11.4
      vertex -20.6 49.4 11.4
      vertex -20.6 50.6 11.4
    endloop
  endfacet
  facet normal 0 0 1
    outer loop
      vertex -20.6 49.4 11.4
      vertex -29.4 50.6 11.4
      vertex -29.4 49.4 11.4
    endloop
  endfacet
  facet normal -0 0 1
    outer loop
      vertex -29.4 60.6 11.4
      vertex -20.6 59.4 11.4
      vertex -20.6 60.6 11.4
    endloop
  endfacet
  facet normal 0 0 1
    outer loop
      vertex -20.6 59.4 11.4
      vertex -29.4 60.6 11.4
      vertex -29.4 59.4 11.4
    endloop
  endfacet
  facet normal -0 0 1
    outer loop
      vertex -29.4 70.6 11.4
      vertex -20.6 69.4 11.4
      vertex -20.6 70.6 11.4
    endloop
  endfacet
  facet normal 0 0 1
    outer loop
      vertex -20.6 69.4 11.4
      vertex -29.4 70.6 11.4
      vertex -29.4 69.4 11.4
    endloop
  endfacet
  facet normal -0 0 1
    outer loop
      vertex -19.4 -69.4 11.4
      vertex -10.6 -70.6 11.4
      vertex -10.6 -69.4 11.4
    endloop
  endfacet
  facet normal 0 0 1
    outer loop
      vertex -10.6 -70.6 11.4
      vertex -19.4 -69.4 11.4
      vertex -19.4 -70.6 11.4
    endloop
  endfacet
  facet normal -0 0 1
    outer loop
      vertex -19.4 -59.4 11.4
      vertex -10.6 -60.6 11.4
      vertex -10.6 -59.4 11.4
    endloop
  endfacet
  facet normal 0 0 1
    outer loop
      vertex -10.6 -60.6 11.4
      vertex -19.4 -59.4 11.4
      vertex -19.4 -60.6 11.4
    endloop
  endfacet
  facet normal -0 0 1
    outer loop
      vertex -19.4 -49.4 11.4
      vertex -10.6 -50.6 11.4
      vertex -10.6 -49.4 11.4
    endloop
  endfacet
  facet normal 0 0 1
    outer loop
      vertex -10.6 -50.6 11.4
      vertex -19.4 -49.4 11.4
      vertex -19.4 -50.6 11.4
    endloop
  endfacet
  facet normal -0 0 1
    outer loop
      vertex -19.4 -39.4 11.4
      vertex -10.6 -40.6 11.4
      vertex -10.6 -39.4 11.4
    endloop
  endfacet
  facet normal 0 0 1
    outer loop
      vertex -10.6 -40.6 11.4
      vertex -19.4 -39.4 11.4
      vertex -19.4 -40.6 11.4
    endloop
  endfacet
  facet normal -0 0 1
    outer loop
      vertex -19.4 -29.4 11.4
      vertex -10.6 -30.6 11.4
      vertex -10.6 -29.4 11.4
    endloop
  endfacet
  facet normal 0 0 1
    outer loop
      vertex -10.6 -30.6 11.4
      vertex -19.4 -29.4 11.4
      vertex -19.4 -30.6 11.4
    endloop
  endfacet
  facet normal -0 0 1
    outer loop
      vertex -19.4 -19.4 11.4
      vertex -10.6 -20.6 11.4
      vertex -10.6 -19.4 11.4
    endloop
  endfacet
  facet normal 0 0 1
    outer loop
      vertex -10.6 -20.6 11.4
      vertex -19.4 -19.4 11.4
      vertex -19.4 -20.6 11.4
    endloop
  endfacet
  facet normal -0 0 1
    outer loop
      vertex -19.4 -9.39999 11.4
      vertex -10.6 -10.6 11.4
      vertex -10.6 -9.39999 11.4
    endloop
  endfacet
  facet normal 0 0 1
    outer loop
      vertex -10.6 -10.6 11.4
      vertex -19.4 -9.39999 11.4
      vertex -19.4 -10.6 11.4
    endloop
  endfacet
  facet normal -0 0 1
    outer loop
      vertex -19.4 0.599991 11.4
      vertex -10.6 -0.599991 11.4
      vertex -10.6 0.599991 11.4
    endloop
  endfacet
  facet normal 0 0 1
    outer loop
      vertex -10.6 -0.599991 11.4
      vertex -19.4 0.599991 11.4
      vertex -19.4 -0.599991 11.4
    endloop
  endfacet
  facet normal -0 0 1
    outer loop
      vertex -19.4 10.6 11.4
      vertex -10.6 9.39999 11.4
      vertex -10.6 10.6 11.4
    endloop
  endfacet
  facet normal 0 0 1
    outer loop
      vertex -10.6 9.39999 11.4
      vertex -19.4 10.6 11.4
      vertex -19.4 9.39999 11.4
    endloop
  endfacet
  facet normal -0 0 1
    outer loop
      vertex -19.4 20.6 11.4
      vertex -10.6 19.4 11.4
      vertex -10.6 20.6 11.4
    endloop
  endfacet
  facet normal 0 0 1
    outer loop
      vertex -10.6 19.4 11.4
      vertex -19.4 20.6 11.4
      vertex -19.4 19.4 11.4
    endloop
  endfacet
  facet normal -0 0 1
    outer loop
      vertex -19.4 30.6 11.4
      vertex -10.6 29.4 11.4
      vertex -10.6 30.6 11.4
    endloop
  endfacet
  facet normal 0 0 1
    outer loop
      vertex -10.6 29.4 11.4
      vertex -19.4 30.6 11.4
      vertex -19.4 29.4 11.4
    endloop
  endfacet
  facet normal -0 0 1
    outer loop
      vertex -19.4 40.6 11.4
      vertex -10.6 39.4 11.4
      vertex -10.6 40.6 11.4
    endloop
  endfacet
  facet normal 0 0 1
    outer loop
      vertex -10.6 39.4 11.4
      vertex -19.4 40.6 11.4
      vertex -19.4 39.4 11.4
    endloop
  endfacet
  facet normal -0 0 1
    outer loop
      vertex -19.4 50.6 11.4
      vertex -10.6 49.4 11.4
      vertex -10.6 50.6 11.4
    endloop
  endfacet
  facet normal 0 0 1
    outer loop
      vertex -10.6 49.4 11.4
      vertex -19.4 50.6 11.4
      vertex -19.4 49.4 11.4
    endloop
  endfacet
  facet normal -0 0 1
    outer loop
      vertex -19.4 60.6 11.4
      vertex -10.6 59.4 11.4
      vertex -10.6 60.6 11.4
    endloop
  endfacet
  facet normal 0 0 1
    outer loop
      vertex -10.6 59.4 11.4
      vertex -19.4 60.6 11.4
      vertex -19.4 59.4 11.4
    endloop
  endfacet
  facet normal -0 0 1
    outer loop
      vertex -19.4 70.6 11.4
      vertex -10.6 69.4 11.4
      vertex -10.6 70.6 11.4
    endloop
  endfacet
  facet normal 0 0 1
    outer loop
      vertex -10.6 69.4 11.4
      vertex -19.4 70.6 11.4
      vertex -19.4 69.4 11.4
    endloop
  endfacet
  facet normal -0 0 1
    outer loop
      vertex -9.39999 -69.4 11.4
      vertex -0.599991 -70.6 11.4
      vertex -0.599991 -69.4 11.4
    endloop
  endfacet
  facet normal 0 0 1
    outer loop
      vertex -0.599991 -70.6 11.4
      vertex -9.39999 -69.4 11.4
      vertex -9.39999 -70.6 11.4
    endloop
  endfacet
  facet normal -0 0 1
    outer loop
      vertex -9.39999 -59.4 11.4
      vertex -0.599991 -60.6 11.4
      vertex -0.599991 -59.4 11.4
    endloop
  endfacet
  facet normal 0 0 1
    outer loop
      vertex -0.599991 -60.6 11.4
      vertex -9.39999 -59.4 11.4
      vertex -9.39999 -60.6 11.4
    endloop
  endfacet
  facet normal -0 0 1
    outer loop
      vertex -9.39999 -49.4 11.4
      vertex -0.599991 -50.6 11.4
      vertex -0.599991 -49.4 11.4
    endloop
  endfacet
  facet normal 0 0 1
    outer loop
      vertex -0.599991 -50.6 11.4
      vertex -9.39999 -49.4 11.4
      vertex -9.39999 -50.6 11.4
    endloop
  endfacet
  facet normal -0 0 1
    outer loop
      vertex -9.39999 -39.4 11.4
      vertex -0.599991 -40.6 11.4
      vertex -0.599991 -39.4 11.4
    endloop
  endfacet
  facet normal 0 0 1
    outer loop
      vertex -0.599991 -40.6 11.4
      vertex -9.39999 -39.4 11.4
      vertex -9.39999 -40.6 11.4
    endloop
  endfacet
  facet normal -0 0 1
    outer loop
      vertex -9.39999 -29.4 11.4
      vertex -0.599991 -30.6 11.4
      vertex -0.599991 -29.4 11.4
    endloop
  endfacet
  facet normal 0 0 1
    outer loop
      vertex -0.599991 -30.6 11.4
      vertex -9.39999 -29.4 11.4
      vertex -9.39999 -30.6 11.4
    endloop
  endfacet
  facet normal -0 0 1
    outer loop
      vertex -9.39999 -19.4 11.4
      vertex -0.599991 -20.6 11.4
      vertex -0.599991 -19.4 11.4
    endloop
  endfacet
  facet normal 0 0 1
    outer loop
      vertex -0.599991 -20.6 11.4
      vertex -9.39999 -19.4 11.4
      vertex -9.39999 -20.6 11.4
    endloop
  endfacet
  facet normal -0 0 1
    outer loop
      vertex -9.39999 -9.39999 11.4
      vertex -0.599991 -10.6 11.4
      vertex -0.599991 -9.39999 11.4
    endloop
  endfacet
  facet normal 0 0 1
    outer loop
      vertex -0.599991 -10.6 11.4
      vertex -9.39999 -9.39999 11.4
      vertex -9.39999 -10.6 11.4
    endloop
  endfacet
  facet normal -0 0 1
    outer loop
      vertex -9.39999 0.599991 11.4
      vertex -0.599991 -0.599991 11.4
      vertex -0.599991 0.599991 11.4
    endloop
  endfacet
  facet normal 0 0 1
    outer loop
      vertex -0.599991 -0.599991 11.4
      vertex -9.39999 0.599991 11.4
      vertex -9.39999 -0.599991 11.4
    endloop
  endfacet
  facet normal -0 0 1
    outer loop
      vertex -9.39999 10.6 11.4
      vertex -0.599991 9.39999 11.4
      vertex -0.599991 10.6 11.4
    endloop
  endfacet
  facet normal 0 0 1
    outer loop
      vertex -0.599991 9.39999 11.4
      vertex -9.39999 10.6 11.4
      vertex -9.39999 9.39999 11.4
    endloop
  endfacet
  facet normal -0 0 1
    outer loop
      vertex -9.39999 20.6 11.4
      vertex -0.599991 19.4 11.4
      vertex -0.599991 20.6 11.4
    endloop
  endfacet
  facet normal 0 0 1
    outer loop
      vertex -0.599991 19.4 11.4
      vertex -9.39999 20.6 11.4
      vertex -9.39999 19.4 11.4
    endloop
  endfacet
  facet normal -0 0 1
    outer loop
      vertex -9.39999 30.6 11.4
      vertex -0.599991 29.4 11.4
      vertex -0.599991 30.6 11.4
    endloop
  endfacet
  facet normal 0 0 1
    outer loop
      vertex -0.599991 29.4 11.4
      vertex -9.39999 30.6 11.4
      vertex -9.39999 29.4 11.4
    endloop
  endfacet
  facet normal -0 0 1
    outer loop
      vertex -9.39999 40.6 11.4
      vertex -0.599991 39.4 11.4
      vertex -0.599991 40.6 11.4
    endloop
  endfacet
  facet normal 0 0 1
    outer loop
      vertex -0.599991 39.4 11.4
      vertex -9.39999 40.6 11.4
      vertex -9.39999 39.4 11.4
    endloop
  endfacet
  facet normal -0 0 1
    outer loop
      vertex -9.39999 50.6 11.4
      vertex -0.599991 49.4 11.4
      vertex -0.599991 50.6 11.4
    endloop
  endfacet
  facet normal 0 0 1
    outer loop
      vertex -0.599991 49.4 11.4
      vertex -9.39999 50.6 11.4
      vertex -9.39999 49.4 11.4
    endloop
  endfacet
  facet normal -0 0 1
    outer loop
      vertex -9.39999 60.6 11.4
      vertex -0.599991 59.4 11.4
      vertex -0.599991 60.6 11.4
    endloop
  endfacet
  facet normal 0 0 1
    outer loop
      vertex -0.599991 59.4 11.4
      vertex -9.39999 60.6 11.4
      vertex -9.39999 59.4 11.4
    endloop
  endfacet
  facet normal -0 0 1
    outer loop
      vertex -9.39999 70.6 11.4
      vertex -0.599991 69.4 11.4
      vertex -0.599991 70.6 11.4
    endloop
  endfacet
  facet normal 0 0 1
    outer loop
      vertex -0.599991 69.4 11.4
      vertex -9.39999 70.6 11.4
      vertex -9.39999 69.4 11.4
    endloop
  endfacet
  facet normal -0 0 1
    outer loop
      vertex 0.599991 -69.4 11.4
      vertex 9.39999 -70.6 11.4
      vertex 9.39999 -69.4 11.4
    endloop
  endfacet
  facet normal 0 0 1
    outer loop
      vertex 9.39999 -70.6 11.4
      vertex 0.599991 -69.4 11.4
      vertex 0.599991 -70.6 11.4
    endloop
  endfacet
  facet normal -0 0 1
    outer loop
      vertex 0.599991 -59.4 11.4
      vertex 9.39999 -60.6 11.4
      vertex 9.39999 -59.4 11.4
    endloop
  endfacet
  facet normal 0 0 1
    outer loop
      vertex 9.39999 -60.6 11.4
      vertex 0.599991 -59.4 11.4
      vertex 0.599991 -60.6 11.4
    endloop
  endfacet
  facet normal -0 0 1
    outer loop
      vertex 0.599991 -49.4 11.4
      vertex 9.39999 -50.6 11.4
      vertex 9.39999 -49.4 11.4
    endloop
  endfacet
  facet normal 0 0 1
    outer loop
      vertex 9.39999 -50.6 11.4
      vertex 0.599991 -49.4 11.4
      vertex 0.599991 -50.6 11.4
    endloop
  endfacet
  facet normal -0 0 1
    outer loop
      vertex 0.599991 -39.4 11.4
      vertex 9.39999 -40.6 11.4
      vertex 9.39999 -39.4 11.4
    endloop
  endfacet
  facet normal 0 0 1
    outer loop
      vertex 9.39999 -40.6 11.4
      vertex 0.599991 -39.4 11.4
      vertex 0.599991 -40.6 11.4
    endloop
  endfacet
  facet normal -0 0 1
    outer loop
      vertex 0.599991 -29.4 11.4
      vertex 9.39999 -30.6 11.4
      vertex 9.39999 -29.4 11.4
    endloop
  endfacet
  facet normal 0 0 1
    outer loop
      vertex 9.39999 -30.6 11.4
      vertex 0.599991 -29.4 11.4
      vertex 0.599991 -30.6 11.4
    endloop
  endfacet
  facet normal -0 0 1
    outer loop
      vertex 0.599991 -19.4 11.4
      vertex 9.39999 -20.6 11.4
      vertex 9.39999 -19.4 11.4
    endloop
  endfacet
  facet normal 0 0 1
    outer loop
      vertex 9.39999 -20.6 11.4
      vertex 0.599991 -19.4 11.4
      vertex 0.599991 -20.6 11.4
    endloop
  endfacet
  facet normal -0 0 1
    outer loop
      vertex 0.599991 -9.39999 11.4
      vertex 9.39999 -10.6 11.4
      vertex 9.39999 -9.39999 11.4
    endloop
  endfacet
  facet normal 0 0 1
    outer loop
      vertex 9.39999 -10.6 11.4
      vertex 0.599991 -9.39999 11.4
      vertex 0.599991 -10.6 11.4
    endloop
  endfacet
  facet normal -0 0 1
    outer loop
      vertex 0.599991 0.599991 11.4
      vertex 9.39999 -0.599991 11.4
      vertex 9.39999 0.599991 11.4
    endloop
  endfacet
  facet normal 0 0 1
    outer loop
      vertex 9.39999 -0.599991 11.4
      vertex 0.599991 0.599991 11.4
      vertex 0.599991 -0.599991 11.4
    endloop
  endfacet
  facet normal -0 0 1
    outer loop
      vertex 0.599991 10.6 11.4
      vertex 9.39999 9.39999 11.4
      vertex 9.39999 10.6 11.4
    endloop
  endfacet
  facet normal 0 0 1
    outer loop
      vertex 9.39999 9.39999 11.4
      vertex 0.599991 10.6 11.4
      vertex 0.599991 9.39999 11.4
    endloop
  endfacet
  facet normal -0 0 1
    outer loop
      vertex 0.599991 20.6 11.4
      vertex 9.39999 19.4 11.4
      vertex 9.39999 20.6 11.4
    endloop
  endfacet
  facet normal 0 0 1
    outer loop
      vertex 9.39999 19.4 11.4
      vertex 0.599991 20.6 11.4
      vertex 0.599991 19.4 11.4
    endloop
  endfacet
  facet normal -0 0 1
    outer loop
      vertex 0.599991 30.6 11.4
      vertex 9.39999 29.4 11.4
      vertex 9.39999 30.6 11.4
    endloop
  endfacet
  facet normal 0 0 1
    outer loop
      vertex 9.39999 29.4 11.4
      vertex 0.599991 30.6 11.4
      vertex 0.599991 29.4 11.4
    endloop
  endfacet
  facet normal -0 0 1
    outer loop
      vertex 0.599991 40.6 11.4
      vertex 9.39999 39.4 11.4
      vertex 9.39999 40.6 11.4
    endloop
  endfacet
  facet normal 0 0 1
    outer loop
      vertex 9.39999 39.4 11.4
      vertex 0.599991 40.6 11.4
      vertex 0.599991 39.4 11.4
    endloop
  endfacet
  facet normal -0 0 1
    outer loop
      vertex 0.599991 50.6 11.4
      vertex 9.39999 49.4 11.4
      vertex 9.39999 50.6 11.4
    endloop
  endfacet
  facet normal 0 0 1
    outer loop
      vertex 9.39999 49.4 11.4
      vertex 0.599991 50.6 11.4
      vertex 0.599991 49.4 11.4
    endloop
  endfacet
  facet normal -0 0 1
    outer loop
      vertex 0.599991 60.6 11.4
      vertex 9.39999 59.4 11.4
      vertex 9.39999 60.6 11.4
    endloop
  endfacet
  facet normal 0 0 1
    outer loop
      vertex 9.39999 59.4 11.4
      vertex 0.599991 60.6 11.4
      vertex 0.599991 59.4 11.4
    endloop
  endfacet
  facet normal -0 0 1
    outer loop
      vertex 0.599991 70.6 11.4
      vertex 9.39999 69.4 11.4
      vertex 9.39999 70.6 11.4
    endloop
  endfacet
  facet normal 0 0 1
    outer loop
      vertex 9.39999 69.4 11.4
      vertex 0.599991 70.6 11.4
      vertex 0.599991 69.4 11.4
    endloop
  endfacet
  facet normal -0 0 1
    outer loop
      vertex 10.6 -69.4 11.4
      vertex 19.4 -70.6 11.4
      vertex 19.4 -69.4 11.4
    endloop
  endfacet
  facet normal 0 0 1
    outer loop
      vertex 19.4 -70.6 11.4
      vertex 10.6 -69.4 11.4
      vertex 10.6 -70.6 11.4
    endloop
  endfacet
  facet normal -0 0 1
    outer loop
      vertex 10.6 -59.4 11.4
      vertex 19.4 -60.6 11.4
      vertex 19.4 -59.4 11.4
    endloop
  endfacet
  facet normal 0 0 1
    outer loop
      vertex 19.4 -60.6 11.4
      vertex 10.6 -59.4 11.4
      vertex 10.6 -60.6 11.4
    endloop
  endfacet
  facet normal -0 0 1
    outer loop
      vertex 10.6 -49.4 11.4
      vertex 19.4 -50.6 11.4
      vertex 19.4 -49.4 11.4
    endloop
  endfacet
  facet normal 0 0 1
    outer loop
      vertex 19.4 -50.6 11.4
      vertex 10.6 -49.4 11.4
      vertex 10.6 -50.6 11.4
    endloop
  endfacet
  facet normal -0 0 1
    outer loop
      vertex 10.6 -39.4 11.4
      vertex 19.4 -40.6 11.4
      vertex 19.4 -39.4 11.4
    endloop
  endfacet
  facet normal 0 0 1
    outer loop
      vertex 19.4 -40.6 11.4
      vertex 10.6 -39.4 11.4
      vertex 10.6 -40.6 11.4
    endloop
  endfacet
  facet normal -0 0 1
    outer loop
      vertex 10.6 -29.4 11.4
      vertex 19.4 -30.6 11.4
      vertex 19.4 -29.4 11.4
    endloop
  endfacet
  facet normal 0 0 1
    outer loop
      vertex 19.4 -30.6 11.4
      vertex 10.6 -29.4 11.4
      vertex 10.6 -30.6 11.4
    endloop
  endfacet
  facet normal -0 0 1
    outer loop
      vertex 10.6 -19.4 11.4
      vertex 19.4 -20.6 11.4
      vertex 19.4 -19.4 11.4
    endloop
  endfacet
  facet normal 0 0 1
    outer loop
      vertex 19.4 -20.6 11.4
      vertex 10.6 -19.4 11.4
      vertex 10.6 -20.6 11.4
    endloop
  endfacet
  facet normal -0 0 1
    outer loop
      vertex 10.6 -9.39999 11.4
      vertex 19.4 -10.6 11.4
      vertex 19.4 -9.39999 11.4
    endloop
  endfacet
  facet normal 0 0 1
    outer loop
      vertex 19.4 -10.6 11.4
      vertex 10.6 -9.39999 11.4
      vertex 10.6 -10.6 11.4
    endloop
  endfacet
  facet normal -0 0 1
    outer loop
      vertex 10.6 0.599991 11.4
      vertex 19.4 -0.599991 11.4
      vertex 19.4 0.599991 11.4
    endloop
  endfacet
  facet normal 0 0 1
    outer loop
      vertex 19.4 -0.599991 11.4
      vertex 10.6 0.599991 11.4
      vertex 10.6 -0.599991 11.4
    endloop
  endfacet
  facet normal -0 0 1
    outer loop
      vertex 10.6 10.6 11.4
      vertex 19.4 9.39999 11.4
      vertex 19.4 10.6 11.4
    endloop
  endfacet
  facet normal 0 0 1
    outer loop
      vertex 19.4 9.39999 11.4
      vertex 10.6 10.6 11.4
      vertex 10.6 9.39999 11.4
    endloop
  endfacet
  facet normal -0 0 1
    outer loop
      vertex 10.6 20.6 11.4
      vertex 19.4 19.4 11.4
      vertex 19.4 20.6 11.4
    endloop
  endfacet
  facet normal 0 0 1
    outer loop
      vertex 19.4 19.4 11.4
      vertex 10.6 20.6 11.4
      vertex 10.6 19.4 11.4
    endloop
  endfacet
  facet normal -0 0 1
    outer loop
      vertex 10.6 30.6 11.4
      vertex 19.4 29.4 11.4
      vertex 19.4 30.6 11.4
    endloop
  endfacet
  facet normal 0 0 1
    outer loop
      vertex 19.4 29.4 11.4
      vertex 10.6 30.6 11.4
      vertex 10.6 29.4 11.4
    endloop
  endfacet
  facet normal -0 0 1
    outer loop
      vertex 10.6 40.6 11.4
      vertex 19.4 39.4 11.4
      vertex 19.4 40.6 11.4
    endloop
  endfacet
  facet normal 0 0 1
    outer loop
      vertex 19.4 39.4 11.4
      vertex 10.6 40.6 11.4
      vertex 10.6 39.4 11.4
    endloop
  endfacet
  facet normal -0 0 1
    outer loop
      vertex 10.6 50.6 11.4
      vertex 19.4 49.4 11.4
      vertex 19.4 50.6 11.4
    endloop
  endfacet
  facet normal 0 0 1
    outer loop
      vertex 19.4 49.4 11.4
      vertex 10.6 50.6 11.4
      vertex 10.6 49.4 11.4
    endloop
  endfacet
  facet normal -0 0 1
    outer loop
      vertex 10.6 60.6 11.4
      vertex 19.4 59.4 11.4
      vertex 19.4 60.6 11.4
    endloop
  endfacet
  facet normal 0 0 1
    outer loop
      vertex 19.4 59.4 11.4
      vertex 10.6 60.6 11.4
      vertex 10.6 59.4 11.4
    endloop
  endfacet
  facet normal -0 0 1
    outer loop
      vertex 10.6 70.6 11.4
      vertex 19.4 69.4 11.4
      vertex 19.4 70.6 11.4
    endloop
  endfacet
  facet normal 0 0 1
    outer loop
      vertex 19.4 69.4 11.4
      vertex 10.6 70.6 11.4
      vertex 10.6 69.4 11.4
    endloop
  endfacet
  facet normal -0 0 1
    outer loop
      vertex 20.6 -69.4 11.4
      vertex 29.4 -70.6 11.4
      vertex 29.4 -69.4 11.4
    endloop
  endfacet
  facet normal 0 0 1
    outer loop
      vertex 29.4 -70.6 11.4
      vertex 20.6 -69.4 11.4
      vertex 20.6 -70.6 11.4
    endloop
  endfacet
  facet normal -0 0 1
    outer loop
      vertex 20.6 -59.4 11.4
      vertex 29.4 -60.6 11.4
      vertex 29.4 -59.4 11.4
    endloop
  endfacet
  facet normal 0 0 1
    outer loop
      vertex 29.4 -60.6 11.4
      vertex 20.6 -59.4 11.4
      vertex 20.6 -60.6 11.4
    endloop
  endfacet
  facet normal -0 0 1
    outer loop
      vertex 20.6 -49.4 11.4
      vertex 29.4 -50.6 11.4
      vertex 29.4 -49.4 11.4
    endloop
  endfacet
  facet normal 0 0 1
    outer loop
      vertex 29.4 -50.6 11.4
      vertex 20.6 -49.4 11.4
      vertex 20.6 -50.6 11.4
    endloop
  endfacet
  facet normal -0 0 1
    outer loop
      vertex 20.6 -39.4 11.4
      vertex 29.4 -40.6 11.4
      vertex 29.4 -39.4 11.4
    endloop
  endfacet
  facet normal 0 0 1
    outer loop
      vertex 29.4 -40.6 11.4
      vertex 20.6 -39.4 11.4
      vertex 20.6 -40.6 11.4
    endloop
  endfacet
  facet normal -0 0 1
    outer loop
      vertex 20.6 -29.4 11.4
      vertex 29.4 -30.6 11.4
      vertex 29.4 -29.4 11.4
    endloop
  endfacet
  facet normal 0 0 1
    outer loop
      vertex 29.4 -30.6 11.4
      vertex 20.6 -29.4 11.4
      vertex 20.6 -30.6 11.4
    endloop
  endfacet
  facet normal -0 0 1
    outer loop
      vertex 20.6 -19.4 11.4
      vertex 29.4 -20.6 11.4
      vertex 29.4 -19.4 11.4
    endloop
  endfacet
  facet normal 0 0 1
    outer loop
      vertex 29.4 -20.6 11.4
      vertex 20.6 -19.4 11.4
      vertex 20.6 -20.6 11.4
    endloop
  endfacet
  facet normal -0 0 1
    outer loop
      vertex 20.6 -9.39999 11.4
      vertex 29.4 -10.6 11.4
      vertex 29.4 -9.39999 11.4
    endloop
  endfacet
  facet normal 0 0 1
    outer loop
      vertex 29.4 -10.6 11.4
      vertex 20.6 -9.39999 11.4
      vertex 20.6 -10.6 11.4
    endloop
  endfacet
  facet normal -0 0 1
    outer loop
      vertex 20.6 0.599991 11.4
      vertex 29.4 -0.599991 11.4
      vertex 29.4 0.599991 11.4
    endloop
  endfacet
  facet normal 0 0 1
    outer loop
      vertex 29.4 -0.599991 11.4
      vertex 20.6 0.599991 11.4
      vertex 20.6 -0.599991 11.4
    endloop
  endfacet
  facet normal -0 0 1
    outer loop
      vertex 20.6 10.6 11.4
      vertex 29.4 9.39999 11.4
      vertex 29.4 10.6 11.4
    endloop
  endfacet
  facet normal 0 0 1
    outer loop
      vertex 29.4 9.39999 11.4
      vertex 20.6 10.6 11.4
      vertex 20.6 9.39999 11.4
    endloop
  endfacet
  facet normal -0 0 1
    outer loop
      vertex 20.6 20.6 11.4
      vertex 29.4 19.4 11.4
      vertex 29.4 20.6 11.4
    endloop
  endfacet
  facet normal 0 0 1
    outer loop
      vertex 29.4 19.4 11.4
      vertex 20.6 20.6 11.4
      vertex 20.6 19.4 11.4
    endloop
  endfacet
  facet normal -0 0 1
    outer loop
      vertex 20.6 30.6 11.4
      vertex 29.4 29.4 11.4
      vertex 29.4 30.6 11.4
    endloop
  endfacet
  facet normal 0 0 1
    outer loop
      vertex 29.4 29.4 11.4
      vertex 20.6 30.6 11.4
      vertex 20.6 29.4 11.4
    endloop
  endfacet
  facet normal -0 0 1
    outer loop
      vertex 20.6 40.6 11.4
      vertex 29.4 39.4 11.4
      vertex 29.4 40.6 11.4
    endloop
  endfacet
  facet normal 0 0 1
    outer loop
      vertex 29.4 39.4 11.4
      vertex 20.6 40.6 11.4
      vertex 20.6 39.4 11.4
    endloop
  endfacet
  facet normal -0 0 1
    outer loop
      vertex 20.6 50.6 11.4
      vertex 29.4 49.4 11.4
      vertex 29.4 50.6 11.4
    endloop
  endfacet
  facet normal 0 0 1
    outer loop
      vertex 29.4 49.4 11.4
      vertex 20.6 50.6 11.4
      vertex 20.6 49.4 11.4
    endloop
  endfacet
  facet normal -0 0 1
    outer loop
      vertex 20.6 60.6 11.4
      vertex 29.4 59.4 11.4
      vertex 29.4 60.6 11.4
    endloop
  endfacet
  facet normal 0 0 1
    outer loop
      vertex 29.4 59.4 11.4
      vertex 20.6 60.6 11.4
      vertex 20.6 59.4 11.4
    endloop
  endfacet
  facet normal -0 0 1
    outer loop
      vertex 20.6 70.6 11.4
      vertex 29.4 69.4 11.4
      vertex 29.4 70.6 11.4
    endloop
  endfacet
  facet normal 0 0 1
    outer loop
      vertex 29.4 69.4 11.4
      vertex 20.6 70.6 11.4
      vertex 20.6 69.4 11.4
    endloop
  endfacet
  facet normal -0 0 1
    outer loop
      vertex 30.6 -69.4 11.4
      vertex 39.4 -70.6 11.4
      vertex 39.4 -69.4 11.4
    endloop
  endfacet
  facet normal 0 0 1
    outer loop
      vertex 39.4 -70.6 11.4
      vertex 30.6 -69.4 11.4
      vertex 30.6 -70.6 11.4
    endloop
  endfacet
  facet normal -0 0 1
    outer loop
      vertex 30.6 -59.4 11.4
      vertex 39.4 -60.6 11.4
      vertex 39.4 -59.4 11.4
    endloop
  endfacet
  facet normal 0 0 1
    outer loop
      vertex 39.4 -60.6 11.4
      vertex 30.6 -59.4 11.4
      vertex 30.6 -60.6 11.4
    endloop
  endfacet
  facet normal -0 0 1
    outer loop
      vertex 30.6 -49.4 11.4
      vertex 39.4 -50.6 11.4
      vertex 39.4 -49.4 11.4
    endloop
  endfacet
  facet normal 0 0 1
    outer loop
      vertex 39.4 -50.6 11.4
      vertex 30.6 -49.4 11.4
      vertex 30.6 -50.6 11.4
    endloop
  endfacet
  facet normal -0 0 1
    outer loop
      vertex 30.6 -39.4 11.4
      vertex 39.4 -40.6 11.4
      vertex 39.4 -39.4 11.4
    endloop
  endfacet
  facet normal 0 0 1
    outer loop
      vertex 39.4 -40.6 11.4
      vertex 30.6 -39.4 11.4
      vertex 30.6 -40.6 11.4
    endloop
  endfacet
  facet normal -0 0 1
    outer loop
      vertex 30.6 -29.4 11.4
      vertex 39.4 -30.6 11.4
      vertex 39.4 -29.4 11.4
    endloop
  endfacet
  facet normal 0 0 1
    outer loop
      vertex 39.4 -30.6 11.4
      vertex 30.6 -29.4 11.4
      vertex 30.6 -30.6 11.4
    endloop
  endfacet
  facet normal -0 0 1
    outer loop
      vertex 30.6 -19.4 11.4
      vertex 39.4 -20.6 11.4
      vertex 39.4 -19.4 11.4
    endloop
  endfacet
  facet normal 0 0 1
    outer loop
      vertex 39.4 -20.6 11.4
      vertex 30.6 -19.4 11.4
      vertex 30.6 -20.6 11.4
    endloop
  endfacet
  facet normal -0 0 1
    outer loop
      vertex 30.6 -9.39999 11.4
      vertex 39.4 -10.6 11.4
      vertex 39.4 -9.39999 11.4
    endloop
  endfacet
  facet normal 0 0 1
    outer loop
      vertex 39.4 -10.6 11.4
      vertex 30.6 -9.39999 11.4
      vertex 30.6 -10.6 11.4
    endloop
  endfacet
  facet normal -0 0 1
    outer loop
      vertex 30.6 0.599991 11.4
      vertex 39.4 -0.599991 11.4
      vertex 39.4 0.599991 11.4
    endloop
  endfacet
  facet normal 0 0 1
    outer loop
      vertex 39.4 -0.599991 11.4
      vertex 30.6 0.599991 11.4
      vertex 30.6 -0.599991 11.4
    endloop
  endfacet
  facet normal -0 0 1
    outer loop
      vertex 30.6 10.6 11.4
      vertex 39.4 9.39999 11.4
      vertex 39.4 10.6 11.4
    endloop
  endfacet
  facet normal 0 0 1
    outer loop
      vertex 39.4 9.39999 11.4
      vertex 30.6 10.6 11.4
      vertex 30.6 9.39999 11.4
    endloop
  endfacet
  facet normal -0 0 1
    outer loop
      vertex 30.6 20.6 11.4
      vertex 39.4 19.4 11.4
      vertex 39.4 20.6 11.4
    endloop
  endfacet
  facet normal 0 0 1
    outer loop
      vertex 39.4 19.4 11.4
      vertex 30.6 20.6 11.4
      vertex 30.6 19.4 11.4
    endloop
  endfacet
  facet normal -0 0 1
    outer loop
      vertex 30.6 30.6 11.4
      vertex 39.4 29.4 11.4
      vertex 39.4 30.6 11.4
    endloop
  endfacet
  facet normal 0 0 1
    outer loop
      vertex 39.4 29.4 11.4
      vertex 30.6 30.6 11.4
      vertex 30.6 29.4 11.4
    endloop
  endfacet
  facet normal -0 0 1
    outer loop
      vertex 30.6 40.6 11.4
      vertex 39.4 39.4 11.4
      vertex 39.4 40.6 11.4
    endloop
  endfacet
  facet normal 0 0 1
    outer loop
      vertex 39.4 39.4 11.4
      vertex 30.6 40.6 11.4
      vertex 30.6 39.4 11.4
    endloop
  endfacet
  facet normal -0 0 1
    outer loop
      vertex 30.6 50.6 11.4
      vertex 39.4 49.4 11.4
      vertex 39.4 50.6 11.4
    endloop
  endfacet
  facet normal 0 0 1
    outer loop
      vertex 39.4 49.4 11.4
      vertex 30.6 50.6 11.4
      vertex 30.6 49.4 11.4
    endloop
  endfacet
  facet normal -0 0 1
    outer loop
      vertex 30.6 60.6 11.4
      vertex 39.4 59.4 11.4
      vertex 39.4 60.6 11.4
    endloop
  endfacet
  facet normal 0 0 1
    outer loop
      vertex 39.4 59.4 11.4
      vertex 30.6 60.6 11.4
      vertex 30.6 59.4 11.4
    endloop
  endfacet
  facet normal -0 0 1
    outer loop
      vertex 30.6 70.6 11.4
      vertex 39.4 69.4 11.4
      vertex 39.4 70.6 11.4
    endloop
  endfacet
  facet normal 0 0 1
    outer loop
      vertex 39.4 69.4 11.4
      vertex 30.6 70.6 11.4
      vertex 30.6 69.4 11.4
    endloop
  endfacet
  facet normal -0 0 1
    outer loop
      vertex 40.6 -69.4 11.4
      vertex 49.4 -70.6 11.4
      vertex 49.4 -69.4 11.4
    endloop
  endfacet
  facet normal 0 0 1
    outer loop
      vertex 49.4 -70.6 11.4
      vertex 40.6 -69.4 11.4
      vertex 40.6 -70.6 11.4
    endloop
  endfacet
  facet normal -0 0 1
    outer loop
      vertex 40.6 -59.4 11.4
      vertex 49.4 -60.6 11.4
      vertex 49.4 -59.4 11.4
    endloop
  endfacet
  facet normal 0 0 1
    outer loop
      vertex 49.4 -60.6 11.4
      vertex 40.6 -59.4 11.4
      vertex 40.6 -60.6 11.4
    endloop
  endfacet
  facet normal -0 0 1
    outer loop
      vertex 40.6 -49.4 11.4
      vertex 49.4 -50.6 11.4
      vertex 49.4 -49.4 11.4
    endloop
  endfacet
  facet normal 0 0 1
    outer loop
      vertex 49.4 -50.6 11.4
      vertex 40.6 -49.4 11.4
      vertex 40.6 -50.6 11.4
    endloop
  endfacet
  facet normal -0 0 1
    outer loop
      vertex 40.6 -39.4 11.4
      vertex 49.4 -40.6 11.4
      vertex 49.4 -39.4 11.4
    endloop
  endfacet
  facet normal 0 0 1
    outer loop
      vertex 49.4 -40.6 11.4
      vertex 40.6 -39.4 11.4
      vertex 40.6 -40.6 11.4
    endloop
  endfacet
  facet normal -0 0 1
    outer loop
      vertex 40.6 -29.4 11.4
      vertex 49.4 -30.6 11.4
      vertex 49.4 -29.4 11.4
    endloop
  endfacet
  facet normal 0 0 1
    outer loop
      vertex 49.4 -30.6 11.4
      vertex 40.6 -29.4 11.4
      vertex 40.6 -30.6 11.4
    endloop
  endfacet
  facet normal -0 0 1
    outer loop
      vertex 40.6 -19.4 11.4
      vertex 49.4 -20.6 11.4
      vertex 49.4 -19.4 11.4
    endloop
  endfacet
  facet normal 0 0 1
    outer loop
      vertex 49.4 -20.6 11.4
      vertex 40.6 -19.4 11.4
      vertex 40.6 -20.6 11.4
    endloop
  endfacet
  facet normal -0 0 1
    outer loop
      vertex 40.6 -9.39999 11.4
      vertex 49.4 -10.6 11.4
      vertex 49.4 -9.39999 11.4
    endloop
  endfacet
  facet normal 0 0 1
    outer loop
      vertex 49.4 -10.6 11.4
      vertex 40.6 -9.39999 11.4
      vertex 40.6 -10.6 11.4
    endloop
  endfacet
  facet normal -0 0 1
    outer loop
      vertex 40.6 0.599991 11.4
      vertex 49.4 -0.599991 11.4
      vertex 49.4 0.599991 11.4
    endloop
  endfacet
  facet normal 0 0 1
    outer loop
      vertex 49.4 -0.599991 11.4
      vertex 40.6 0.599991 11.4
      vertex 40.6 -0.599991 11.4
    endloop
  endfacet
  facet normal -0 0 1
    outer loop
      vertex 40.6 10.6 11.4
      vertex 49.4 9.39999 11.4
      vertex 49.4 10.6 11.4
    endloop
  endfacet
  facet normal 0 0 1
    outer loop
      vertex 49.4 9.39999 11.4
      vertex 40.6 10.6 11.4
      vertex 40.6 9.39999 11.4
    endloop
  endfacet
  facet normal -0 0 1
    outer loop
      vertex 40.6 20.6 11.4
      vertex 49.4 19.4 11.4
      vertex 49.4 20.6 11.4
    endloop
  endfacet
  facet normal 0 0 1
    outer loop
      vertex 49.4 19.4 11.4
      vertex 40.6 20.6 11.4
      vertex 40.6 19.4 11.4
    endloop
  endfacet
  facet normal -0 0 1
    outer loop
      vertex 40.6 30.6 11.4
      vertex 49.4 29.4 11.4
      vertex 49.4 30.6 11.4
    endloop
  endfacet
  facet normal 0 0 1
    outer loop
      vertex 49.4 29.4 11.4
      vertex 40.6 30.6 11.4
      vertex 40.6 29.4 11.4
    endloop
  endfacet
  facet normal -0 0 1
    outer loop
      vertex 40.6 40.6 11.4
      vertex 49.4 39.4 11.4
      vertex 49.4 40.6 11.4
    endloop
  endfacet
  facet normal 0 0 1
    outer loop
      vertex 49.4 39.4 11.4
      vertex 40.6 40.6 11.4
      vertex 40.6 39.4 11.4
    endloop
  endfacet
  facet normal -0 0 1
    outer loop
      vertex 40.6 50.6 11.4
      vertex 49.4 49.4 11.4
      vertex 49.4 50.6 11.4
    endloop
  endfacet
  facet normal 0 0 1
    outer loop
      vertex 49.4 49.4 11.4
      vertex 40.6 50.6 11.4
      vertex 40.6 49.4 11.4
    endloop
  endfacet
  facet normal -0 0 1
    outer loop
      vertex 40.6 60.6 11.4
      vertex 49.4 59.4 11.4
      vertex 49.4 60.6 11.4
    endloop
  endfacet
  facet normal 0 0 1
    outer loop
      vertex 49.4 59.4 11.4
      vertex 40.6 60.6 11.4
      vertex 40.6 59.4 11.4
    endloop
  endfacet
  facet normal -0 0 1
    outer loop
      vertex 40.6 70.6 11.4
      vertex 49.4 69.4 11.4
      vertex 49.4 70.6 11.4
    endloop
  endfacet
  facet normal 0 0 1
    outer loop
      vertex 49.4 69.4 11.4
      vertex 40.6 70.6 11.4
      vertex 40.6 69.4 11.4
    endloop
  endfacet
  facet normal -0 0 1
    outer loop
      vertex 50.6 -69.4 11.4
      vertex 59.4 -70.6 11.4
      vertex 59.4 -69.4 11.4
    endloop
  endfacet
  facet normal 0 0 1
    outer loop
      vertex 59.4 -70.6 11.4
      vertex 50.6 -69.4 11.4
      vertex 50.6 -70.6 11.4
    endloop
  endfacet
  facet normal -0 0 1
    outer loop
      vertex 50.6 -59.4 11.4
      vertex 59.4 -60.6 11.4
      vertex 59.4 -59.4 11.4
    endloop
  endfacet
  facet normal 0 0 1
    outer loop
      vertex 59.4 -60.6 11.4
      vertex 50.6 -59.4 11.4
      vertex 50.6 -60.6 11.4
    endloop
  endfacet
  facet normal -0 0 1
    outer loop
      vertex 50.6 -49.4 11.4
      vertex 59.4 -50.6 11.4
      vertex 59.4 -49.4 11.4
    endloop
  endfacet
  facet normal 0 0 1
    outer loop
      vertex 59.4 -50.6 11.4
      vertex 50.6 -49.4 11.4
      vertex 50.6 -50.6 11.4
    endloop
  endfacet
  facet normal -0 0 1
    outer loop
      vertex 50.6 -39.4 11.4
      vertex 59.4 -40.6 11.4
      vertex 59.4 -39.4 11.4
    endloop
  endfacet
  facet normal 0 0 1
    outer loop
      vertex 59.4 -40.6 11.4
      vertex 50.6 -39.4 11.4
      vertex 50.6 -40.6 11.4
    endloop
  endfacet
  facet normal -0 0 1
    outer loop
      vertex 50.6 -29.4 11.4
      vertex 59.4 -30.6 11.4
      vertex 59.4 -29.4 11.4
    endloop
  endfacet
  facet normal 0 0 1
    outer loop
      vertex 59.4 -30.6 11.4
      vertex 50.6 -29.4 11.4
      vertex 50.6 -30.6 11.4
    endloop
  endfacet
  facet normal -0 0 1
    outer loop
      vertex 50.6 -19.4 11.4
      vertex 59.4 -20.6 11.4
      vertex 59.4 -19.4 11.4
    endloop
  endfacet
  facet normal 0 0 1
    outer loop
      vertex 59.4 -20.6 11.4
      vertex 50.6 -19.4 11.4
      vertex 50.6 -20.6 11.4
    endloop
  endfacet
  facet normal -0 0 1
    outer loop
      vertex 50.6 -9.39999 11.4
      vertex 59.4 -10.6 11.4
      vertex 59.4 -9.39999 11.4
    endloop
  endfacet
  facet normal 0 0 1
    outer loop
      vertex 59.4 -10.6 11.4
      vertex 50.6 -9.39999 11.4
      vertex 50.6 -10.6 11.4
    endloop
  endfacet
  facet normal -0 0 1
    outer loop
      vertex 50.6 0.599991 11.4
      vertex 59.4 -0.599991 11.4
      vertex 59.4 0.599991 11.4
    endloop
  endfacet
  facet normal 0 0 1
    outer loop
      vertex 59.4 -0.599991 11.4
      vertex 50.6 0.599991 11.4
      vertex 50.6 -0.599991 11.4
    endloop
  endfacet
  facet normal -0 0 1
    outer loop
      vertex 50.6 10.6 11.4
      vertex 59.4 9.39999 11.4
      vertex 59.4 10.6 11.4
    endloop
  endfacet
  facet normal 0 0 1
    outer loop
      vertex 59.4 9.39999 11.4
      vertex 50.6 10.6 11.4
      vertex 50.6 9.39999 11.4
    endloop
  endfacet
  facet normal -0 0 1
    outer loop
      vertex 50.6 20.6 11.4
      vertex 59.4 19.4 11.4
      vertex 59.4 20.6 11.4
    endloop
  endfacet
  facet normal 0 0 1
    outer loop
      vertex 59.4 19.4 11.4
      vertex 50.6 20.6 11.4
      vertex 50.6 19.4 11.4
    endloop
  endfacet
  facet normal -0 0 1
    outer loop
      vertex 50.6 30.6 11.4
      vertex 59.4 29.4 11.4
      vertex 59.4 30.6 11.4
    endloop
  endfacet
  facet normal 0 0 1
    outer loop
      vertex 59.4 29.4 11.4
      vertex 50.6 30.6 11.4
      vertex 50.6 29.4 11.4
    endloop
  endfacet
  facet normal -0 0 1
    outer loop
      vertex 50.6 40.6 11.4
      vertex 59.4 39.4 11.4
      vertex 59.4 40.6 11.4
    endloop
  endfacet
  facet normal 0 0 1
    outer loop
      vertex 59.4 39.4 11.4
      vertex 50.6 40.6 11.4
      vertex 50.6 39.4 11.4
    endloop
  endfacet
  facet normal -0 0 1
    outer loop
      vertex 50.6 50.6 11.4
      vertex 59.4 49.4 11.4
      vertex 59.4 50.6 11.4
    endloop
  endfacet
  facet normal 0 0 1
    outer loop
      vertex 59.4 49.4 11.4
      vertex 50.6 50.6 11.4
      vertex 50.6 49.4 11.4
    endloop
  endfacet
  facet normal -0 0 1
    outer loop
      vertex 50.6 60.6 11.4
      vertex 59.4 59.4 11.4
      vertex 59.4 60.6 11.4
    endloop
  endfacet
  facet normal 0 0 1
    outer loop
      vertex 59.4 59.4 11.4
      vertex 50.6 60.6 11.4
      vertex 50.6 59.4 11.4
    endloop
  endfacet
  facet normal -0 0 1
    outer loop
      vertex 50.6 70.6 11.4
      vertex 59.4 69.4 11.4
      vertex 59.4 70.6 11.4
    endloop
  endfacet
  facet normal 0 0 1
    outer loop
      vertex 59.4 69.4 11.4
      vertex 50.6 70.6 11.4
      vertex 50.6 69.4 11.4
    endloop
  endfacet
  facet normal -0 0 1
    outer loop
      vertex 60.6 -69.4 11.4
      vertex 69.4 -70.6 11.4
      vertex 69.4 -69.4 11.4
    endloop
  endfacet
  facet normal 0 0 1
    outer loop
      vertex 69.4 -70.6 11.4
      vertex 60.6 -69.4 11.4
      vertex 60.6 -70.6 11.4
    endloop
  endfacet
  facet normal -0 0 1
    outer loop
      vertex 60.6 -59.4 11.4
      vertex 69.4 -60.6 11.4
      vertex 69.4 -59.4 11.4
    endloop
  endfacet
  facet normal 0 0 1
    outer loop
      vertex 69.4 -60.6 11.4
      vertex 60.6 -59.4 11.4
      vertex 60.6 -60.6 11.4
    endloop
  endfacet
  facet normal -0 0 1
    outer loop
      vertex 60.6 -49.4 11.4
      vertex 69.4 -50.6 11.4
      vertex 69.4 -49.4 11.4
    endloop
  endfacet
  facet normal 0 0 1
    outer loop
      vertex 69.4 -50.6 11.4
      vertex 60.6 -49.4 11.4
      vertex 60.6 -50.6 11.4
    endloop
  endfacet
  facet normal -0 0 1
    outer loop
      vertex 60.6 -39.4 11.4
      vertex 69.4 -40.6 11.4
      vertex 69.4 -39.4 11.4
    endloop
  endfacet
  facet normal 0 0 1
    outer loop
      vertex 69.4 -40.6 11.4
      vertex 60.6 -39.4 11.4
      vertex 60.6 -40.6 11.4
    endloop
  endfacet
  facet normal -0 0 1
    outer loop
      vertex 60.6 -29.4 11.4
      vertex 69.4 -30.6 11.4
      vertex 69.4 -29.4 11.4
    endloop
  endfacet
  facet normal 0 0 1
    outer loop
      vertex 69.4 -30.6 11.4
      vertex 60.6 -29.4 11.4
      vertex 60.6 -30.6 11.4
    endloop
  endfacet
  facet normal -0 0 1
    outer loop
      vertex 60.6 -19.4 11.4
      vertex 69.4 -20.6 11.4
      vertex 69.4 -19.4 11.4
    endloop
  endfacet
  facet normal 0 0 1
    outer loop
      vertex 69.4 -20.6 11.4
      vertex 60.6 -19.4 11.4
      vertex 60.6 -20.6 11.4
    endloop
  endfacet
  facet normal -0 0 1
    outer loop
      vertex 60.6 -9.39999 11.4
      vertex 69.4 -10.6 11.4
      vertex 69.4 -9.39999 11.4
    endloop
  endfacet
  facet normal 0 0 1
    outer loop
      vertex 69.4 -10.6 11.4
      vertex 60.6 -9.39999 11.4
      vertex 60.6 -10.6 11.4
    endloop
  endfacet
  facet normal -0 0 1
    outer loop
      vertex 60.6 0.599991 11.4
      vertex 69.4 -0.599991 11.4
      vertex 69.4 0.599991 11.4
    endloop
  endfacet
  facet normal 0 0 1
    outer loop
      vertex 69.4 -0.599991 11.4
      vertex 60.6 0.599991 11.4
      vertex 60.6 -0.599991 11.4
    endloop
  endfacet
  facet normal -0 0 1
    outer loop
      vertex 60.6 10.6 11.4
      vertex 69.4 9.39999 11.4
      vertex 69.4 10.6 11.4
    endloop
  endfacet
  facet normal 0 0 1
    outer loop
      vertex 69.4 9.39999 11.4
      vertex 60.6 10.6 11.4
      vertex 60.6 9.39999 11.4
    endloop
  endfacet
  facet normal -0 0 1
    outer loop
      vertex 60.6 20.6 11.4
      vertex 69.4 19.4 11.4
      vertex 69.4 20.6 11.4
    endloop
  endfacet
  facet normal 0 0 1
    outer loop
      vertex 69.4 19.4 11.4
      vertex 60.6 20.6 11.4
      vertex 60.6 19.4 11.4
    endloop
  endfacet
  facet normal -0 0 1
    outer loop
      vertex 60.6 30.6 11.4
      vertex 69.4 29.4 11.4
      vertex 69.4 30.6 11.4
    endloop
  endfacet
  facet normal 0 0 1
    outer loop
      vertex 69.4 29.4 11.4
      vertex 60.6 30.6 11.4
      vertex 60.6 29.4 11.4
    endloop
  endfacet
  facet normal -0 0 1
    outer loop
      vertex 60.6 40.6 11.4
      vertex 69.4 39.4 11.4
      vertex 69.4 40.6 11.4
    endloop
  endfacet
  facet normal 0 0 1
    outer loop
      vertex 69.4 39.4 11.4
      vertex 60.6 40.6 11.4
      vertex 60.6 39.4 11.4
    endloop
  endfacet
  facet normal -0 0 1
    outer loop
      vertex 60.6 50.6 11.4
      vertex 69.4 49.4 11.4
      vertex 69.4 50.6 11.4
    endloop
  endfacet
  facet normal 0 0 1
    outer loop
      vertex 69.4 49.4 11.4
      vertex 60.6 50.6 11.4
      vertex 60.6 49.4 11.4
    endloop
  endfacet
  facet normal -0 0 1
    outer loop
      vertex 60.6 60.6 11.4
      vertex 69.4 59.4 11.4
      vertex 69.4 60.6 11.4
    endloop
  endfacet
  facet normal 0 0 1
    outer loop
      vertex 69.4 59.4 11.4
      vertex 60.6 60.6 11.4
      vertex 60.6 59.4 11.4
    endloop
  endfacet
  facet normal -0 0 1
    outer loop
      vertex 60.6 70.6 11.4
      vertex 69.4 69.4 11.4
      vertex 69.4 70.6 11.4
    endloop
  endfacet
  facet normal 0 0 1
    outer loop
      vertex 69.4 69.4 11.4
      vertex 60.6 70.6 11.4
      vertex 60.6 69.4 11.4
    endloop
  endfacet
  facet normal -0 0 1
    outer loop
      vertex 70.6 -69.4 11.4
      vertex 78.9 -70.6 11.4
      vertex 78.9 -69.4 11.4
    endloop
  endfacet
  facet normal 0 0 1
    outer loop
      vertex 78.9 -70.6 11.4
      vertex 70.6 -69.4 11.4
      vertex 70.6 -70.6 11.4
    endloop
  endfacet
  facet normal -0 0 1
    outer loop
      vertex 70.6 -59.4 11.4
      vertex 78.9 -60.6 11.4
      vertex 78.9 -59.4 11.4
    endloop
  endfacet
  facet normal 0 0 1
    outer loop
      vertex 78.9 -60.6 11.4
      vertex 70.6 -59.4 11.4
      vertex 70.6 -60.6 11.4
    endloop
  endfacet
  facet normal -0 0 1
    outer loop
      vertex 70.6 -49.4 11.4
      vertex 78.9 -50.6 11.4
      vertex 78.9 -49.4 11.4
    endloop
  endfacet
  facet normal 0 0 1
    outer loop
      vertex 78.9 -50.6 11.4
      vertex 70.6 -49.4 11.4
      vertex 70.6 -50.6 11.4
    endloop
  endfacet
  facet normal -0 0 1
    outer loop
      vertex 70.6 -39.4 11.4
      vertex 78.9 -40.6 11.4
      vertex 78.9 -39.4 11.4
    endloop
  endfacet
  facet normal 0 0 1
    outer loop
      vertex 78.9 -40.6 11.4
      vertex 70.6 -39.4 11.4
      vertex 70.6 -40.6 11.4
    endloop
  endfacet
  facet normal -0 0 1
    outer loop
      vertex 70.6 -29.4 11.4
      vertex 78.9 -30.6 11.4
      vertex 78.9 -29.4 11.4
    endloop
  endfacet
  facet normal 0 0 1
    outer loop
      vertex 78.9 -30.6 11.4
      vertex 70.6 -29.4 11.4
      vertex 70.6 -30.6 11.4
    endloop
  endfacet
  facet normal -0 0 1
    outer loop
      vertex 70.6 -19.4 11.4
      vertex 78.9 -20.6 11.4
      vertex 78.9 -19.4 11.4
    endloop
  endfacet
  facet normal 0 0 1
    outer loop
      vertex 78.9 -20.6 11.4
      vertex 70.6 -19.4 11.4
      vertex 70.6 -20.6 11.4
    endloop
  endfacet
  facet normal -0 0 1
    outer loop
      vertex 70.6 -9.39999 11.4
      vertex 78.9 -10.6 11.4
      vertex 78.9 -9.39999 11.4
    endloop
  endfacet
  facet normal 0 0 1
    outer loop
      vertex 78.9 -10.6 11.4
      vertex 70.6 -9.39999 11.4
      vertex 70.6 -10.6 11.4
    endloop
  endfacet
  facet normal -0 0 1
    outer loop
      vertex 70.6 0.599991 11.4
      vertex 78.9 -0.599991 11.4
      vertex 78.9 0.599991 11.4
    endloop
  endfacet
  facet normal 0 0 1
    outer loop
      vertex 78.9 -0.599991 11.4
      vertex 70.6 0.599991 11.4
      vertex 70.6 -0.599991 11.4
    endloop
  endfacet
  facet normal -0 0 1
    outer loop
      vertex 70.6 10.6 11.4
      vertex 78.9 9.39999 11.4
      vertex 78.9 10.6 11.4
    endloop
  endfacet
  facet normal 0 0 1
    outer loop
      vertex 78.9 9.39999 11.4
      vertex 70.6 10.6 11.4
      vertex 70.6 9.39999 11.4
    endloop
  endfacet
  facet normal -0 0 1
    outer loop
      vertex 70.6 20.6 11.4
      vertex 78.9 19.4 11.4
      vertex 78.9 20.6 11.4
    endloop
  endfacet
  facet normal 0 0 1
    outer loop
      vertex 78.9 19.4 11.4
      vertex 70.6 20.6 11.4
      vertex 70.6 19.4 11.4
    endloop
  endfacet
  facet normal -0 0 1
    outer loop
      vertex 70.6 30.6 11.4
      vertex 78.9 29.4 11.4
      vertex 78.9 30.6 11.4
    endloop
  endfacet
  facet normal 0 0 1
    outer loop
      vertex 78.9 29.4 11.4
      vertex 70.6 30.6 11.4
      vertex 70.6 29.4 11.4
    endloop
  endfacet
  facet normal -0 0 1
    outer loop
      vertex 70.6 40.6 11.4
      vertex 78.9 39.4 11.4
      vertex 78.9 40.6 11.4
    endloop
  endfacet
  facet normal 0 0 1
    outer loop
      vertex 78.9 39.4 11.4
      vertex 70.6 40.6 11.4
      vertex 70.6 39.4 11.4
    endloop
  endfacet
  facet normal -0 0 1
    outer loop
      vertex 70.6 50.6 11.4
      vertex 78.9 49.4 11.4
      vertex 78.9 50.6 11.4
    endloop
  endfacet
  facet normal 0 0 1
    outer loop
      vertex 78.9 49.4 11.4
      vertex 70.6 50.6 11.4
      vertex 70.6 49.4 11.4
    endloop
  endfacet
  facet normal -0 0 1
    outer loop
      vertex 70.6 60.6 11.4
      vertex 78.9 59.4 11.4
      vertex 78.9 60.6 11.4
    endloop
  endfacet
  facet normal 0 0 1
    outer loop
      vertex 78.9 59.4 11.4
      vertex 70.6 60.6 11.4
      vertex 70.6 59.4 11.4
    endloop
  endfacet
  facet normal -0 0 1
    outer loop
      vertex 70.6 70.6 11.4
      vertex 78.9 69.4 11.4
      vertex 78.9 70.6 11.4
    endloop
  endfacet
  facet normal 0 0 1
    outer loop
      vertex 78.9 69.4 11.4
      vertex 70.6 70.6 11.4
      vertex 70.6 69.4 11.4
    endloop
  endfacet
  facet normal 0 0 1
    outer loop
      vertex 78.9 70.6 11.4
      vertex 80.1 80.1 11.4
      vertex 78.9 78.9 11.4
    endloop
  endfacet
  facet normal 0 0 1
    outer loop
      vertex 80.1 80.1 11.4
      vertex 70.6 78.9 11.4
      vertex 78.9 78.9 11.4
    endloop
  endfacet
  facet normal 0 0 1
    outer loop
      vertex 69.4 70.6 11.4
      vertex 70.6 70.6 11.4
      vertex 70.6 78.9 11.4
    endloop
  endfacet
  facet normal 0 0 1
    outer loop
      vertex 70.6 70.6 11.4
      vertex 69.4 70.6 11.4
      vertex 70.6 69.4 11.4
    endloop
  endfacet
  facet normal 0 0 1
    outer loop
      vertex 70.6 69.4 11.4
      vertex 69.4 69.4 11.4
      vertex 70.6 60.6 11.4
    endloop
  endfacet
  facet normal 0 0 1
    outer loop
      vertex 69.4 60.6 11.4
      vertex 70.6 60.6 11.4
      vertex 69.4 69.4 11.4
    endloop
  endfacet
  facet normal 0 0 1
    outer loop
      vertex 69.4 59.4 11.4
      vertex 70.6 59.4 11.4
      vertex 69.4 60.6 11.4
    endloop
  endfacet
  facet normal 0 0 1
    outer loop
      vertex 70.6 59.4 11.4
      vertex 69.4 59.4 11.4
      vertex 70.6 50.6 11.4
    endloop
  endfacet
  facet normal 0 0 1
    outer loop
      vertex 70.6 50.6 11.4
      vertex 69.4 50.6 11.4
      vertex 70.6 49.4 11.4
    endloop
  endfacet
  facet normal 0 0 1
    outer loop
      vertex 69.4 49.4 11.4
      vertex 70.6 49.4 11.4
      vertex 69.4 50.6 11.4
    endloop
  endfacet
  facet normal 0 0 1
    outer loop
      vertex 69.4 40.6 11.4
      vertex 70.6 40.6 11.4
      vertex 69.4 49.4 11.4
    endloop
  endfacet
  facet normal 0 0 1
    outer loop
      vertex 70.6 40.6 11.4
      vertex 69.4 40.6 11.4
      vertex 70.6 39.4 11.4
    endloop
  endfacet
  facet normal 0 0 1
    outer loop
      vertex 70.6 39.4 11.4
      vertex 69.4 39.4 11.4
      vertex 70.6 30.6 11.4
    endloop
  endfacet
  facet normal 0 0 1
    outer loop
      vertex 69.4 30.6 11.4
      vertex 70.6 30.6 11.4
      vertex 69.4 39.4 11.4
    endloop
  endfacet
  facet normal 0 0 1
    outer loop
      vertex 69.4 29.4 11.4
      vertex 70.6 29.4 11.4
      vertex 69.4 30.6 11.4
    endloop
  endfacet
  facet normal 0 0 1
    outer loop
      vertex 69.4 20.6 11.4
      vertex 70.6 20.6 11.4
      vertex 69.4 29.4 11.4
    endloop
  endfacet
  facet normal 0 0 1
    outer loop
      vertex 69.4 19.4 11.4
      vertex 70.6 19.4 11.4
      vertex 69.4 20.6 11.4
    endloop
  endfacet
  facet normal 0 0 1
    outer loop
      vertex 70.6 19.4 11.4
      vertex 69.4 19.4 11.4
      vertex 70.6 10.6 11.4
    endloop
  endfacet
  facet normal 0 0 1
    outer loop
      vertex 70.6 10.6 11.4
      vertex 69.4 10.6 11.4
      vertex 70.6 9.39999 11.4
    endloop
  endfacet
  facet normal 0 0 1
    outer loop
      vertex 69.4 9.39999 11.4
      vertex 70.6 9.39999 11.4
      vertex 69.4 10.6 11.4
    endloop
  endfacet
  facet normal 0 0 1
    outer loop
      vertex 69.4 0.599991 11.4
      vertex 70.6 0.599991 11.4
      vertex 69.4 9.39999 11.4
    endloop
  endfacet
  facet normal 0 0 1
    outer loop
      vertex 70.6 0.599991 11.4
      vertex 69.4 0.599991 11.4
      vertex 70.6 -0.599991 11.4
    endloop
  endfacet
  facet normal 0 0 1
    outer loop
      vertex 69.4 -0.599991 11.4
      vertex 70.6 -0.599991 11.4
      vertex 69.4 0.599991 11.4
    endloop
  endfacet
  facet normal 0 0 1
    outer loop
      vertex 70.6 -0.599991 11.4
      vertex 69.4 -0.599991 11.4
      vertex 70.6 -9.39999 11.4
    endloop
  endfacet
  facet normal 0 0 1
    outer loop
      vertex 69.4 -9.39999 11.4
      vertex 70.6 -9.39999 11.4
      vertex 69.4 -0.599991 11.4
    endloop
  endfacet
  facet normal 0 0 1
    outer loop
      vertex 70.6 -9.39999 11.4
      vertex 69.4 -9.39999 11.4
      vertex 70.6 -10.6 11.4
    endloop
  endfacet
  facet normal 0 0 1
    outer loop
      vertex 69.4 -10.6 11.4
      vertex 70.6 -10.6 11.4
      vertex 69.4 -9.39999 11.4
    endloop
  endfacet
  facet normal 0 0 1
    outer loop
      vertex 70.6 -10.6 11.4
      vertex 69.4 -10.6 11.4
      vertex 70.6 -19.4 11.4
    endloop
  endfacet
  facet normal 0 0 1
    outer loop
      vertex 69.4 -19.4 11.4
      vertex 70.6 -19.4 11.4
      vertex 69.4 -10.6 11.4
    endloop
  endfacet
  facet normal 0 0 1
    outer loop
      vertex 70.6 -19.4 11.4
      vertex 69.4 -19.4 11.4
      vertex 70.6 -20.6 11.4
    endloop
  endfacet
  facet normal 0 0 1
    outer loop
      vertex 69.4 -20.6 11.4
      vertex 70.6 -20.6 11.4
      vertex 69.4 -19.4 11.4
    endloop
  endfacet
  facet normal 0 0 1
    outer loop
      vertex 70.6 -20.6 11.4
      vertex 69.4 -20.6 11.4
      vertex 70.6 -29.4 11.4
    endloop
  endfacet
  facet normal 0 0 1
    outer loop
      vertex 69.4 70.6 11.4
      vertex 70.6 78.9 11.4
      vertex 69.4 78.9 11.4
    endloop
  endfacet
  facet normal 0 0 1
    outer loop
      vertex 80.1 80.1 11.4
      vertex 69.4 78.9 11.4
      vertex 70.6 78.9 11.4
    endloop
  endfacet
  facet normal 0 0 1
    outer loop
      vertex 80.1 80.1 11.4
      vertex 60.6 78.9 11.4
      vertex 69.4 78.9 11.4
    endloop
  endfacet
  facet normal 0 0 1
    outer loop
      vertex 59.4 70.6 11.4
      vertex 60.6 70.6 11.4
      vertex 60.6 78.9 11.4
    endloop
  endfacet
  facet normal 0 0 1
    outer loop
      vertex 60.6 70.6 11.4
      vertex 59.4 70.6 11.4
      vertex 60.6 69.4 11.4
    endloop
  endfacet
  facet normal 0 0 1
    outer loop
      vertex 60.6 69.4 11.4
      vertex 59.4 69.4 11.4
      vertex 60.6 60.6 11.4
    endloop
  endfacet
  facet normal 0 0 1
    outer loop
      vertex 59.4 60.6 11.4
      vertex 60.6 60.6 11.4
      vertex 59.4 69.4 11.4
    endloop
  endfacet
  facet normal 0 0 1
    outer loop
      vertex 59.4 59.4 11.4
      vertex 60.6 59.4 11.4
      vertex 59.4 60.6 11.4
    endloop
  endfacet
  facet normal 0 0 1
    outer loop
      vertex 60.6 59.4 11.4
      vertex 59.4 59.4 11.4
      vertex 60.6 50.6 11.4
    endloop
  endfacet
  facet normal 0 0 1
    outer loop
      vertex 60.6 50.6 11.4
      vertex 59.4 50.6 11.4
      vertex 60.6 49.4 11.4
    endloop
  endfacet
  facet normal 0 0 1
    outer loop
      vertex 59.4 49.4 11.4
      vertex 60.6 49.4 11.4
      vertex 59.4 50.6 11.4
    endloop
  endfacet
  facet normal 0 0 1
    outer loop
      vertex 59.4 40.6 11.4
      vertex 60.6 40.6 11.4
      vertex 59.4 49.4 11.4
    endloop
  endfacet
  facet normal 0 0 1
    outer loop
      vertex 60.6 40.6 11.4
      vertex 59.4 40.6 11.4
      vertex 60.6 39.4 11.4
    endloop
  endfacet
  facet normal 0 0 1
    outer loop
      vertex 60.6 39.4 11.4
      vertex 59.4 39.4 11.4
      vertex 60.6 30.6 11.4
    endloop
  endfacet
  facet normal 0 0 1
    outer loop
      vertex 59.4 30.6 11.4
      vertex 60.6 30.6 11.4
      vertex 59.4 39.4 11.4
    endloop
  endfacet
  facet normal 0 0 1
    outer loop
      vertex 59.4 29.4 11.4
      vertex 60.6 29.4 11.4
      vertex 59.4 30.6 11.4
    endloop
  endfacet
  facet normal 0 0 1
    outer loop
      vertex 59.4 20.6 11.4
      vertex 60.6 20.6 11.4
      vertex 59.4 29.4 11.4
    endloop
  endfacet
  facet normal 0 0 1
    outer loop
      vertex 59.4 19.4 11.4
      vertex 60.6 19.4 11.4
      vertex 59.4 20.6 11.4
    endloop
  endfacet
  facet normal 0 0 1
    outer loop
      vertex 60.6 19.4 11.4
      vertex 59.4 19.4 11.4
      vertex 60.6 10.6 11.4
    endloop
  endfacet
  facet normal 0 0 1
    outer loop
      vertex 60.6 10.6 11.4
      vertex 59.4 10.6 11.4
      vertex 60.6 9.39999 11.4
    endloop
  endfacet
  facet normal 0 0 1
    outer loop
      vertex 59.4 9.39999 11.4
      vertex 60.6 9.39999 11.4
      vertex 59.4 10.6 11.4
    endloop
  endfacet
  facet normal 0 0 1
    outer loop
      vertex 59.4 0.599991 11.4
      vertex 60.6 0.599991 11.4
      vertex 59.4 9.39999 11.4
    endloop
  endfacet
  facet normal 0 0 1
    outer loop
      vertex 60.6 0.599991 11.4
      vertex 59.4 0.599991 11.4
      vertex 60.6 -0.599991 11.4
    endloop
  endfacet
  facet normal 0 0 1
    outer loop
      vertex 59.4 -0.599991 11.4
      vertex 60.6 -0.599991 11.4
      vertex 59.4 0.599991 11.4
    endloop
  endfacet
  facet normal 0 0 1
    outer loop
      vertex 60.6 -0.599991 11.4
      vertex 59.4 -0.599991 11.4
      vertex 60.6 -9.39999 11.4
    endloop
  endfacet
  facet normal 0 0 1
    outer loop
      vertex 59.4 -9.39999 11.4
      vertex 60.6 -9.39999 11.4
      vertex 59.4 -0.599991 11.4
    endloop
  endfacet
  facet normal 0 0 1
    outer loop
      vertex 60.6 -9.39999 11.4
      vertex 59.4 -9.39999 11.4
      vertex 60.6 -10.6 11.4
    endloop
  endfacet
  facet normal 0 0 1
    outer loop
      vertex 59.4 -10.6 11.4
      vertex 60.6 -10.6 11.4
      vertex 59.4 -9.39999 11.4
    endloop
  endfacet
  facet normal 0 0 1
    outer loop
      vertex 60.6 -10.6 11.4
      vertex 59.4 -10.6 11.4
      vertex 60.6 -19.4 11.4
    endloop
  endfacet
  facet normal 0 0 1
    outer loop
      vertex 59.4 -19.4 11.4
      vertex 60.6 -19.4 11.4
      vertex 59.4 -10.6 11.4
    endloop
  endfacet
  facet normal 0 0 1
    outer loop
      vertex 60.6 -19.4 11.4
      vertex 59.4 -19.4 11.4
      vertex 60.6 -20.6 11.4
    endloop
  endfacet
  facet normal 0 0 1
    outer loop
      vertex 59.4 -20.6 11.4
      vertex 60.6 -20.6 11.4
      vertex 59.4 -19.4 11.4
    endloop
  endfacet
  facet normal 0 0 1
    outer loop
      vertex 60.6 -20.6 11.4
      vertex 59.4 -20.6 11.4
      vertex 60.6 -29.4 11.4
    endloop
  endfacet
  facet normal 0 0 1
    outer loop
      vertex 59.4 70.6 11.4
      vertex 60.6 78.9 11.4
      vertex 59.4 78.9 11.4
    endloop
  endfacet
  facet normal 0 0 1
    outer loop
      vertex 80.1 80.1 11.4
      vertex 59.4 78.9 11.4
      vertex 60.6 78.9 11.4
    endloop
  endfacet
  facet normal 0 0 1
    outer loop
      vertex 80.1 80.1 11.4
      vertex 50.6 78.9 11.4
      vertex 59.4 78.9 11.4
    endloop
  endfacet
  facet normal 0 0 1
    outer loop
      vertex 49.4 70.6 11.4
      vertex 50.6 70.6 11.4
      vertex 50.6 78.9 11.4
    endloop
  endfacet
  facet normal 0 0 1
    outer loop
      vertex 50.6 70.6 11.4
      vertex 49.4 70.6 11.4
      vertex 50.6 69.4 11.4
    endloop
  endfacet
  facet normal 0 0 1
    outer loop
      vertex 50.6 69.4 11.4
      vertex 49.4 69.4 11.4
      vertex 50.6 60.6 11.4
    endloop
  endfacet
  facet normal 0 0 1
    outer loop
      vertex 49.4 60.6 11.4
      vertex 50.6 60.6 11.4
      vertex 49.4 69.4 11.4
    endloop
  endfacet
  facet normal 0 0 1
    outer loop
      vertex 49.4 59.4 11.4
      vertex 50.6 59.4 11.4
      vertex 49.4 60.6 11.4
    endloop
  endfacet
  facet normal 0 0 1
    outer loop
      vertex 50.6 59.4 11.4
      vertex 49.4 59.4 11.4
      vertex 50.6 50.6 11.4
    endloop
  endfacet
  facet normal 0 0 1
    outer loop
      vertex 50.6 50.6 11.4
      vertex 49.4 50.6 11.4
      vertex 50.6 49.4 11.4
    endloop
  endfacet
  facet normal 0 0 1
    outer loop
      vertex 49.4 49.4 11.4
      vertex 50.6 49.4 11.4
      vertex 49.4 50.6 11.4
    endloop
  endfacet
  facet normal 0 0 1
    outer loop
      vertex 49.4 40.6 11.4
      vertex 50.6 40.6 11.4
      vertex 49.4 49.4 11.4
    endloop
  endfacet
  facet normal 0 0 1
    outer loop
      vertex 50.6 40.6 11.4
      vertex 49.4 40.6 11.4
      vertex 50.6 39.4 11.4
    endloop
  endfacet
  facet normal 0 0 1
    outer loop
      vertex 50.6 39.4 11.4
      vertex 49.4 39.4 11.4
      vertex 50.6 30.6 11.4
    endloop
  endfacet
  facet normal 0 0 1
    outer loop
      vertex 49.4 30.6 11.4
      vertex 50.6 30.6 11.4
      vertex 49.4 39.4 11.4
    endloop
  endfacet
  facet normal 0 0 1
    outer loop
      vertex 49.4 29.4 11.4
      vertex 50.6 29.4 11.4
      vertex 49.4 30.6 11.4
    endloop
  endfacet
  facet normal 0 0 1
    outer loop
      vertex 49.4 20.6 11.4
      vertex 50.6 20.6 11.4
      vertex 49.4 29.4 11.4
    endloop
  endfacet
  facet normal 0 0 1
    outer loop
      vertex 49.4 19.4 11.4
      vertex 50.6 19.4 11.4
      vertex 49.4 20.6 11.4
    endloop
  endfacet
  facet normal 0 0 1
    outer loop
      vertex 50.6 19.4 11.4
      vertex 49.4 19.4 11.4
      vertex 50.6 10.6 11.4
    endloop
  endfacet
  facet normal 0 0 1
    outer loop
      vertex 50.6 10.6 11.4
      vertex 49.4 10.6 11.4
      vertex 50.6 9.39999 11.4
    endloop
  endfacet
  facet normal 0 0 1
    outer loop
      vertex 49.4 9.39999 11.4
      vertex 50.6 9.39999 11.4
      vertex 49.4 10.6 11.4
    endloop
  endfacet
  facet normal 0 0 1
    outer loop
      vertex 49.4 0.599991 11.4
      vertex 50.6 0.599991 11.4
      vertex 49.4 9.39999 11.4
    endloop
  endfacet
  facet normal 0 0 1
    outer loop
      vertex 50.6 0.599991 11.4
      vertex 49.4 0.599991 11.4
      vertex 50.6 -0.599991 11.4
    endloop
  endfacet
  facet normal 0 0 1
    outer loop
      vertex 49.4 -0.599991 11.4
      vertex 50.6 -0.599991 11.4
      vertex 49.4 0.599991 11.4
    endloop
  endfacet
  facet normal 0 0 1
    outer loop
      vertex 50.6 -0.599991 11.4
      vertex 49.4 -0.599991 11.4
      vertex 50.6 -9.39999 11.4
    endloop
  endfacet
  facet normal 0 0 1
    outer loop
      vertex 49.4 -9.39999 11.4
      vertex 50.6 -9.39999 11.4
      vertex 49.4 -0.599991 11.4
    endloop
  endfacet
  facet normal 0 0 1
    outer loop
      vertex 50.6 -9.39999 11.4
      vertex 49.4 -9.39999 11.4
      vertex 50.6 -10.6 11.4
    endloop
  endfacet
  facet normal 0 0 1
    outer loop
      vertex 49.4 -10.6 11.4
      vertex 50.6 -10.6 11.4
      vertex 49.4 -9.39999 11.4
    endloop
  endfacet
  facet normal 0 0 1
    outer loop
      vertex 50.6 -10.6 11.4
      vertex 49.4 -10.6 11.4
      vertex 50.6 -19.4 11.4
    endloop
  endfacet
  facet normal 0 0 1
    outer loop
      vertex 49.4 -19.4 11.4
      vertex 50.6 -19.4 11.4
      vertex 49.4 -10.6 11.4
    endloop
  endfacet
  facet normal 0 0 1
    outer loop
      vertex 50.6 -19.4 11.4
      vertex 49.4 -19.4 11.4
      vertex 50.6 -20.6 11.4
    endloop
  endfacet
  facet normal 0 0 1
    outer loop
      vertex 49.4 -20.6 11.4
      vertex 50.6 -20.6 11.4
      vertex 49.4 -19.4 11.4
    endloop
  endfacet
  facet normal 0 0 1
    outer loop
      vertex 50.6 -20.6 11.4
      vertex 49.4 -20.6 11.4
      vertex 50.6 -29.4 11.4
    endloop
  endfacet
  facet normal 0 0 1
    outer loop
      vertex 49.4 70.6 11.4
      vertex 50.6 78.9 11.4
      vertex 49.4 78.9 11.4
    endloop
  endfacet
  facet normal 0 0 1
    outer loop
      vertex 80.1 80.1 11.4
      vertex 49.4 78.9 11.4
      vertex 50.6 78.9 11.4
    endloop
  endfacet
  facet normal 0 0 1
    outer loop
      vertex 80.1 80.1 11.4
      vertex 40.6 78.9 11.4
      vertex 49.4 78.9 11.4
    endloop
  endfacet
  facet normal 0 0 1
    outer loop
      vertex 39.4 70.6 11.4
      vertex 40.6 70.6 11.4
      vertex 40.6 78.9 11.4
    endloop
  endfacet
  facet normal 0 0 1
    outer loop
      vertex 40.6 70.6 11.4
      vertex 39.4 70.6 11.4
      vertex 40.6 69.4 11.4
    endloop
  endfacet
  facet normal 0 0 1
    outer loop
      vertex 40.6 69.4 11.4
      vertex 39.4 69.4 11.4
      vertex 40.6 60.6 11.4
    endloop
  endfacet
  facet normal 0 0 1
    outer loop
      vertex 39.4 60.6 11.4
      vertex 40.6 60.6 11.4
      vertex 39.4 69.4 11.4
    endloop
  endfacet
  facet normal 0 0 1
    outer loop
      vertex 39.4 59.4 11.4
      vertex 40.6 59.4 11.4
      vertex 39.4 60.6 11.4
    endloop
  endfacet
  facet normal 0 0 1
    outer loop
      vertex 40.6 59.4 11.4
      vertex 39.4 59.4 11.4
      vertex 40.6 50.6 11.4
    endloop
  endfacet
  facet normal 0 0 1
    outer loop
      vertex 40.6 50.6 11.4
      vertex 39.4 50.6 11.4
      vertex 40.6 49.4 11.4
    endloop
  endfacet
  facet normal 0 0 1
    outer loop
      vertex 39.4 49.4 11.4
      vertex 40.6 49.4 11.4
      vertex 39.4 50.6 11.4
    endloop
  endfacet
  facet normal 0 0 1
    outer loop
      vertex 39.4 40.6 11.4
      vertex 40.6 40.6 11.4
      vertex 39.4 49.4 11.4
    endloop
  endfacet
  facet normal 0 0 1
    outer loop
      vertex 40.6 40.6 11.4
      vertex 39.4 40.6 11.4
      vertex 40.6 39.4 11.4
    endloop
  endfacet
  facet normal 0 0 1
    outer loop
      vertex 40.6 39.4 11.4
      vertex 39.4 39.4 11.4
      vertex 40.6 30.6 11.4
    endloop
  endfacet
  facet normal 0 0 1
    outer loop
      vertex 39.4 30.6 11.4
      vertex 40.6 30.6 11.4
      vertex 39.4 39.4 11.4
    endloop
  endfacet
  facet normal 0 0 1
    outer loop
      vertex 39.4 29.4 11.4
      vertex 40.6 29.4 11.4
      vertex 39.4 30.6 11.4
    endloop
  endfacet
  facet normal 0 0 1
    outer loop
      vertex 39.4 20.6 11.4
      vertex 40.6 20.6 11.4
      vertex 39.4 29.4 11.4
    endloop
  endfacet
  facet normal 0 0 1
    outer loop
      vertex 39.4 19.4 11.4
      vertex 40.6 19.4 11.4
      vertex 39.4 20.6 11.4
    endloop
  endfacet
  facet normal 0 0 1
    outer loop
      vertex 40.6 19.4 11.4
      vertex 39.4 19.4 11.4
      vertex 40.6 10.6 11.4
    endloop
  endfacet
  facet normal 0 0 1
    outer loop
      vertex 40.6 10.6 11.4
      vertex 39.4 10.6 11.4
      vertex 40.6 9.39999 11.4
    endloop
  endfacet
  facet normal 0 0 1
    outer loop
      vertex 39.4 9.39999 11.4
      vertex 40.6 9.39999 11.4
      vertex 39.4 10.6 11.4
    endloop
  endfacet
  facet normal 0 0 1
    outer loop
      vertex 39.4 0.599991 11.4
      vertex 40.6 0.599991 11.4
      vertex 39.4 9.39999 11.4
    endloop
  endfacet
  facet normal 0 0 1
    outer loop
      vertex 40.6 0.599991 11.4
      vertex 39.4 0.599991 11.4
      vertex 40.6 -0.599991 11.4
    endloop
  endfacet
  facet normal 0 0 1
    outer loop
      vertex 39.4 -0.599991 11.4
      vertex 40.6 -0.599991 11.4
      vertex 39.4 0.599991 11.4
    endloop
  endfacet
  facet normal 0 0 1
    outer loop
      vertex 40.6 -0.599991 11.4
      vertex 39.4 -0.599991 11.4
      vertex 40.6 -9.39999 11.4
    endloop
  endfacet
  facet normal 0 0 1
    outer loop
      vertex 39.4 -9.39999 11.4
      vertex 40.6 -9.39999 11.4
      vertex 39.4 -0.599991 11.4
    endloop
  endfacet
  facet normal 0 0 1
    outer loop
      vertex 40.6 -9.39999 11.4
      vertex 39.4 -9.39999 11.4
      vertex 40.6 -10.6 11.4
    endloop
  endfacet
  facet normal 0 0 1
    outer loop
      vertex 39.4 -10.6 11.4
      vertex 40.6 -10.6 11.4
      vertex 39.4 -9.39999 11.4
    endloop
  endfacet
  facet normal 0 0 1
    outer loop
      vertex 40.6 -10.6 11.4
      vertex 39.4 -10.6 11.4
      vertex 40.6 -19.4 11.4
    endloop
  endfacet
  facet normal 0 0 1
    outer loop
      vertex 39.4 -19.4 11.4
      vertex 40.6 -19.4 11.4
      vertex 39.4 -10.6 11.4
    endloop
  endfacet
  facet normal 0 0 1
    outer loop
      vertex 40.6 -19.4 11.4
      vertex 39.4 -19.4 11.4
      vertex 40.6 -20.6 11.4
    endloop
  endfacet
  facet normal 0 0 1
    outer loop
      vertex 39.4 -20.6 11.4
      vertex 40.6 -20.6 11.4
      vertex 39.4 -19.4 11.4
    endloop
  endfacet
  facet normal 0 0 1
    outer loop
      vertex 40.6 -20.6 11.4
      vertex 39.4 -20.6 11.4
      vertex 40.6 -29.4 11.4
    endloop
  endfacet
  facet normal 0 0 1
    outer loop
      vertex 39.4 70.6 11.4
      vertex 40.6 78.9 11.4
      vertex 39.4 78.9 11.4
    endloop
  endfacet
  facet normal 0 0 1
    outer loop
      vertex 80.1 80.1 11.4
      vertex 39.4 78.9 11.4
      vertex 40.6 78.9 11.4
    endloop
  endfacet
  facet normal 0 0 1
    outer loop
      vertex 80.1 80.1 11.4
      vertex 30.6 78.9 11.4
      vertex 39.4 78.9 11.4
    endloop
  endfacet
  facet normal 0 0 1
    outer loop
      vertex 29.4 70.6 11.4
      vertex 30.6 70.6 11.4
      vertex 30.6 78.9 11.4
    endloop
  endfacet
  facet normal 0 0 1
    outer loop
      vertex 30.6 70.6 11.4
      vertex 29.4 70.6 11.4
      vertex 30.6 69.4 11.4
    endloop
  endfacet
  facet normal 0 0 1
    outer loop
      vertex 30.6 69.4 11.4
      vertex 29.4 69.4 11.4
      vertex 30.6 60.6 11.4
    endloop
  endfacet
  facet normal 0 0 1
    outer loop
      vertex 29.4 60.6 11.4
      vertex 30.6 60.6 11.4
      vertex 29.4 69.4 11.4
    endloop
  endfacet
  facet normal 0 0 1
    outer loop
      vertex 29.4 59.4 11.4
      vertex 30.6 59.4 11.4
      vertex 29.4 60.6 11.4
    endloop
  endfacet
  facet normal 0 0 1
    outer loop
      vertex 30.6 59.4 11.4
      vertex 29.4 59.4 11.4
      vertex 30.6 50.6 11.4
    endloop
  endfacet
  facet normal 0 0 1
    outer loop
      vertex 30.6 50.6 11.4
      vertex 29.4 50.6 11.4
      vertex 30.6 49.4 11.4
    endloop
  endfacet
  facet normal 0 0 1
    outer loop
      vertex 29.4 49.4 11.4
      vertex 30.6 49.4 11.4
      vertex 29.4 50.6 11.4
    endloop
  endfacet
  facet normal 0 0 1
    outer loop
      vertex 29.4 40.6 11.4
      vertex 30.6 40.6 11.4
      vertex 29.4 49.4 11.4
    endloop
  endfacet
  facet normal 0 0 1
    outer loop
      vertex 30.6 40.6 11.4
      vertex 29.4 40.6 11.4
      vertex 30.6 39.4 11.4
    endloop
  endfacet
  facet normal 0 0 1
    outer loop
      vertex 30.6 39.4 11.4
      vertex 29.4 39.4 11.4
      vertex 30.6 30.6 11.4
    endloop
  endfacet
  facet normal 0 0 1
    outer loop
      vertex 29.4 30.6 11.4
      vertex 30.6 30.6 11.4
      vertex 29.4 39.4 11.4
    endloop
  endfacet
  facet normal 0 0 1
    outer loop
      vertex 29.4 29.4 11.4
      vertex 30.6 29.4 11.4
      vertex 29.4 30.6 11.4
    endloop
  endfacet
  facet normal 0 0 1
    outer loop
      vertex 29.4 20.6 11.4
      vertex 30.6 20.6 11.4
      vertex 29.4 29.4 11.4
    endloop
  endfacet
  facet normal 0 0 1
    outer loop
      vertex 29.4 19.4 11.4
      vertex 30.6 19.4 11.4
      vertex 29.4 20.6 11.4
    endloop
  endfacet
  facet normal 0 0 1
    outer loop
      vertex 30.6 19.4 11.4
      vertex 29.4 19.4 11.4
      vertex 30.6 10.6 11.4
    endloop
  endfacet
  facet normal 0 0 1
    outer loop
      vertex 30.6 10.6 11.4
      vertex 29.4 10.6 11.4
      vertex 30.6 9.39999 11.4
    endloop
  endfacet
  facet normal 0 0 1
    outer loop
      vertex 29.4 9.39999 11.4
      vertex 30.6 9.39999 11.4
      vertex 29.4 10.6 11.4
    endloop
  endfacet
  facet normal 0 0 1
    outer loop
      vertex 29.4 0.599991 11.4
      vertex 30.6 0.599991 11.4
      vertex 29.4 9.39999 11.4
    endloop
  endfacet
  facet normal 0 0 1
    outer loop
      vertex 30.6 0.599991 11.4
      vertex 29.4 0.599991 11.4
      vertex 30.6 -0.599991 11.4
    endloop
  endfacet
  facet normal 0 0 1
    outer loop
      vertex 29.4 -0.599991 11.4
      vertex 30.6 -0.599991 11.4
      vertex 29.4 0.599991 11.4
    endloop
  endfacet
  facet normal 0 0 1
    outer loop
      vertex 30.6 -0.599991 11.4
      vertex 29.4 -0.599991 11.4
      vertex 30.6 -9.39999 11.4
    endloop
  endfacet
  facet normal 0 0 1
    outer loop
      vertex 29.4 -9.39999 11.4
      vertex 30.6 -9.39999 11.4
      vertex 29.4 -0.599991 11.4
    endloop
  endfacet
  facet normal 0 0 1
    outer loop
      vertex 30.6 -9.39999 11.4
      vertex 29.4 -9.39999 11.4
      vertex 30.6 -10.6 11.4
    endloop
  endfacet
  facet normal 0 0 1
    outer loop
      vertex 29.4 -10.6 11.4
      vertex 30.6 -10.6 11.4
      vertex 29.4 -9.39999 11.4
    endloop
  endfacet
  facet normal 0 0 1
    outer loop
      vertex 30.6 -10.6 11.4
      vertex 29.4 -10.6 11.4
      vertex 30.6 -19.4 11.4
    endloop
  endfacet
  facet normal 0 0 1
    outer loop
      vertex 29.4 -19.4 11.4
      vertex 30.6 -19.4 11.4
      vertex 29.4 -10.6 11.4
    endloop
  endfacet
  facet normal 0 0 1
    outer loop
      vertex 30.6 -19.4 11.4
      vertex 29.4 -19.4 11.4
      vertex 30.6 -20.6 11.4
    endloop
  endfacet
  facet normal 0 0 1
    outer loop
      vertex 29.4 -20.6 11.4
      vertex 30.6 -20.6 11.4
      vertex 29.4 -19.4 11.4
    endloop
  endfacet
  facet normal 0 0 1
    outer loop
      vertex 30.6 -20.6 11.4
      vertex 29.4 -20.6 11.4
      vertex 30.6 -29.4 11.4
    endloop
  endfacet
  facet normal 0 0 1
    outer loop
      vertex 29.4 70.6 11.4
      vertex 30.6 78.9 11.4
      vertex 29.4 78.9 11.4
    endloop
  endfacet
  facet normal 0 0 1
    outer loop
      vertex 80.1 80.1 11.4
      vertex 29.4 78.9 11.4
      vertex 30.6 78.9 11.4
    endloop
  endfacet
  facet normal 0 0 1
    outer loop
      vertex 80.1 80.1 11.4
      vertex 20.6 78.9 11.4
      vertex 29.4 78.9 11.4
    endloop
  endfacet
  facet normal 0 0 1
    outer loop
      vertex 19.4 70.6 11.4
      vertex 20.6 70.6 11.4
      vertex 20.6 78.9 11.4
    endloop
  endfacet
  facet normal 0 0 1
    outer loop
      vertex 20.6 70.6 11.4
      vertex 19.4 70.6 11.4
      vertex 20.6 69.4 11.4
    endloop
  endfacet
  facet normal 0 0 1
    outer loop
      vertex 20.6 69.4 11.4
      vertex 19.4 69.4 11.4
      vertex 20.6 60.6 11.4
    endloop
  endfacet
  facet normal 0 0 1
    outer loop
      vertex 19.4 60.6 11.4
      vertex 20.6 60.6 11.4
      vertex 19.4 69.4 11.4
    endloop
  endfacet
  facet normal 0 0 1
    outer loop
      vertex 19.4 59.4 11.4
      vertex 20.6 59.4 11.4
      vertex 19.4 60.6 11.4
    endloop
  endfacet
  facet normal 0 0 1
    outer loop
      vertex 20.6 59.4 11.4
      vertex 19.4 59.4 11.4
      vertex 20.6 50.6 11.4
    endloop
  endfacet
  facet normal 0 0 1
    outer loop
      vertex 20.6 50.6 11.4
      vertex 19.4 50.6 11.4
      vertex 20.6 49.4 11.4
    endloop
  endfacet
  facet normal 0 0 1
    outer loop
      vertex 19.4 49.4 11.4
      vertex 20.6 49.4 11.4
      vertex 19.4 50.6 11.4
    endloop
  endfacet
  facet normal 0 0 1
    outer loop
      vertex 19.4 40.6 11.4
      vertex 20.6 40.6 11.4
      vertex 19.4 49.4 11.4
    endloop
  endfacet
  facet normal 0 0 1
    outer loop
      vertex 20.6 40.6 11.4
      vertex 19.4 40.6 11.4
      vertex 20.6 39.4 11.4
    endloop
  endfacet
  facet normal 0 0 1
    outer loop
      vertex 20.6 39.4 11.4
      vertex 19.4 39.4 11.4
      vertex 20.6 30.6 11.4
    endloop
  endfacet
  facet normal 0 0 1
    outer loop
      vertex 19.4 30.6 11.4
      vertex 20.6 30.6 11.4
      vertex 19.4 39.4 11.4
    endloop
  endfacet
  facet normal 0 0 1
    outer loop
      vertex 19.4 29.4 11.4
      vertex 20.6 29.4 11.4
      vertex 19.4 30.6 11.4
    endloop
  endfacet
  facet normal 0 0 1
    outer loop
      vertex 19.4 20.6 11.4
      vertex 20.6 20.6 11.4
      vertex 19.4 29.4 11.4
    endloop
  endfacet
  facet normal 0 0 1
    outer loop
      vertex 19.4 19.4 11.4
      vertex 20.6 19.4 11.4
      vertex 19.4 20.6 11.4
    endloop
  endfacet
  facet normal 0 0 1
    outer loop
      vertex 20.6 19.4 11.4
      vertex 19.4 19.4 11.4
      vertex 20.6 10.6 11.4
    endloop
  endfacet
  facet normal 0 0 1
    outer loop
      vertex 20.6 10.6 11.4
      vertex 19.4 10.6 11.4
      vertex 20.6 9.39999 11.4
    endloop
  endfacet
  facet normal 0 0 1
    outer loop
      vertex 19.4 9.39999 11.4
      vertex 20.6 9.39999 11.4
      vertex 19.4 10.6 11.4
    endloop
  endfacet
  facet normal 0 0 1
    outer loop
      vertex 19.4 0.599991 11.4
      vertex 20.6 0.599991 11.4
      vertex 19.4 9.39999 11.4
    endloop
  endfacet
  facet normal 0 0 1
    outer loop
      vertex 20.6 0.599991 11.4
      vertex 19.4 0.599991 11.4
      vertex 20.6 -0.599991 11.4
    endloop
  endfacet
  facet normal 0 0 1
    outer loop
      vertex 19.4 -0.599991 11.4
      vertex 20.6 -0.599991 11.4
      vertex 19.4 0.599991 11.4
    endloop
  endfacet
  facet normal 0 0 1
    outer loop
      vertex 20.6 -0.599991 11.4
      vertex 19.4 -0.599991 11.4
      vertex 20.6 -9.39999 11.4
    endloop
  endfacet
  facet normal 0 0 1
    outer loop
      vertex 19.4 -9.39999 11.4
      vertex 20.6 -9.39999 11.4
      vertex 19.4 -0.599991 11.4
    endloop
  endfacet
  facet normal 0 0 1
    outer loop
      vertex 20.6 -9.39999 11.4
      vertex 19.4 -9.39999 11.4
      vertex 20.6 -10.6 11.4
    endloop
  endfacet
  facet normal 0 0 1
    outer loop
      vertex 19.4 -10.6 11.4
      vertex 20.6 -10.6 11.4
      vertex 19.4 -9.39999 11.4
    endloop
  endfacet
  facet normal 0 0 1
    outer loop
      vertex 20.6 -10.6 11.4
      vertex 19.4 -10.6 11.4
      vertex 20.6 -19.4 11.4
    endloop
  endfacet
  facet normal 0 0 1
    outer loop
      vertex 19.4 -19.4 11.4
      vertex 20.6 -19.4 11.4
      vertex 19.4 -10.6 11.4
    endloop
  endfacet
  facet normal 0 0 1
    outer loop
      vertex 20.6 -19.4 11.4
      vertex 19.4 -19.4 11.4
      vertex 20.6 -20.6 11.4
    endloop
  endfacet
  facet normal 0 0 1
    outer loop
      vertex 19.4 -20.6 11.4
      vertex 20.6 -20.6 11.4
      vertex 19.4 -19.4 11.4
    endloop
  endfacet
  facet normal 0 0 1
    outer loop
      vertex 20.6 -20.6 11.4
      vertex 19.4 -20.6 11.4
      vertex 20.6 -29.4 11.4
    endloop
  endfacet
  facet normal 0 0 1
    outer loop
      vertex 19.4 70.6 11.4
      vertex 20.6 78.9 11.4
      vertex 19.4 78.9 11.4
    endloop
  endfacet
  facet normal 0 0 1
    outer loop
      vertex 80.1 80.1 11.4
      vertex 19.4 78.9 11.4
      vertex 20.6 78.9 11.4
    endloop
  endfacet
  facet normal 0 0 1
    outer loop
      vertex 80.1 80.1 11.4
      vertex 10.6 78.9 11.4
      vertex 19.4 78.9 11.4
    endloop
  endfacet
  facet normal 0 0 1
    outer loop
      vertex 9.39999 70.6 11.4
      vertex 10.6 70.6 11.4
      vertex 10.6 78.9 11.4
    endloop
  endfacet
  facet normal 0 0 1
    outer loop
      vertex 10.6 70.6 11.4
      vertex 9.39999 70.6 11.4
      vertex 10.6 69.4 11.4
    endloop
  endfacet
  facet normal 0 0 1
    outer loop
      vertex 10.6 69.4 11.4
      vertex 9.39999 69.4 11.4
      vertex 10.6 60.6 11.4
    endloop
  endfacet
  facet normal 0 0 1
    outer loop
      vertex 9.39999 60.6 11.4
      vertex 10.6 60.6 11.4
      vertex 9.39999 69.4 11.4
    endloop
  endfacet
  facet normal 0 0 1
    outer loop
      vertex 9.39999 59.4 11.4
      vertex 10.6 59.4 11.4
      vertex 9.39999 60.6 11.4
    endloop
  endfacet
  facet normal 0 0 1
    outer loop
      vertex 10.6 59.4 11.4
      vertex 9.39999 59.4 11.4
      vertex 10.6 50.6 11.4
    endloop
  endfacet
  facet normal 0 0 1
    outer loop
      vertex 10.6 50.6 11.4
      vertex 9.39999 50.6 11.4
      vertex 10.6 49.4 11.4
    endloop
  endfacet
  facet normal 0 0 1
    outer loop
      vertex 9.39999 49.4 11.4
      vertex 10.6 49.4 11.4
      vertex 9.39999 50.6 11.4
    endloop
  endfacet
  facet normal 0 0 1
    outer loop
      vertex 9.39999 40.6 11.4
      vertex 10.6 40.6 11.4
      vertex 9.39999 49.4 11.4
    endloop
  endfacet
  facet normal 0 0 1
    outer loop
      vertex 10.6 40.6 11.4
      vertex 9.39999 40.6 11.4
      vertex 10.6 39.4 11.4
    endloop
  endfacet
  facet normal 0 0 1
    outer loop
      vertex 10.6 39.4 11.4
      vertex 9.39999 39.4 11.4
      vertex 10.6 30.6 11.4
    endloop
  endfacet
  facet normal 0 0 1
    outer loop
      vertex 9.39999 30.6 11.4
      vertex 10.6 30.6 11.4
      vertex 9.39999 39.4 11.4
    endloop
  endfacet
  facet normal 0 0 1
    outer loop
      vertex 9.39999 29.4 11.4
      vertex 10.6 29.4 11.4
      vertex 9.39999 30.6 11.4
    endloop
  endfacet
  facet normal 0 0 1
    outer loop
      vertex 9.39999 20.6 11.4
      vertex 10.6 20.6 11.4
      vertex 9.39999 29.4 11.4
    endloop
  endfacet
  facet normal 0 0 1
    outer loop
      vertex 9.39999 19.4 11.4
      vertex 10.6 19.4 11.4
      vertex 9.39999 20.6 11.4
    endloop
  endfacet
  facet normal 0 0 1
    outer loop
      vertex 10.6 19.4 11.4
      vertex 9.39999 19.4 11.4
      vertex 10.6 10.6 11.4
    endloop
  endfacet
  facet normal 0 0 1
    outer loop
      vertex 10.6 10.6 11.4
      vertex 9.39999 10.6 11.4
      vertex 10.6 9.39999 11.4
    endloop
  endfacet
  facet normal 0 0 1
    outer loop
      vertex 9.39999 9.39999 11.4
      vertex 10.6 9.39999 11.4
      vertex 9.39999 10.6 11.4
    endloop
  endfacet
  facet normal 0 0 1
    outer loop
      vertex 9.39999 0.599991 11.4
      vertex 10.6 0.599991 11.4
      vertex 9.39999 9.39999 11.4
    endloop
  endfacet
  facet normal 0 0 1
    outer loop
      vertex 10.6 0.599991 11.4
      vertex 9.39999 0.599991 11.4
      vertex 10.6 -0.599991 11.4
    endloop
  endfacet
  facet normal 0 0 1
    outer loop
      vertex 9.39999 -0.599991 11.4
      vertex 10.6 -0.599991 11.4
      vertex 9.39999 0.599991 11.4
    endloop
  endfacet
  facet normal 0 0 1
    outer loop
      vertex 10.6 -0.599991 11.4
      vertex 9.39999 -0.599991 11.4
      vertex 10.6 -9.39999 11.4
    endloop
  endfacet
  facet normal 0 0 1
    outer loop
      vertex 9.39999 -9.39999 11.4
      vertex 10.6 -9.39999 11.4
      vertex 9.39999 -0.599991 11.4
    endloop
  endfacet
  facet normal 0 0 1
    outer loop
      vertex 10.6 -9.39999 11.4
      vertex 9.39999 -9.39999 11.4
      vertex 10.6 -10.6 11.4
    endloop
  endfacet
  facet normal 0 0 1
    outer loop
      vertex 9.39999 -10.6 11.4
      vertex 10.6 -10.6 11.4
      vertex 9.39999 -9.39999 11.4
    endloop
  endfacet
  facet normal 0 0 1
    outer loop
      vertex 10.6 -10.6 11.4
      vertex 9.39999 -10.6 11.4
      vertex 10.6 -19.4 11.4
    endloop
  endfacet
  facet normal 0 0 1
    outer loop
      vertex 9.39999 -19.4 11.4
      vertex 10.6 -19.4 11.4
      vertex 9.39999 -10.6 11.4
    endloop
  endfacet
  facet normal 0 0 1
    outer loop
      vertex 10.6 -19.4 11.4
      vertex 9.39999 -19.4 11.4
      vertex 10.6 -20.6 11.4
    endloop
  endfacet
  facet normal 0 0 1
    outer loop
      vertex 9.39999 -20.6 11.4
      vertex 10.6 -20.6 11.4
      vertex 9.39999 -19.4 11.4
    endloop
  endfacet
  facet normal 0 0 1
    outer loop
      vertex 10.6 -20.6 11.4
      vertex 9.39999 -20.6 11.4
      vertex 10.6 -29.4 11.4
    endloop
  endfacet
  facet normal 0 0 1
    outer loop
      vertex 9.39999 70.6 11.4
      vertex 10.6 78.9 11.4
      vertex 9.39999 78.9 11.4
    endloop
  endfacet
  facet normal 0 0 1
    outer loop
      vertex 80.1 80.1 11.4
      vertex 9.39999 78.9 11.4
      vertex 10.6 78.9 11.4
    endloop
  endfacet
  facet normal 0 0 1
    outer loop
      vertex 80.1 80.1 11.4
      vertex 0.599991 78.9 11.4
      vertex 9.39999 78.9 11.4
    endloop
  endfacet
  facet normal 0 0 1
    outer loop
      vertex -0.599991 70.6 11.4
      vertex 0.599991 70.6 11.4
      vertex 0.599991 78.9 11.4
    endloop
  endfacet
  facet normal 0 0 1
    outer loop
      vertex 0.599991 70.6 11.4
      vertex -0.599991 70.6 11.4
      vertex 0.599991 69.4 11.4
    endloop
  endfacet
  facet normal 0 0 1
    outer loop
      vertex 0.599991 69.4 11.4
      vertex -0.599991 69.4 11.4
      vertex 0.599991 60.6 11.4
    endloop
  endfacet
  facet normal 0 0 1
    outer loop
      vertex -0.599991 60.6 11.4
      vertex 0.599991 60.6 11.4
      vertex -0.599991 69.4 11.4
    endloop
  endfacet
  facet normal 0 0 1
    outer loop
      vertex -0.599991 59.4 11.4
      vertex 0.599991 59.4 11.4
      vertex -0.599991 60.6 11.4
    endloop
  endfacet
  facet normal 0 0 1
    outer loop
      vertex 0.599991 59.4 11.4
      vertex -0.599991 59.4 11.4
      vertex 0.599991 50.6 11.4
    endloop
  endfacet
  facet normal 0 0 1
    outer loop
      vertex 0.599991 50.6 11.4
      vertex -0.599991 50.6 11.4
      vertex 0.599991 49.4 11.4
    endloop
  endfacet
  facet normal 0 0 1
    outer loop
      vertex -0.599991 49.4 11.4
      vertex 0.599991 49.4 11.4
      vertex -0.599991 50.6 11.4
    endloop
  endfacet
  facet normal 0 0 1
    outer loop
      vertex -0.599991 40.6 11.4
      vertex 0.599991 40.6 11.4
      vertex -0.599991 49.4 11.4
    endloop
  endfacet
  facet normal 0 0 1
    outer loop
      vertex 0.599991 40.6 11.4
      vertex -0.599991 40.6 11.4
      vertex 0.599991 39.4 11.4
    endloop
  endfacet
  facet normal 0 0 1
    outer loop
      vertex 0.599991 39.4 11.4
      vertex -0.599991 39.4 11.4
      vertex 0.599991 30.6 11.4
    endloop
  endfacet
  facet normal 0 0 1
    outer loop
      vertex -0.599991 30.6 11.4
      vertex 0.599991 30.6 11.4
      vertex -0.599991 39.4 11.4
    endloop
  endfacet
  facet normal 0 0 1
    outer loop
      vertex -0.599991 29.4 11.4
      vertex 0.599991 29.4 11.4
      vertex -0.599991 30.6 11.4
    endloop
  endfacet
  facet normal 0 0 1
    outer loop
      vertex -0.599991 20.6 11.4
      vertex 0.599991 20.6 11.4
      vertex -0.599991 29.4 11.4
    endloop
  endfacet
  facet normal 0 0 1
    outer loop
      vertex -0.599991 19.4 11.4
      vertex 0.599991 19.4 11.4
      vertex -0.599991 20.6 11.4
    endloop
  endfacet
  facet normal 0 0 1
    outer loop
      vertex 0.599991 19.4 11.4
      vertex -0.599991 19.4 11.4
      vertex 0.599991 10.6 11.4
    endloop
  endfacet
  facet normal 0 0 1
    outer loop
      vertex 0.599991 10.6 11.4
      vertex -0.599991 10.6 11.4
      vertex 0.599991 9.39999 11.4
    endloop
  endfacet
  facet normal 0 0 1
    outer loop
      vertex -0.599991 9.39999 11.4
      vertex 0.599991 9.39999 11.4
      vertex -0.599991 10.6 11.4
    endloop
  endfacet
  facet normal 0 0 1
    outer loop
      vertex -0.599991 0.599991 11.4
      vertex 0.599991 0.599991 11.4
      vertex -0.599991 9.39999 11.4
    endloop
  endfacet
  facet normal 0 0 1
    outer loop
      vertex 0.599991 0.599991 11.4
      vertex -0.599991 0.599991 11.4
      vertex 0.599991 -0.599991 11.4
    endloop
  endfacet
  facet normal 0 0 1
    outer loop
      vertex -0.599991 -0.599991 11.4
      vertex 0.599991 -0.599991 11.4
      vertex -0.599991 0.599991 11.4
    endloop
  endfacet
  facet normal 0 0 1
    outer loop
      vertex 0.599991 -0.599991 11.4
      vertex -0.599991 -0.599991 11.4
      vertex 0.599991 -9.39999 11.4
    endloop
  endfacet
  facet normal 0 0 1
    outer loop
      vertex -0.599991 -9.39999 11.4
      vertex 0.599991 -9.39999 11.4
      vertex -0.599991 -0.599991 11.4
    endloop
  endfacet
  facet normal 0 0 1
    outer loop
      vertex 0.599991 -9.39999 11.4
      vertex -0.599991 -9.39999 11.4
      vertex 0.599991 -10.6 11.4
    endloop
  endfacet
  facet normal 0 0 1
    outer loop
      vertex -0.599991 -10.6 11.4
      vertex 0.599991 -10.6 11.4
      vertex -0.599991 -9.39999 11.4
    endloop
  endfacet
  facet normal 0 0 1
    outer loop
      vertex 0.599991 -10.6 11.4
      vertex -0.599991 -10.6 11.4
      vertex 0.599991 -19.4 11.4
    endloop
  endfacet
  facet normal 0 0 1
    outer loop
      vertex -0.599991 -19.4 11.4
      vertex 0.599991 -19.4 11.4
      vertex -0.599991 -10.6 11.4
    endloop
  endfacet
  facet normal 0 0 1
    outer loop
      vertex 0.599991 -19.4 11.4
      vertex -0.599991 -19.4 11.4
      vertex 0.599991 -20.6 11.4
    endloop
  endfacet
  facet normal 0 0 1
    outer loop
      vertex -0.599991 -20.6 11.4
      vertex 0.599991 -20.6 11.4
      vertex -0.599991 -19.4 11.4
    endloop
  endfacet
  facet normal 0 0 1
    outer loop
      vertex 0.599991 -20.6 11.4
      vertex -0.599991 -20.6 11.4
      vertex 0.599991 -29.4 11.4
    endloop
  endfacet
  facet normal 0 0 1
    outer loop
      vertex -0.599991 70.6 11.4
      vertex 0.599991 78.9 11.4
      vertex -0.599991 78.9 11.4
    endloop
  endfacet
  facet normal 0 0 1
    outer loop
      vertex 80.1 80.1 11.4
      vertex -0.599991 78.9 11.4
      vertex 0.599991 78.9 11.4
    endloop
  endfacet
  facet normal 0 0 1
    outer loop
      vertex 80.1 80.1 11.4
      vertex -9.39999 78.9 11.4
      vertex -0.599991 78.9 11.4
    endloop
  endfacet
  facet normal 0 0 1
    outer loop
      vertex -10.6 70.6 11.4
      vertex -9.39999 70.6 11.4
      vertex -9.39999 78.9 11.4
    endloop
  endfacet
  facet normal 0 0 1
    outer loop
      vertex -9.39999 70.6 11.4
      vertex -10.6 70.6 11.4
      vertex -9.39999 69.4 11.4
    endloop
  endfacet
  facet normal 0 0 1
    outer loop
      vertex -9.39999 69.4 11.4
      vertex -10.6 69.4 11.4
      vertex -9.39999 60.6 11.4
    endloop
  endfacet
  facet normal 0 0 1
    outer loop
      vertex -10.6 60.6 11.4
      vertex -9.39999 60.6 11.4
      vertex -10.6 69.4 11.4
    endloop
  endfacet
  facet normal 0 0 1
    outer loop
      vertex -10.6 59.4 11.4
      vertex -9.39999 59.4 11.4
      vertex -10.6 60.6 11.4
    endloop
  endfacet
  facet normal 0 0 1
    outer loop
      vertex -9.39999 59.4 11.4
      vertex -10.6 59.4 11.4
      vertex -9.39999 50.6 11.4
    endloop
  endfacet
  facet normal 0 0 1
    outer loop
      vertex -9.39999 50.6 11.4
      vertex -10.6 50.6 11.4
      vertex -9.39999 49.4 11.4
    endloop
  endfacet
  facet normal 0 0 1
    outer loop
      vertex -10.6 49.4 11.4
      vertex -9.39999 49.4 11.4
      vertex -10.6 50.6 11.4
    endloop
  endfacet
  facet normal 0 0 1
    outer loop
      vertex -10.6 40.6 11.4
      vertex -9.39999 40.6 11.4
      vertex -10.6 49.4 11.4
    endloop
  endfacet
  facet normal 0 0 1
    outer loop
      vertex -9.39999 40.6 11.4
      vertex -10.6 40.6 11.4
      vertex -9.39999 39.4 11.4
    endloop
  endfacet
  facet normal 0 0 1
    outer loop
      vertex -9.39999 39.4 11.4
      vertex -10.6 39.4 11.4
      vertex -9.39999 30.6 11.4
    endloop
  endfacet
  facet normal 0 0 1
    outer loop
      vertex -10.6 30.6 11.4
      vertex -9.39999 30.6 11.4
      vertex -10.6 39.4 11.4
    endloop
  endfacet
  facet normal 0 0 1
    outer loop
      vertex -10.6 29.4 11.4
      vertex -9.39999 29.4 11.4
      vertex -10.6 30.6 11.4
    endloop
  endfacet
  facet normal 0 0 1
    outer loop
      vertex -10.6 20.6 11.4
      vertex -9.39999 20.6 11.4
      vertex -10.6 29.4 11.4
    endloop
  endfacet
  facet normal 0 0 1
    outer loop
      vertex -10.6 19.4 11.4
      vertex -9.39999 19.4 11.4
      vertex -10.6 20.6 11.4
    endloop
  endfacet
  facet normal 0 0 1
    outer loop
      vertex -9.39999 19.4 11.4
      vertex -10.6 19.4 11.4
      vertex -9.39999 10.6 11.4
    endloop
  endfacet
  facet normal 0 0 1
    outer loop
      vertex -9.39999 10.6 11.4
      vertex -10.6 10.6 11.4
      vertex -9.39999 9.39999 11.4
    endloop
  endfacet
  facet normal 0 0 1
    outer loop
      vertex -10.6 9.39999 11.4
      vertex -9.39999 9.39999 11.4
      vertex -10.6 10.6 11.4
    endloop
  endfacet
  facet normal 0 0 1
    outer loop
      vertex -10.6 0.599991 11.4
      vertex -9.39999 0.599991 11.4
      vertex -10.6 9.39999 11.4
    endloop
  endfacet
  facet normal 0 0 1
    outer loop
      vertex -9.39999 0.599991 11.4
      vertex -10.6 0.599991 11.4
      vertex -9.39999 -0.599991 11.4
    endloop
  endfacet
  facet normal 0 0 1
    outer loop
      vertex -10.6 -0.599991 11.4
      vertex -9.39999 -0.599991 11.4
      vertex -10.6 0.599991 11.4
    endloop
  endfacet
  facet normal 0 0 1
    outer loop
      vertex -9.39999 -0.599991 11.4
      vertex -10.6 -0.599991 11.4
      vertex -9.39999 -9.39999 11.4
    endloop
  endfacet
  facet normal 0 0 1
    outer loop
      vertex -10.6 -9.39999 11.4
      vertex -9.39999 -9.39999 11.4
      vertex -10.6 -0.599991 11.4
    endloop
  endfacet
  facet normal 0 0 1
    outer loop
      vertex -9.39999 -9.39999 11.4
      vertex -10.6 -9.39999 11.4
      vertex -9.39999 -10.6 11.4
    endloop
  endfacet
  facet normal 0 0 1
    outer loop
      vertex -10.6 -10.6 11.4
      vertex -9.39999 -10.6 11.4
      vertex -10.6 -9.39999 11.4
    endloop
  endfacet
  facet normal 0 0 1
    outer loop
      vertex -9.39999 -10.6 11.4
      vertex -10.6 -10.6 11.4
      vertex -9.39999 -19.4 11.4
    endloop
  endfacet
  facet normal 0 0 1
    outer loop
      vertex -10.6 -19.4 11.4
      vertex -9.39999 -19.4 11.4
      vertex -10.6 -10.6 11.4
    endloop
  endfacet
  facet normal 0 0 1
    outer loop
      vertex -9.39999 -19.4 11.4
      vertex -10.6 -19.4 11.4
      vertex -9.39999 -20.6 11.4
    endloop
  endfacet
  facet normal 0 0 1
    outer loop
      vertex -10.6 -20.6 11.4
      vertex -9.39999 -20.6 11.4
      vertex -10.6 -19.4 11.4
    endloop
  endfacet
  facet normal 0 0 1
    outer loop
      vertex -9.39999 -20.6 11.4
      vertex -10.6 -20.6 11.4
      vertex -9.39999 -29.4 11.4
    endloop
  endfacet
  facet normal 0 0 1
    outer loop
      vertex -10.6 70.6 11.4
      vertex -9.39999 78.9 11.4
      vertex -10.6 78.9 11.4
    endloop
  endfacet
  facet normal 0 0 1
    outer loop
      vertex 80.1 80.1 11.4
      vertex -10.6 78.9 11.4
      vertex -9.39999 78.9 11.4
    endloop
  endfacet
  facet normal 0 0 1
    outer loop
      vertex 80.1 80.1 11.4
      vertex -19.4 78.9 11.4
      vertex -10.6 78.9 11.4
    endloop
  endfacet
  facet normal 0 0 1
    outer loop
      vertex -20.6 70.6 11.4
      vertex -19.4 70.6 11.4
      vertex -19.4 78.9 11.4
    endloop
  endfacet
  facet normal 0 0 1
    outer loop
      vertex -19.4 70.6 11.4
      vertex -20.6 70.6 11.4
      vertex -19.4 69.4 11.4
    endloop
  endfacet
  facet normal 0 0 1
    outer loop
      vertex -19.4 69.4 11.4
      vertex -20.6 69.4 11.4
      vertex -19.4 60.6 11.4
    endloop
  endfacet
  facet normal 0 0 1
    outer loop
      vertex -20.6 60.6 11.4
      vertex -19.4 60.6 11.4
      vertex -20.6 69.4 11.4
    endloop
  endfacet
  facet normal 0 0 1
    outer loop
      vertex -20.6 59.4 11.4
      vertex -19.4 59.4 11.4
      vertex -20.6 60.6 11.4
    endloop
  endfacet
  facet normal 0 0 1
    outer loop
      vertex -19.4 59.4 11.4
      vertex -20.6 59.4 11.4
      vertex -19.4 50.6 11.4
    endloop
  endfacet
  facet normal 0 0 1
    outer loop
      vertex -19.4 50.6 11.4
      vertex -20.6 50.6 11.4
      vertex -19.4 49.4 11.4
    endloop
  endfacet
  facet normal 0 0 1
    outer loop
      vertex -20.6 49.4 11.4
      vertex -19.4 49.4 11.4
      vertex -20.6 50.6 11.4
    endloop
  endfacet
  facet normal 0 0 1
    outer loop
      vertex -20.6 40.6 11.4
      vertex -19.4 40.6 11.4
      vertex -20.6 49.4 11.4
    endloop
  endfacet
  facet normal 0 0 1
    outer loop
      vertex -19.4 40.6 11.4
      vertex -20.6 40.6 11.4
      vertex -19.4 39.4 11.4
    endloop
  endfacet
  facet normal 0 0 1
    outer loop
      vertex -19.4 39.4 11.4
      vertex -20.6 39.4 11.4
      vertex -19.4 30.6 11.4
    endloop
  endfacet
  facet normal 0 0 1
    outer loop
      vertex -20.6 30.6 11.4
      vertex -19.4 30.6 11.4
      vertex -20.6 39.4 11.4
    endloop
  endfacet
  facet normal 0 0 1
    outer loop
      vertex -20.6 29.4 11.4
      vertex -19.4 29.4 11.4
      vertex -20.6 30.6 11.4
    endloop
  endfacet
  facet normal 0 0 1
    outer loop
      vertex -20.6 20.6 11.4
      vertex -19.4 20.6 11.4
      vertex -20.6 29.4 11.4
    endloop
  endfacet
  facet normal 0 0 1
    outer loop
      vertex -20.6 19.4 11.4
      vertex -19.4 19.4 11.4
      vertex -20.6 20.6 11.4
    endloop
  endfacet
  facet normal 0 0 1
    outer loop
      vertex -19.4 19.4 11.4
      vertex -20.6 19.4 11.4
      vertex -19.4 10.6 11.4
    endloop
  endfacet
  facet normal 0 0 1
    outer loop
      vertex -19.4 10.6 11.4
      vertex -20.6 10.6 11.4
      vertex -19.4 9.39999 11.4
    endloop
  endfacet
  facet normal 0 0 1
    outer loop
      vertex -20.6 9.39999 11.4
      vertex -19.4 9.39999 11.4
      vertex -20.6 10.6 11.4
    endloop
  endfacet
  facet normal 0 0 1
    outer loop
      vertex -20.6 0.599991 11.4
      vertex -19.4 0.599991 11.4
      vertex -20.6 9.39999 11.4
    endloop
  endfacet
  facet normal 0 0 1
    outer loop
      vertex -19.4 0.599991 11.4
      vertex -20.6 0.599991 11.4
      vertex -19.4 -0.599991 11.4
    endloop
  endfacet
  facet normal 0 0 1
    outer loop
      vertex -20.6 -0.599991 11.4
      vertex -19.4 -0.599991 11.4
      vertex -20.6 0.599991 11.4
    endloop
  endfacet
  facet normal 0 0 1
    outer loop
      vertex -19.4 -0.599991 11.4
      vertex -20.6 -0.599991 11.4
      vertex -19.4 -9.39999 11.4
    endloop
  endfacet
  facet normal 0 0 1
    outer loop
      vertex -20.6 -9.39999 11.4
      vertex -19.4 -9.39999 11.4
      vertex -20.6 -0.599991 11.4
    endloop
  endfacet
  facet normal 0 0 1
    outer loop
      vertex -19.4 -9.39999 11.4
      vertex -20.6 -9.39999 11.4
      vertex -19.4 -10.6 11.4
    endloop
  endfacet
  facet normal 0 0 1
    outer loop
      vertex -20.6 -10.6 11.4
      vertex -19.4 -10.6 11.4
      vertex -20.6 -9.39999 11.4
    endloop
  endfacet
  facet normal 0 0 1
    outer loop
      vertex -19.4 -10.6 11.4
      vertex -20.6 -10.6 11.4
      vertex -19.4 -19.4 11.4
    endloop
  endfacet
  facet normal 0 0 1
    outer loop
      vertex -20.6 -19.4 11.4
      vertex -19.4 -19.4 11.4
      vertex -20.6 -10.6 11.4
    endloop
  endfacet
  facet normal 0 0 1
    outer loop
      vertex -19.4 -19.4 11.4
      vertex -20.6 -19.4 11.4
      vertex -19.4 -20.6 11.4
    endloop
  endfacet
  facet normal 0 0 1
    outer loop
      vertex -20.6 -20.6 11.4
      vertex -19.4 -20.6 11.4
      vertex -20.6 -19.4 11.4
    endloop
  endfacet
  facet normal 0 0 1
    outer loop
      vertex -19.4 -20.6 11.4
      vertex -20.6 -20.6 11.4
      vertex -19.4 -29.4 11.4
    endloop
  endfacet
  facet normal 0 0 1
    outer loop
      vertex -20.6 70.6 11.4
      vertex -19.4 78.9 11.4
      vertex -20.6 78.9 11.4
    endloop
  endfacet
  facet normal 0 0 1
    outer loop
      vertex 80.1 80.1 11.4
      vertex -20.6 78.9 11.4
      vertex -19.4 78.9 11.4
    endloop
  endfacet
  facet normal -0 0 1
    outer loop
      vertex -80.1 80.1 11.4
      vertex -20.6 78.9 11.4
      vertex 80.1 80.1 11.4
    endloop
  endfacet
  facet normal 0 0 1
    outer loop
      vertex -30.6 70.6 11.4
      vertex -29.4 70.6 11.4
      vertex -29.4 78.9 11.4
    endloop
  endfacet
  facet normal 0 0 1
    outer loop
      vertex -29.4 70.6 11.4
      vertex -30.6 70.6 11.4
      vertex -29.4 69.4 11.4
    endloop
  endfacet
  facet normal 0 0 1
    outer loop
      vertex -29.4 69.4 11.4
      vertex -30.6 69.4 11.4
      vertex -29.4 60.6 11.4
    endloop
  endfacet
  facet normal 0 0 1
    outer loop
      vertex -30.6 60.6 11.4
      vertex -29.4 60.6 11.4
      vertex -30.6 69.4 11.4
    endloop
  endfacet
  facet normal 0 0 1
    outer loop
      vertex -30.6 59.4 11.4
      vertex -29.4 59.4 11.4
      vertex -30.6 60.6 11.4
    endloop
  endfacet
  facet normal 0 0 1
    outer loop
      vertex -29.4 59.4 11.4
      vertex -30.6 59.4 11.4
      vertex -29.4 50.6 11.4
    endloop
  endfacet
  facet normal 0 0 1
    outer loop
      vertex -29.4 50.6 11.4
      vertex -30.6 50.6 11.4
      vertex -29.4 49.4 11.4
    endloop
  endfacet
  facet normal 0 0 1
    outer loop
      vertex -30.6 49.4 11.4
      vertex -29.4 49.4 11.4
      vertex -30.6 50.6 11.4
    endloop
  endfacet
  facet normal 0 0 1
    outer loop
      vertex -30.6 40.6 11.4
      vertex -29.4 40.6 11.4
      vertex -30.6 49.4 11.4
    endloop
  endfacet
  facet normal 0 0 1
    outer loop
      vertex -29.4 40.6 11.4
      vertex -30.6 40.6 11.4
      vertex -29.4 39.4 11.4
    endloop
  endfacet
  facet normal 0 0 1
    outer loop
      vertex -29.4 39.4 11.4
      vertex -30.6 39.4 11.4
      vertex -29.4 30.6 11.4
    endloop
  endfacet
  facet normal 0 0 1
    outer loop
      vertex -30.6 30.6 11.4
      vertex -29.4 30.6 11.4
      vertex -30.6 39.4 11.4
    endloop
  endfacet
  facet normal 0 0 1
    outer loop
      vertex -30.6 29.4 11.4
      vertex -29.4 29.4 11.4
      vertex -30.6 30.6 11.4
    endloop
  endfacet
  facet normal 0 0 1
    outer loop
      vertex -30.6 20.6 11.4
      vertex -29.4 20.6 11.4
      vertex -30.6 29.4 11.4
    endloop
  endfacet
  facet normal 0 0 1
    outer loop
      vertex -30.6 19.4 11.4
      vertex -29.4 19.4 11.4
      vertex -30.6 20.6 11.4
    endloop
  endfacet
  facet normal 0 0 1
    outer loop
      vertex -29.4 19.4 11.4
      vertex -30.6 19.4 11.4
      vertex -29.4 10.6 11.4
    endloop
  endfacet
  facet normal 0 0 1
    outer loop
      vertex -29.4 10.6 11.4
      vertex -30.6 10.6 11.4
      vertex -29.4 9.39999 11.4
    endloop
  endfacet
  facet normal 0 0 1
    outer loop
      vertex -30.6 9.39999 11.4
      vertex -29.4 9.39999 11.4
      vertex -30.6 10.6 11.4
    endloop
  endfacet
  facet normal 0 0 1
    outer loop
      vertex -30.6 0.599991 11.4
      vertex -29.4 0.599991 11.4
      vertex -30.6 9.39999 11.4
    endloop
  endfacet
  facet normal 0 0 1
    outer loop
      vertex -29.4 0.599991 11.4
      vertex -30.6 0.599991 11.4
      vertex -29.4 -0.599991 11.4
    endloop
  endfacet
  facet normal 0 0 1
    outer loop
      vertex -30.6 -0.599991 11.4
      vertex -29.4 -0.599991 11.4
      vertex -30.6 0.599991 11.4
    endloop
  endfacet
  facet normal 0 0 1
    outer loop
      vertex -29.4 -0.599991 11.4
      vertex -30.6 -0.599991 11.4
      vertex -29.4 -9.39999 11.4
    endloop
  endfacet
  facet normal 0 0 1
    outer loop
      vertex -30.6 -9.39999 11.4
      vertex -29.4 -9.39999 11.4
      vertex -30.6 -0.599991 11.4
    endloop
  endfacet
  facet normal 0 0 1
    outer loop
      vertex -29.4 -9.39999 11.4
      vertex -30.6 -9.39999 11.4
      vertex -29.4 -10.6 11.4
    endloop
  endfacet
  facet normal 0 0 1
    outer loop
      vertex -30.6 -10.6 11.4
      vertex -29.4 -10.6 11.4
      vertex -30.6 -9.39999 11.4
    endloop
  endfacet
  facet normal 0 0 1
    outer loop
      vertex -29.4 -10.6 11.4
      vertex -30.6 -10.6 11.4
      vertex -29.4 -19.4 11.4
    endloop
  endfacet
  facet normal 0 0 1
    outer loop
      vertex -30.6 -19.4 11.4
      vertex -29.4 -19.4 11.4
      vertex -30.6 -10.6 11.4
    endloop
  endfacet
  facet normal 0 0 1
    outer loop
      vertex -29.4 -19.4 11.4
      vertex -30.6 -19.4 11.4
      vertex -29.4 -20.6 11.4
    endloop
  endfacet
  facet normal 0 0 1
    outer loop
      vertex -30.6 -20.6 11.4
      vertex -29.4 -20.6 11.4
      vertex -30.6 -19.4 11.4
    endloop
  endfacet
  facet normal 0 0 1
    outer loop
      vertex -29.4 -20.6 11.4
      vertex -30.6 -20.6 11.4
      vertex -29.4 -29.4 11.4
    endloop
  endfacet
  facet normal 0 0 1
    outer loop
      vertex -30.6 70.6 11.4
      vertex -29.4 78.9 11.4
      vertex -30.6 78.9 11.4
    endloop
  endfacet
  facet normal 0 0 1
    outer loop
      vertex -20.6 78.9 11.4
      vertex -80.1 80.1 11.4
      vertex -29.4 78.9 11.4
    endloop
  endfacet
  facet normal 0 0 1
    outer loop
      vertex -29.4 78.9 11.4
      vertex -80.1 80.1 11.4
      vertex -30.6 78.9 11.4
    endloop
  endfacet
  facet normal 0 0 1
    outer loop
      vertex -40.6 70.6 11.4
      vertex -39.4 70.6 11.4
      vertex -39.4 78.9 11.4
    endloop
  endfacet
  facet normal 0 0 1
    outer loop
      vertex -39.4 70.6 11.4
      vertex -40.6 70.6 11.4
      vertex -39.4 69.4 11.4
    endloop
  endfacet
  facet normal 0 0 1
    outer loop
      vertex -39.4 69.4 11.4
      vertex -40.6 69.4 11.4
      vertex -39.4 60.6 11.4
    endloop
  endfacet
  facet normal 0 0 1
    outer loop
      vertex -40.6 60.6 11.4
      vertex -39.4 60.6 11.4
      vertex -40.6 69.4 11.4
    endloop
  endfacet
  facet normal 0 0 1
    outer loop
      vertex -40.6 59.4 11.4
      vertex -39.4 59.4 11.4
      vertex -40.6 60.6 11.4
    endloop
  endfacet
  facet normal 0 0 1
    outer loop
      vertex -39.4 59.4 11.4
      vertex -40.6 59.4 11.4
      vertex -39.4 50.6 11.4
    endloop
  endfacet
  facet normal 0 0 1
    outer loop
      vertex -39.4 50.6 11.4
      vertex -40.6 50.6 11.4
      vertex -39.4 49.4 11.4
    endloop
  endfacet
  facet normal 0 0 1
    outer loop
      vertex -40.6 49.4 11.4
      vertex -39.4 49.4 11.4
      vertex -40.6 50.6 11.4
    endloop
  endfacet
  facet normal 0 0 1
    outer loop
      vertex -40.6 40.6 11.4
      vertex -39.4 40.6 11.4
      vertex -40.6 49.4 11.4
    endloop
  endfacet
  facet normal 0 0 1
    outer loop
      vertex -39.4 40.6 11.4
      vertex -40.6 40.6 11.4
      vertex -39.4 39.4 11.4
    endloop
  endfacet
  facet normal 0 0 1
    outer loop
      vertex -39.4 39.4 11.4
      vertex -40.6 39.4 11.4
      vertex -39.4 30.6 11.4
    endloop
  endfacet
  facet normal 0 0 1
    outer loop
      vertex -40.6 30.6 11.4
      vertex -39.4 30.6 11.4
      vertex -40.6 39.4 11.4
    endloop
  endfacet
  facet normal 0 0 1
    outer loop
      vertex -40.6 29.4 11.4
      vertex -39.4 29.4 11.4
      vertex -40.6 30.6 11.4
    endloop
  endfacet
  facet normal 0 0 1
    outer loop
      vertex -40.6 20.6 11.4
      vertex -39.4 20.6 11.4
      vertex -40.6 29.4 11.4
    endloop
  endfacet
  facet normal 0 0 1
    outer loop
      vertex -40.6 19.4 11.4
      vertex -39.4 19.4 11.4
      vertex -40.6 20.6 11.4
    endloop
  endfacet
  facet normal 0 0 1
    outer loop
      vertex -39.4 19.4 11.4
      vertex -40.6 19.4 11.4
      vertex -39.4 10.6 11.4
    endloop
  endfacet
  facet normal 0 0 1
    outer loop
      vertex -39.4 10.6 11.4
      vertex -40.6 10.6 11.4
      vertex -39.4 9.39999 11.4
    endloop
  endfacet
  facet normal 0 0 1
    outer loop
      vertex -40.6 9.39999 11.4
      vertex -39.4 9.39999 11.4
      vertex -40.6 10.6 11.4
    endloop
  endfacet
  facet normal 0 0 1
    outer loop
      vertex -40.6 0.599991 11.4
      vertex -39.4 0.599991 11.4
      vertex -40.6 9.39999 11.4
    endloop
  endfacet
  facet normal 0 0 1
    outer loop
      vertex -39.4 0.599991 11.4
      vertex -40.6 0.599991 11.4
      vertex -39.4 -0.599991 11.4
    endloop
  endfacet
  facet normal 0 0 1
    outer loop
      vertex -40.6 -0.599991 11.4
      vertex -39.4 -0.599991 11.4
      vertex -40.6 0.599991 11.4
    endloop
  endfacet
  facet normal 0 0 1
    outer loop
      vertex -39.4 -0.599991 11.4
      vertex -40.6 -0.599991 11.4
      vertex -39.4 -9.39999 11.4
    endloop
  endfacet
  facet normal 0 0 1
    outer loop
      vertex -40.6 -9.39999 11.4
      vertex -39.4 -9.39999 11.4
      vertex -40.6 -0.599991 11.4
    endloop
  endfacet
  facet normal 0 0 1
    outer loop
      vertex -39.4 -9.39999 11.4
      vertex -40.6 -9.39999 11.4
      vertex -39.4 -10.6 11.4
    endloop
  endfacet
  facet normal 0 0 1
    outer loop
      vertex -40.6 -10.6 11.4
      vertex -39.4 -10.6 11.4
      vertex -40.6 -9.39999 11.4
    endloop
  endfacet
  facet normal 0 0 1
    outer loop
      vertex -39.4 -10.6 11.4
      vertex -40.6 -10.6 11.4
      vertex -39.4 -19.4 11.4
    endloop
  endfacet
  facet normal 0 0 1
    outer loop
      vertex -40.6 -19.4 11.4
      vertex -39.4 -19.4 11.4
      vertex -40.6 -10.6 11.4
    endloop
  endfacet
  facet normal 0 0 1
    outer loop
      vertex -39.4 -19.4 11.4
      vertex -40.6 -19.4 11.4
      vertex -39.4 -20.6 11.4
    endloop
  endfacet
  facet normal 0 0 1
    outer loop
      vertex -40.6 -20.6 11.4
      vertex -39.4 -20.6 11.4
      vertex -40.6 -19.4 11.4
    endloop
  endfacet
  facet normal 0 0 1
    outer loop
      vertex -39.4 -20.6 11.4
      vertex -40.6 -20.6 11.4
      vertex -39.4 -29.4 11.4
    endloop
  endfacet
  facet normal 0 0 1
    outer loop
      vertex -40.6 70.6 11.4
      vertex -39.4 78.9 11.4
      vertex -40.6 78.9 11.4
    endloop
  endfacet
  facet normal 0 0 1
    outer loop
      vertex -30.6 78.9 11.4
      vertex -80.1 80.1 11.4
      vertex -39.4 78.9 11.4
    endloop
  endfacet
  facet normal 0 0 1
    outer loop
      vertex -39.4 78.9 11.4
      vertex -80.1 80.1 11.4
      vertex -40.6 78.9 11.4
    endloop
  endfacet
  facet normal 0 0 1
    outer loop
      vertex -50.6 70.6 11.4
      vertex -49.4 70.6 11.4
      vertex -49.4 78.9 11.4
    endloop
  endfacet
  facet normal 0 0 1
    outer loop
      vertex -49.4 70.6 11.4
      vertex -50.6 70.6 11.4
      vertex -49.4 69.4 11.4
    endloop
  endfacet
  facet normal 0 0 1
    outer loop
      vertex -49.4 69.4 11.4
      vertex -50.6 69.4 11.4
      vertex -49.4 60.6 11.4
    endloop
  endfacet
  facet normal 0 0 1
    outer loop
      vertex -50.6 60.6 11.4
      vertex -49.4 60.6 11.4
      vertex -50.6 69.4 11.4
    endloop
  endfacet
  facet normal 0 0 1
    outer loop
      vertex -50.6 59.4 11.4
      vertex -49.4 59.4 11.4
      vertex -50.6 60.6 11.4
    endloop
  endfacet
  facet normal 0 0 1
    outer loop
      vertex -49.4 59.4 11.4
      vertex -50.6 59.4 11.4
      vertex -49.4 50.6 11.4
    endloop
  endfacet
  facet normal 0 0 1
    outer loop
      vertex -49.4 50.6 11.4
      vertex -50.6 50.6 11.4
      vertex -49.4 49.4 11.4
    endloop
  endfacet
  facet normal 0 0 1
    outer loop
      vertex -50.6 49.4 11.4
      vertex -49.4 49.4 11.4
      vertex -50.6 50.6 11.4
    endloop
  endfacet
  facet normal 0 0 1
    outer loop
      vertex -50.6 40.6 11.4
      vertex -49.4 40.6 11.4
      vertex -50.6 49.4 11.4
    endloop
  endfacet
  facet normal 0 0 1
    outer loop
      vertex -49.4 40.6 11.4
      vertex -50.6 40.6 11.4
      vertex -49.4 39.4 11.4
    endloop
  endfacet
  facet normal 0 0 1
    outer loop
      vertex -49.4 39.4 11.4
      vertex -50.6 39.4 11.4
      vertex -49.4 30.6 11.4
    endloop
  endfacet
  facet normal 0 0 1
    outer loop
      vertex -50.6 30.6 11.4
      vertex -49.4 30.6 11.4
      vertex -50.6 39.4 11.4
    endloop
  endfacet
  facet normal 0 0 1
    outer loop
      vertex -50.6 29.4 11.4
      vertex -49.4 29.4 11.4
      vertex -50.6 30.6 11.4
    endloop
  endfacet
  facet normal 0 0 1
    outer loop
      vertex -50.6 20.6 11.4
      vertex -49.4 20.6 11.4
      vertex -50.6 29.4 11.4
    endloop
  endfacet
  facet normal 0 0 1
    outer loop
      vertex -50.6 19.4 11.4
      vertex -49.4 19.4 11.4
      vertex -50.6 20.6 11.4
    endloop
  endfacet
  facet normal 0 0 1
    outer loop
      vertex -49.4 19.4 11.4
      vertex -50.6 19.4 11.4
      vertex -49.4 10.6 11.4
    endloop
  endfacet
  facet normal 0 0 1
    outer loop
      vertex -49.4 10.6 11.4
      vertex -50.6 10.6 11.4
      vertex -49.4 9.39999 11.4
    endloop
  endfacet
  facet normal 0 0 1
    outer loop
      vertex -50.6 9.39999 11.4
      vertex -49.4 9.39999 11.4
      vertex -50.6 10.6 11.4
    endloop
  endfacet
  facet normal 0 0 1
    outer loop
      vertex -50.6 0.599991 11.4
      vertex -49.4 0.599991 11.4
      vertex -50.6 9.39999 11.4
    endloop
  endfacet
  facet normal 0 0 1
    outer loop
      vertex -49.4 0.599991 11.4
      vertex -50.6 0.599991 11.4
      vertex -49.4 -0.599991 11.4
    endloop
  endfacet
  facet normal 0 0 1
    outer loop
      vertex -50.6 -0.599991 11.4
      vertex -49.4 -0.599991 11.4
      vertex -50.6 0.599991 11.4
    endloop
  endfacet
  facet normal 0 0 1
    outer loop
      vertex -49.4 -0.599991 11.4
      vertex -50.6 -0.599991 11.4
      vertex -49.4 -9.39999 11.4
    endloop
  endfacet
  facet normal 0 0 1
    outer loop
      vertex -50.6 -9.39999 11.4
      vertex -49.4 -9.39999 11.4
      vertex -50.6 -0.599991 11.4
    endloop
  endfacet
  facet normal 0 0 1
    outer loop
      vertex -49.4 -9.39999 11.4
      vertex -50.6 -9.39999 11.4
      vertex -49.4 -10.6 11.4
    endloop
  endfacet
  facet normal 0 0 1
    outer loop
      vertex -50.6 -10.6 11.4
      vertex -49.4 -10.6 11.4
      vertex -50.6 -9.39999 11.4
    endloop
  endfacet
  facet normal 0 0 1
    outer loop
      vertex -49.4 -10.6 11.4
      vertex -50.6 -10.6 11.4
      vertex -49.4 -19.4 11.4
    endloop
  endfacet
  facet normal 0 0 1
    outer loop
      vertex -50.6 -19.4 11.4
      vertex -49.4 -19.4 11.4
      vertex -50.6 -10.6 11.4
    endloop
  endfacet
  facet normal 0 0 1
    outer loop
      vertex -49.4 -19.4 11.4
      vertex -50.6 -19.4 11.4
      vertex -49.4 -20.6 11.4
    endloop
  endfacet
  facet normal 0 0 1
    outer loop
      vertex -50.6 -20.6 11.4
      vertex -49.4 -20.6 11.4
      vertex -50.6 -19.4 11.4
    endloop
  endfacet
  facet normal 0 0 1
    outer loop
      vertex -49.4 -20.6 11.4
      vertex -50.6 -20.6 11.4
      vertex -49.4 -29.4 11.4
    endloop
  endfacet
  facet normal 0 0 1
    outer loop
      vertex -50.6 70.6 11.4
      vertex -49.4 78.9 11.4
      vertex -50.6 78.9 11.4
    endloop
  endfacet
  facet normal 0 0 1
    outer loop
      vertex -40.6 78.9 11.4
      vertex -80.1 80.1 11.4
      vertex -49.4 78.9 11.4
    endloop
  endfacet
  facet normal 0 0 1
    outer loop
      vertex -49.4 78.9 11.4
      vertex -80.1 80.1 11.4
      vertex -50.6 78.9 11.4
    endloop
  endfacet
  facet normal 0 0 1
    outer loop
      vertex -60.6 70.6 11.4
      vertex -59.4 70.6 11.4
      vertex -59.4 78.9 11.4
    endloop
  endfacet
  facet normal 0 0 1
    outer loop
      vertex -59.4 70.6 11.4
      vertex -60.6 70.6 11.4
      vertex -59.4 69.4 11.4
    endloop
  endfacet
  facet normal 0 0 1
    outer loop
      vertex -59.4 69.4 11.4
      vertex -60.6 69.4 11.4
      vertex -59.4 60.6 11.4
    endloop
  endfacet
  facet normal 0 0 1
    outer loop
      vertex -60.6 60.6 11.4
      vertex -59.4 60.6 11.4
      vertex -60.6 69.4 11.4
    endloop
  endfacet
  facet normal 0 0 1
    outer loop
      vertex -60.6 59.4 11.4
      vertex -59.4 59.4 11.4
      vertex -60.6 60.6 11.4
    endloop
  endfacet
  facet normal 0 0 1
    outer loop
      vertex -59.4 59.4 11.4
      vertex -60.6 59.4 11.4
      vertex -59.4 50.6 11.4
    endloop
  endfacet
  facet normal 0 0 1
    outer loop
      vertex -59.4 50.6 11.4
      vertex -60.6 50.6 11.4
      vertex -59.4 49.4 11.4
    endloop
  endfacet
  facet normal 0 0 1
    outer loop
      vertex -60.6 49.4 11.4
      vertex -59.4 49.4 11.4
      vertex -60.6 50.6 11.4
    endloop
  endfacet
  facet normal 0 0 1
    outer loop
      vertex -60.6 40.6 11.4
      vertex -59.4 40.6 11.4
      vertex -60.6 49.4 11.4
    endloop
  endfacet
  facet normal 0 0 1
    outer loop
      vertex -59.4 40.6 11.4
      vertex -60.6 40.6 11.4
      vertex -59.4 39.4 11.4
    endloop
  endfacet
  facet normal 0 0 1
    outer loop
      vertex -59.4 39.4 11.4
      vertex -60.6 39.4 11.4
      vertex -59.4 30.6 11.4
    endloop
  endfacet
  facet normal 0 0 1
    outer loop
      vertex -60.6 30.6 11.4
      vertex -59.4 30.6 11.4
      vertex -60.6 39.4 11.4
    endloop
  endfacet
  facet normal 0 0 1
    outer loop
      vertex -60.6 29.4 11.4
      vertex -59.4 29.4 11.4
      vertex -60.6 30.6 11.4
    endloop
  endfacet
  facet normal 0 0 1
    outer loop
      vertex -60.6 20.6 11.4
      vertex -59.4 20.6 11.4
      vertex -60.6 29.4 11.4
    endloop
  endfacet
  facet normal 0 0 1
    outer loop
      vertex -60.6 19.4 11.4
      vertex -59.4 19.4 11.4
      vertex -60.6 20.6 11.4
    endloop
  endfacet
  facet normal 0 0 1
    outer loop
      vertex -59.4 19.4 11.4
      vertex -60.6 19.4 11.4
      vertex -59.4 10.6 11.4
    endloop
  endfacet
  facet normal 0 0 1
    outer loop
      vertex -59.4 10.6 11.4
      vertex -60.6 10.6 11.4
      vertex -59.4 9.39999 11.4
    endloop
  endfacet
  facet normal 0 0 1
    outer loop
      vertex -60.6 9.39999 11.4
      vertex -59.4 9.39999 11.4
      vertex -60.6 10.6 11.4
    endloop
  endfacet
  facet normal 0 0 1
    outer loop
      vertex -60.6 0.599991 11.4
      vertex -59.4 0.599991 11.4
      vertex -60.6 9.39999 11.4
    endloop
  endfacet
  facet normal 0 0 1
    outer loop
      vertex -59.4 0.599991 11.4
      vertex -60.6 0.599991 11.4
      vertex -59.4 -0.599991 11.4
    endloop
  endfacet
  facet normal 0 0 1
    outer loop
      vertex -60.6 -0.599991 11.4
      vertex -59.4 -0.599991 11.4
      vertex -60.6 0.599991 11.4
    endloop
  endfacet
  facet normal 0 0 1
    outer loop
      vertex -59.4 -0.599991 11.4
      vertex -60.6 -0.599991 11.4
      vertex -59.4 -9.39999 11.4
    endloop
  endfacet
  facet normal 0 0 1
    outer loop
      vertex -60.6 -9.39999 11.4
      vertex -59.4 -9.39999 11.4
      vertex -60.6 -0.599991 11.4
    endloop
  endfacet
  facet normal 0 0 1
    outer loop
      vertex -59.4 -9.39999 11.4
      vertex -60.6 -9.39999 11.4
      vertex -59.4 -10.6 11.4
    endloop
  endfacet
  facet normal 0 0 1
    outer loop
      vertex -60.6 -10.6 11.4
      vertex -59.4 -10.6 11.4
      vertex -60.6 -9.39999 11.4
    endloop
  endfacet
  facet normal 0 0 1
    outer loop
      vertex -59.4 -10.6 11.4
      vertex -60.6 -10.6 11.4
      vertex -59.4 -19.4 11.4
    endloop
  endfacet
  facet normal 0 0 1
    outer loop
      vertex -60.6 -19.4 11.4
      vertex -59.4 -19.4 11.4
      vertex -60.6 -10.6 11.4
    endloop
  endfacet
  facet normal 0 0 1
    outer loop
      vertex -59.4 -19.4 11.4
      vertex -60.6 -19.4 11.4
      vertex -59.4 -20.6 11.4
    endloop
  endfacet
  facet normal 0 0 1
    outer loop
      vertex -60.6 -20.6 11.4
      vertex -59.4 -20.6 11.4
      vertex -60.6 -19.4 11.4
    endloop
  endfacet
  facet normal 0 0 1
    outer loop
      vertex -59.4 -20.6 11.4
      vertex -60.6 -20.6 11.4
      vertex -59.4 -29.4 11.4
    endloop
  endfacet
  facet normal 0 0 1
    outer loop
      vertex -60.6 70.6 11.4
      vertex -59.4 78.9 11.4
      vertex -60.6 78.9 11.4
    endloop
  endfacet
  facet normal 0 0 1
    outer loop
      vertex -50.6 78.9 11.4
      vertex -80.1 80.1 11.4
      vertex -59.4 78.9 11.4
    endloop
  endfacet
  facet normal 0 0 1
    outer loop
      vertex -59.4 78.9 11.4
      vertex -80.1 80.1 11.4
      vertex -60.6 78.9 11.4
    endloop
  endfacet
  facet normal 0 0 1
    outer loop
      vertex -70.6 70.6 11.4
      vertex -69.4 70.6 11.4
      vertex -69.4 78.9 11.4
    endloop
  endfacet
  facet normal 0 0 1
    outer loop
      vertex -69.4 70.6 11.4
      vertex -70.6 70.6 11.4
      vertex -69.4 69.4 11.4
    endloop
  endfacet
  facet normal 0 0 1
    outer loop
      vertex -69.4 69.4 11.4
      vertex -70.6 69.4 11.4
      vertex -69.4 60.6 11.4
    endloop
  endfacet
  facet normal 0 0 1
    outer loop
      vertex -70.6 60.6 11.4
      vertex -69.4 60.6 11.4
      vertex -70.6 69.4 11.4
    endloop
  endfacet
  facet normal 0 0 1
    outer loop
      vertex -70.6 59.4 11.4
      vertex -69.4 59.4 11.4
      vertex -70.6 60.6 11.4
    endloop
  endfacet
  facet normal 0 0 1
    outer loop
      vertex -69.4 59.4 11.4
      vertex -70.6 59.4 11.4
      vertex -69.4 50.6 11.4
    endloop
  endfacet
  facet normal 0 0 1
    outer loop
      vertex -69.4 50.6 11.4
      vertex -70.6 50.6 11.4
      vertex -69.4 49.4 11.4
    endloop
  endfacet
  facet normal 0 0 1
    outer loop
      vertex -70.6 49.4 11.4
      vertex -69.4 49.4 11.4
      vertex -70.6 50.6 11.4
    endloop
  endfacet
  facet normal 0 0 1
    outer loop
      vertex -70.6 40.6 11.4
      vertex -69.4 40.6 11.4
      vertex -70.6 49.4 11.4
    endloop
  endfacet
  facet normal 0 0 1
    outer loop
      vertex -69.4 40.6 11.4
      vertex -70.6 40.6 11.4
      vertex -69.4 39.4 11.4
    endloop
  endfacet
  facet normal 0 0 1
    outer loop
      vertex -69.4 39.4 11.4
      vertex -70.6 39.4 11.4
      vertex -69.4 30.6 11.4
    endloop
  endfacet
  facet normal 0 0 1
    outer loop
      vertex -70.6 30.6 11.4
      vertex -69.4 30.6 11.4
      vertex -70.6 39.4 11.4
    endloop
  endfacet
  facet normal 0 0 1
    outer loop
      vertex -70.6 29.4 11.4
      vertex -69.4 29.4 11.4
      vertex -70.6 30.6 11.4
    endloop
  endfacet
  facet normal 0 0 1
    outer loop
      vertex -70.6 20.6 11.4
      vertex -69.4 20.6 11.4
      vertex -70.6 29.4 11.4
    endloop
  endfacet
  facet normal 0 0 1
    outer loop
      vertex -70.6 19.4 11.4
      vertex -69.4 19.4 11.4
      vertex -70.6 20.6 11.4
    endloop
  endfacet
  facet normal 0 0 1
    outer loop
      vertex -69.4 19.4 11.4
      vertex -70.6 19.4 11.4
      vertex -69.4 10.6 11.4
    endloop
  endfacet
  facet normal 0 0 1
    outer loop
      vertex -69.4 10.6 11.4
      vertex -70.6 10.6 11.4
      vertex -69.4 9.39999 11.4
    endloop
  endfacet
  facet normal 0 0 1
    outer loop
      vertex -70.6 9.39999 11.4
      vertex -69.4 9.39999 11.4
      vertex -70.6 10.6 11.4
    endloop
  endfacet
  facet normal 0 0 1
    outer loop
      vertex -70.6 0.599991 11.4
      vertex -69.4 0.599991 11.4
      vertex -70.6 9.39999 11.4
    endloop
  endfacet
  facet normal 0 0 1
    outer loop
      vertex -69.4 0.599991 11.4
      vertex -70.6 0.599991 11.4
      vertex -69.4 -0.599991 11.4
    endloop
  endfacet
  facet normal 0 0 1
    outer loop
      vertex -70.6 -0.599991 11.4
      vertex -69.4 -0.599991 11.4
      vertex -70.6 0.599991 11.4
    endloop
  endfacet
  facet normal 0 0 1
    outer loop
      vertex -69.4 -0.599991 11.4
      vertex -70.6 -0.599991 11.4
      vertex -69.4 -9.39999 11.4
    endloop
  endfacet
  facet normal 0 0 1
    outer loop
      vertex -70.6 -9.39999 11.4
      vertex -69.4 -9.39999 11.4
      vertex -70.6 -0.599991 11.4
    endloop
  endfacet
  facet normal 0 0 1
    outer loop
      vertex -69.4 -9.39999 11.4
      vertex -70.6 -9.39999 11.4
      vertex -69.4 -10.6 11.4
    endloop
  endfacet
  facet normal 0 0 1
    outer loop
      vertex -70.6 -10.6 11.4
      vertex -69.4 -10.6 11.4
      vertex -70.6 -9.39999 11.4
    endloop
  endfacet
  facet normal 0 0 1
    outer loop
      vertex -69.4 -10.6 11.4
      vertex -70.6 -10.6 11.4
      vertex -69.4 -19.4 11.4
    endloop
  endfacet
  facet normal 0 0 1
    outer loop
      vertex -70.6 -19.4 11.4
      vertex -69.4 -19.4 11.4
      vertex -70.6 -10.6 11.4
    endloop
  endfacet
  facet normal 0 0 1
    outer loop
      vertex -69.4 -19.4 11.4
      vertex -70.6 -19.4 11.4
      vertex -69.4 -20.6 11.4
    endloop
  endfacet
  facet normal 0 0 1
    outer loop
      vertex -70.6 -20.6 11.4
      vertex -69.4 -20.6 11.4
      vertex -70.6 -19.4 11.4
    endloop
  endfacet
  facet normal 0 0 1
    outer loop
      vertex -69.4 -20.6 11.4
      vertex -70.6 -20.6 11.4
      vertex -69.4 -29.4 11.4
    endloop
  endfacet
  facet normal 0 0 1
    outer loop
      vertex -70.6 70.6 11.4
      vertex -69.4 78.9 11.4
      vertex -70.6 78.9 11.4
    endloop
  endfacet
  facet normal 0 0 1
    outer loop
      vertex -60.6 78.9 11.4
      vertex -80.1 80.1 11.4
      vertex -69.4 78.9 11.4
    endloop
  endfacet
  facet normal 0 0 1
    outer loop
      vertex -69.4 78.9 11.4
      vertex -80.1 80.1 11.4
      vertex -70.6 78.9 11.4
    endloop
  endfacet
  facet normal 0 0 1
    outer loop
      vertex -80.1 80.1 11.4
      vertex -78.9 70.6 11.4
      vertex -78.9 78.9 11.4
    endloop
  endfacet
  facet normal 0 0 1
    outer loop
      vertex -78.9 70.6 11.4
      vertex -80.1 80.1 11.4
      vertex -78.9 69.4 11.4
    endloop
  endfacet
  facet normal 0 0 1
    outer loop
      vertex -78.9 69.4 11.4
      vertex -80.1 80.1 11.4
      vertex -78.9 60.6 11.4
    endloop
  endfacet
  facet normal 0 0 1
    outer loop
      vertex -78.9 60.6 11.4
      vertex -80.1 80.1 11.4
      vertex -78.9 59.4 11.4
    endloop
  endfacet
  facet normal 0 0 1
    outer loop
      vertex -78.9 59.4 11.4
      vertex -80.1 80.1 11.4
      vertex -78.9 50.6 11.4
    endloop
  endfacet
  facet normal 0 0 1
    outer loop
      vertex -78.9 50.6 11.4
      vertex -80.1 80.1 11.4
      vertex -78.9 49.4 11.4
    endloop
  endfacet
  facet normal 0 0 1
    outer loop
      vertex -78.9 49.4 11.4
      vertex -80.1 80.1 11.4
      vertex -78.9 40.6 11.4
    endloop
  endfacet
  facet normal 0 0 1
    outer loop
      vertex -78.9 40.6 11.4
      vertex -80.1 80.1 11.4
      vertex -78.9 39.4 11.4
    endloop
  endfacet
  facet normal 0 0 1
    outer loop
      vertex -78.9 39.4 11.4
      vertex -80.1 80.1 11.4
      vertex -78.9 30.6 11.4
    endloop
  endfacet
  facet normal 0 0 1
    outer loop
      vertex -78.9 30.6 11.4
      vertex -80.1 80.1 11.4
      vertex -78.9 29.4 11.4
    endloop
  endfacet
  facet normal 0 0 1
    outer loop
      vertex -78.9 29.4 11.4
      vertex -80.1 80.1 11.4
      vertex -78.9 20.6 11.4
    endloop
  endfacet
  facet normal 0 0 1
    outer loop
      vertex -78.9 20.6 11.4
      vertex -80.1 80.1 11.4
      vertex -78.9 19.4 11.4
    endloop
  endfacet
  facet normal 0 0 1
    outer loop
      vertex -78.9 19.4 11.4
      vertex -80.1 80.1 11.4
      vertex -78.9 10.6 11.4
    endloop
  endfacet
  facet normal 0 0 1
    outer loop
      vertex -78.9 10.6 11.4
      vertex -80.1 80.1 11.4
      vertex -78.9 9.39999 11.4
    endloop
  endfacet
  facet normal 0 0 1
    outer loop
      vertex -78.9 9.39999 11.4
      vertex -80.1 80.1 11.4
      vertex -78.9 0.599991 11.4
    endloop
  endfacet
  facet normal 0 0 1
    outer loop
      vertex -78.9 0.599991 11.4
      vertex -80.1 80.1 11.4
      vertex -78.9 -0.599991 11.4
    endloop
  endfacet
  facet normal 0 0 1
    outer loop
      vertex -78.9 -0.599991 11.4
      vertex -80.1 80.1 11.4
      vertex -78.9 -9.39999 11.4
    endloop
  endfacet
  facet normal 0 0 1
    outer loop
      vertex -78.9 -9.39999 11.4
      vertex -80.1 80.1 11.4
      vertex -78.9 -10.6 11.4
    endloop
  endfacet
  facet normal 0 0 1
    outer loop
      vertex -78.9 -10.6 11.4
      vertex -80.1 80.1 11.4
      vertex -78.9 -19.4 11.4
    endloop
  endfacet
  facet normal 0 0 1
    outer loop
      vertex -78.9 -19.4 11.4
      vertex -80.1 80.1 11.4
      vertex -78.9 -20.6 11.4
    endloop
  endfacet
  facet normal 0 0 1
    outer loop
      vertex -80.1 -80.1 11.4
      vertex -78.9 -20.6 11.4
      vertex -80.1 80.1 11.4
    endloop
  endfacet
  facet normal 0 0 1
    outer loop
      vertex -78.9 -20.6 11.4
      vertex -80.1 -80.1 11.4
      vertex -78.9 -29.4 11.4
    endloop
  endfacet
  facet normal 0 0 1
    outer loop
      vertex -78.9 -29.4 11.4
      vertex -80.1 -80.1 11.4
      vertex -78.9 -30.6 11.4
    endloop
  endfacet
  facet normal 0 0 1
    outer loop
      vertex -78.9 -30.6 11.4
      vertex -80.1 -80.1 11.4
      vertex -78.9 -39.4 11.4
    endloop
  endfacet
  facet normal 0 0 1
    outer loop
      vertex -78.9 -39.4 11.4
      vertex -80.1 -80.1 11.4
      vertex -78.9 -40.6 11.4
    endloop
  endfacet
  facet normal 0 0 1
    outer loop
      vertex -78.9 -40.6 11.4
      vertex -80.1 -80.1 11.4
      vertex -78.9 -49.4 11.4
    endloop
  endfacet
  facet normal 0 0 1
    outer loop
      vertex -78.9 -49.4 11.4
      vertex -80.1 -80.1 11.4
      vertex -78.9 -50.6 11.4
    endloop
  endfacet
  facet normal 0 0 1
    outer loop
      vertex -78.9 -50.6 11.4
      vertex -80.1 -80.1 11.4
      vertex -78.9 -59.4 11.4
    endloop
  endfacet
  facet normal 0 0 1
    outer loop
      vertex -78.9 -59.4 11.4
      vertex -80.1 -80.1 11.4
      vertex -78.9 -60.6 11.4
    endloop
  endfacet
  facet normal 0 0 1
    outer loop
      vertex -78.9 -60.6 11.4
      vertex -80.1 -80.1 11.4
      vertex -78.9 -69.4 11.4
    endloop
  endfacet
  facet normal 0 0 1
    outer loop
      vertex -78.9 -69.4 11.4
      vertex -80.1 -80.1 11.4
      vertex -78.9 -70.6 11.4
    endloop
  endfacet
  facet normal 0 0 1
    outer loop
      vertex -70.6 78.9 11.4
      vertex -80.1 80.1 11.4
      vertex -78.9 78.9 11.4
    endloop
  endfacet
  facet normal 0 0 1
    outer loop
      vertex 78.9 69.4 11.4
      vertex 80.1 80.1 11.4
      vertex 78.9 70.6 11.4
    endloop
  endfacet
  facet normal 0 0 1
    outer loop
      vertex 78.9 60.6 11.4
      vertex 80.1 80.1 11.4
      vertex 78.9 69.4 11.4
    endloop
  endfacet
  facet normal 0 0 1
    outer loop
      vertex 78.9 59.4 11.4
      vertex 80.1 80.1 11.4
      vertex 78.9 60.6 11.4
    endloop
  endfacet
  facet normal 0 0 1
    outer loop
      vertex 78.9 50.6 11.4
      vertex 80.1 80.1 11.4
      vertex 78.9 59.4 11.4
    endloop
  endfacet
  facet normal 0 0 1
    outer loop
      vertex 78.9 49.4 11.4
      vertex 80.1 80.1 11.4
      vertex 78.9 50.6 11.4
    endloop
  endfacet
  facet normal 0 0 1
    outer loop
      vertex 78.9 40.6 11.4
      vertex 80.1 80.1 11.4
      vertex 78.9 49.4 11.4
    endloop
  endfacet
  facet normal 0 0 1
    outer loop
      vertex 78.9 39.4 11.4
      vertex 80.1 80.1 11.4
      vertex 78.9 40.6 11.4
    endloop
  endfacet
  facet normal 0 0 1
    outer loop
      vertex 78.9 30.6 11.4
      vertex 80.1 80.1 11.4
      vertex 78.9 39.4 11.4
    endloop
  endfacet
  facet normal 0 0 1
    outer loop
      vertex 78.9 29.4 11.4
      vertex 80.1 80.1 11.4
      vertex 78.9 30.6 11.4
    endloop
  endfacet
  facet normal 0 0 1
    outer loop
      vertex 78.9 20.6 11.4
      vertex 80.1 80.1 11.4
      vertex 78.9 29.4 11.4
    endloop
  endfacet
  facet normal 0 0 1
    outer loop
      vertex 80.1 80.1 11.4
      vertex 78.9 20.6 11.4
      vertex 80.1 -80.1 11.4
    endloop
  endfacet
  facet normal -0 0 1
    outer loop
      vertex 78.9 19.4 11.4
      vertex 80.1 -80.1 11.4
      vertex 78.9 20.6 11.4
    endloop
  endfacet
  facet normal -0 0 1
    outer loop
      vertex 78.9 10.6 11.4
      vertex 80.1 -80.1 11.4
      vertex 78.9 19.4 11.4
    endloop
  endfacet
  facet normal -0 0 1
    outer loop
      vertex 78.9 9.39999 11.4
      vertex 80.1 -80.1 11.4
      vertex 78.9 10.6 11.4
    endloop
  endfacet
  facet normal -0 0 1
    outer loop
      vertex 78.9 0.599991 11.4
      vertex 80.1 -80.1 11.4
      vertex 78.9 9.39999 11.4
    endloop
  endfacet
  facet normal -0 0 1
    outer loop
      vertex 78.9 -0.599991 11.4
      vertex 80.1 -80.1 11.4
      vertex 78.9 0.599991 11.4
    endloop
  endfacet
  facet normal -0 0 1
    outer loop
      vertex 78.9 -9.39999 11.4
      vertex 80.1 -80.1 11.4
      vertex 78.9 -0.599991 11.4
    endloop
  endfacet
  facet normal -0 0 1
    outer loop
      vertex 78.9 -10.6 11.4
      vertex 80.1 -80.1 11.4
      vertex 78.9 -9.39999 11.4
    endloop
  endfacet
  facet normal -0 0 1
    outer loop
      vertex 78.9 -19.4 11.4
      vertex 80.1 -80.1 11.4
      vertex 78.9 -10.6 11.4
    endloop
  endfacet
  facet normal -0 0 1
    outer loop
      vertex 78.9 -20.6 11.4
      vertex 80.1 -80.1 11.4
      vertex 78.9 -19.4 11.4
    endloop
  endfacet
  facet normal -0 0 1
    outer loop
      vertex 78.9 -29.4 11.4
      vertex 80.1 -80.1 11.4
      vertex 78.9 -20.6 11.4
    endloop
  endfacet
  facet normal -0 0 1
    outer loop
      vertex 78.9 -30.6 11.4
      vertex 80.1 -80.1 11.4
      vertex 78.9 -29.4 11.4
    endloop
  endfacet
  facet normal -0 0 1
    outer loop
      vertex 78.9 -39.4 11.4
      vertex 80.1 -80.1 11.4
      vertex 78.9 -30.6 11.4
    endloop
  endfacet
  facet normal -0 0 1
    outer loop
      vertex 78.9 -40.6 11.4
      vertex 80.1 -80.1 11.4
      vertex 78.9 -39.4 11.4
    endloop
  endfacet
  facet normal -0 0 1
    outer loop
      vertex 78.9 -49.4 11.4
      vertex 80.1 -80.1 11.4
      vertex 78.9 -40.6 11.4
    endloop
  endfacet
  facet normal -0 0 1
    outer loop
      vertex 78.9 -50.6 11.4
      vertex 80.1 -80.1 11.4
      vertex 78.9 -49.4 11.4
    endloop
  endfacet
  facet normal -0 0 1
    outer loop
      vertex 78.9 -59.4 11.4
      vertex 80.1 -80.1 11.4
      vertex 78.9 -50.6 11.4
    endloop
  endfacet
  facet normal -0 0 1
    outer loop
      vertex 78.9 -60.6 11.4
      vertex 80.1 -80.1 11.4
      vertex 78.9 -59.4 11.4
    endloop
  endfacet
  facet normal -0 0 1
    outer loop
      vertex 78.9 -69.4 11.4
      vertex 80.1 -80.1 11.4
      vertex 78.9 -60.6 11.4
    endloop
  endfacet
  facet normal -0 0 1
    outer loop
      vertex 78.9 -70.6 11.4
      vertex 80.1 -80.1 11.4
      vertex 78.9 -69.4 11.4
    endloop
  endfacet
  facet normal -0 0 1
    outer loop
      vertex 78.9 -78.9 11.4
      vertex 80.1 -80.1 11.4
      vertex 78.9 -70.6 11.4
    endloop
  endfacet
  facet normal -0 0 1
    outer loop
      vertex 70.6 -78.9 11.4
      vertex 80.1 -80.1 11.4
      vertex 78.9 -78.9 11.4
    endloop
  endfacet
  facet normal 0 0 1
    outer loop
      vertex 70.6 69.4 11.4
      vertex 69.4 70.6 11.4
      vertex 69.4 69.4 11.4
    endloop
  endfacet
  facet normal 0 0 1
    outer loop
      vertex 70.6 60.6 11.4
      vertex 69.4 60.6 11.4
      vertex 70.6 59.4 11.4
    endloop
  endfacet
  facet normal 0 0 1
    outer loop
      vertex 69.4 50.6 11.4
      vertex 70.6 50.6 11.4
      vertex 69.4 59.4 11.4
    endloop
  endfacet
  facet normal 0 0 1
    outer loop
      vertex 70.6 49.4 11.4
      vertex 69.4 49.4 11.4
      vertex 70.6 40.6 11.4
    endloop
  endfacet
  facet normal 0 0 1
    outer loop
      vertex 69.4 39.4 11.4
      vertex 70.6 39.4 11.4
      vertex 69.4 40.6 11.4
    endloop
  endfacet
  facet normal 0 0 1
    outer loop
      vertex 70.6 30.6 11.4
      vertex 69.4 30.6 11.4
      vertex 70.6 29.4 11.4
    endloop
  endfacet
  facet normal 0 0 1
    outer loop
      vertex 70.6 29.4 11.4
      vertex 69.4 29.4 11.4
      vertex 70.6 20.6 11.4
    endloop
  endfacet
  facet normal 0 0 1
    outer loop
      vertex 70.6 20.6 11.4
      vertex 69.4 20.6 11.4
      vertex 70.6 19.4 11.4
    endloop
  endfacet
  facet normal 0 0 1
    outer loop
      vertex 69.4 10.6 11.4
      vertex 70.6 10.6 11.4
      vertex 69.4 19.4 11.4
    endloop
  endfacet
  facet normal 0 0 1
    outer loop
      vertex 70.6 9.39999 11.4
      vertex 69.4 9.39999 11.4
      vertex 70.6 0.599991 11.4
    endloop
  endfacet
  facet normal 0 0 1
    outer loop
      vertex 69.4 -29.4 11.4
      vertex 70.6 -29.4 11.4
      vertex 69.4 -20.6 11.4
    endloop
  endfacet
  facet normal 0 0 1
    outer loop
      vertex 70.6 -29.4 11.4
      vertex 69.4 -29.4 11.4
      vertex 70.6 -30.6 11.4
    endloop
  endfacet
  facet normal 0 0 1
    outer loop
      vertex 69.4 -30.6 11.4
      vertex 70.6 -30.6 11.4
      vertex 69.4 -29.4 11.4
    endloop
  endfacet
  facet normal 0 0 1
    outer loop
      vertex 70.6 -30.6 11.4
      vertex 69.4 -30.6 11.4
      vertex 70.6 -39.4 11.4
    endloop
  endfacet
  facet normal 0 0 1
    outer loop
      vertex 69.4 -39.4 11.4
      vertex 70.6 -39.4 11.4
      vertex 69.4 -30.6 11.4
    endloop
  endfacet
  facet normal 0 0 1
    outer loop
      vertex 70.6 -39.4 11.4
      vertex 69.4 -39.4 11.4
      vertex 70.6 -40.6 11.4
    endloop
  endfacet
  facet normal 0 0 1
    outer loop
      vertex 69.4 -40.6 11.4
      vertex 70.6 -40.6 11.4
      vertex 69.4 -39.4 11.4
    endloop
  endfacet
  facet normal 0 0 1
    outer loop
      vertex 70.6 -40.6 11.4
      vertex 69.4 -40.6 11.4
      vertex 70.6 -49.4 11.4
    endloop
  endfacet
  facet normal 0 0 1
    outer loop
      vertex 69.4 -49.4 11.4
      vertex 70.6 -49.4 11.4
      vertex 69.4 -40.6 11.4
    endloop
  endfacet
  facet normal 0 0 1
    outer loop
      vertex 70.6 -49.4 11.4
      vertex 69.4 -49.4 11.4
      vertex 70.6 -50.6 11.4
    endloop
  endfacet
  facet normal 0 0 1
    outer loop
      vertex 69.4 -50.6 11.4
      vertex 70.6 -50.6 11.4
      vertex 69.4 -49.4 11.4
    endloop
  endfacet
  facet normal 0 0 1
    outer loop
      vertex 70.6 -50.6 11.4
      vertex 69.4 -50.6 11.4
      vertex 70.6 -59.4 11.4
    endloop
  endfacet
  facet normal 0 0 1
    outer loop
      vertex 69.4 -59.4 11.4
      vertex 70.6 -59.4 11.4
      vertex 69.4 -50.6 11.4
    endloop
  endfacet
  facet normal 0 0 1
    outer loop
      vertex 70.6 -59.4 11.4
      vertex 69.4 -59.4 11.4
      vertex 70.6 -60.6 11.4
    endloop
  endfacet
  facet normal 0 0 1
    outer loop
      vertex 69.4 -60.6 11.4
      vertex 70.6 -60.6 11.4
      vertex 69.4 -59.4 11.4
    endloop
  endfacet
  facet normal 0 0 1
    outer loop
      vertex 70.6 -60.6 11.4
      vertex 69.4 -60.6 11.4
      vertex 70.6 -69.4 11.4
    endloop
  endfacet
  facet normal 0 0 1
    outer loop
      vertex 69.4 -69.4 11.4
      vertex 70.6 -69.4 11.4
      vertex 69.4 -60.6 11.4
    endloop
  endfacet
  facet normal 0 0 1
    outer loop
      vertex 70.6 -69.4 11.4
      vertex 69.4 -69.4 11.4
      vertex 70.6 -70.6 11.4
    endloop
  endfacet
  facet normal 0 0 1
    outer loop
      vertex 69.4 -70.6 11.4
      vertex 70.6 -70.6 11.4
      vertex 69.4 -69.4 11.4
    endloop
  endfacet
  facet normal 0 0 1
    outer loop
      vertex 70.6 -70.6 11.4
      vertex 69.4 -70.6 11.4
      vertex 70.6 -78.9 11.4
    endloop
  endfacet
  facet normal 0 0 1
    outer loop
      vertex 69.4 -78.9 11.4
      vertex 70.6 -78.9 11.4
      vertex 69.4 -70.6 11.4
    endloop
  endfacet
  facet normal -0 0 1
    outer loop
      vertex 69.4 -78.9 11.4
      vertex 80.1 -80.1 11.4
      vertex 70.6 -78.9 11.4
    endloop
  endfacet
  facet normal -0 0 1
    outer loop
      vertex 60.6 -78.9 11.4
      vertex 80.1 -80.1 11.4
      vertex 69.4 -78.9 11.4
    endloop
  endfacet
  facet normal 0 0 1
    outer loop
      vertex 60.6 69.4 11.4
      vertex 59.4 70.6 11.4
      vertex 59.4 69.4 11.4
    endloop
  endfacet
  facet normal 0 0 1
    outer loop
      vertex 60.6 60.6 11.4
      vertex 59.4 60.6 11.4
      vertex 60.6 59.4 11.4
    endloop
  endfacet
  facet normal 0 0 1
    outer loop
      vertex 59.4 50.6 11.4
      vertex 60.6 50.6 11.4
      vertex 59.4 59.4 11.4
    endloop
  endfacet
  facet normal 0 0 1
    outer loop
      vertex 60.6 49.4 11.4
      vertex 59.4 49.4 11.4
      vertex 60.6 40.6 11.4
    endloop
  endfacet
  facet normal 0 0 1
    outer loop
      vertex 59.4 39.4 11.4
      vertex 60.6 39.4 11.4
      vertex 59.4 40.6 11.4
    endloop
  endfacet
  facet normal 0 0 1
    outer loop
      vertex 60.6 30.6 11.4
      vertex 59.4 30.6 11.4
      vertex 60.6 29.4 11.4
    endloop
  endfacet
  facet normal 0 0 1
    outer loop
      vertex 60.6 29.4 11.4
      vertex 59.4 29.4 11.4
      vertex 60.6 20.6 11.4
    endloop
  endfacet
  facet normal 0 0 1
    outer loop
      vertex 60.6 20.6 11.4
      vertex 59.4 20.6 11.4
      vertex 60.6 19.4 11.4
    endloop
  endfacet
  facet normal 0 0 1
    outer loop
      vertex 59.4 10.6 11.4
      vertex 60.6 10.6 11.4
      vertex 59.4 19.4 11.4
    endloop
  endfacet
  facet normal 0 0 1
    outer loop
      vertex 60.6 9.39999 11.4
      vertex 59.4 9.39999 11.4
      vertex 60.6 0.599991 11.4
    endloop
  endfacet
  facet normal 0 0 1
    outer loop
      vertex 59.4 -29.4 11.4
      vertex 60.6 -29.4 11.4
      vertex 59.4 -20.6 11.4
    endloop
  endfacet
  facet normal 0 0 1
    outer loop
      vertex 60.6 -29.4 11.4
      vertex 59.4 -29.4 11.4
      vertex 60.6 -30.6 11.4
    endloop
  endfacet
  facet normal 0 0 1
    outer loop
      vertex 59.4 -30.6 11.4
      vertex 60.6 -30.6 11.4
      vertex 59.4 -29.4 11.4
    endloop
  endfacet
  facet normal 0 0 1
    outer loop
      vertex 60.6 -30.6 11.4
      vertex 59.4 -30.6 11.4
      vertex 60.6 -39.4 11.4
    endloop
  endfacet
  facet normal 0 0 1
    outer loop
      vertex 59.4 -39.4 11.4
      vertex 60.6 -39.4 11.4
      vertex 59.4 -30.6 11.4
    endloop
  endfacet
  facet normal 0 0 1
    outer loop
      vertex 60.6 -39.4 11.4
      vertex 59.4 -39.4 11.4
      vertex 60.6 -40.6 11.4
    endloop
  endfacet
  facet normal 0 0 1
    outer loop
      vertex 59.4 -40.6 11.4
      vertex 60.6 -40.6 11.4
      vertex 59.4 -39.4 11.4
    endloop
  endfacet
  facet normal 0 0 1
    outer loop
      vertex 60.6 -40.6 11.4
      vertex 59.4 -40.6 11.4
      vertex 60.6 -49.4 11.4
    endloop
  endfacet
  facet normal 0 0 1
    outer loop
      vertex 59.4 -49.4 11.4
      vertex 60.6 -49.4 11.4
      vertex 59.4 -40.6 11.4
    endloop
  endfacet
  facet normal 0 0 1
    outer loop
      vertex 60.6 -49.4 11.4
      vertex 59.4 -49.4 11.4
      vertex 60.6 -50.6 11.4
    endloop
  endfacet
  facet normal 0 0 1
    outer loop
      vertex 59.4 -50.6 11.4
      vertex 60.6 -50.6 11.4
      vertex 59.4 -49.4 11.4
    endloop
  endfacet
  facet normal 0 0 1
    outer loop
      vertex 60.6 -50.6 11.4
      vertex 59.4 -50.6 11.4
      vertex 60.6 -59.4 11.4
    endloop
  endfacet
  facet normal 0 0 1
    outer loop
      vertex 59.4 -59.4 11.4
      vertex 60.6 -59.4 11.4
      vertex 59.4 -50.6 11.4
    endloop
  endfacet
  facet normal 0 0 1
    outer loop
      vertex 60.6 -59.4 11.4
      vertex 59.4 -59.4 11.4
      vertex 60.6 -60.6 11.4
    endloop
  endfacet
  facet normal 0 0 1
    outer loop
      vertex 59.4 -60.6 11.4
      vertex 60.6 -60.6 11.4
      vertex 59.4 -59.4 11.4
    endloop
  endfacet
  facet normal 0 0 1
    outer loop
      vertex 60.6 -60.6 11.4
      vertex 59.4 -60.6 11.4
      vertex 60.6 -69.4 11.4
    endloop
  endfacet
  facet normal 0 0 1
    outer loop
      vertex 59.4 -69.4 11.4
      vertex 60.6 -69.4 11.4
      vertex 59.4 -60.6 11.4
    endloop
  endfacet
  facet normal 0 0 1
    outer loop
      vertex 60.6 -69.4 11.4
      vertex 59.4 -69.4 11.4
      vertex 60.6 -70.6 11.4
    endloop
  endfacet
  facet normal 0 0 1
    outer loop
      vertex 59.4 -70.6 11.4
      vertex 60.6 -70.6 11.4
      vertex 59.4 -69.4 11.4
    endloop
  endfacet
  facet normal 0 0 1
    outer loop
      vertex 60.6 -70.6 11.4
      vertex 59.4 -70.6 11.4
      vertex 60.6 -78.9 11.4
    endloop
  endfacet
  facet normal 0 0 1
    outer loop
      vertex 59.4 -78.9 11.4
      vertex 60.6 -78.9 11.4
      vertex 59.4 -70.6 11.4
    endloop
  endfacet
  facet normal -0 0 1
    outer loop
      vertex 59.4 -78.9 11.4
      vertex 80.1 -80.1 11.4
      vertex 60.6 -78.9 11.4
    endloop
  endfacet
  facet normal -0 0 1
    outer loop
      vertex 50.6 -78.9 11.4
      vertex 80.1 -80.1 11.4
      vertex 59.4 -78.9 11.4
    endloop
  endfacet
  facet normal 0 0 1
    outer loop
      vertex 50.6 69.4 11.4
      vertex 49.4 70.6 11.4
      vertex 49.4 69.4 11.4
    endloop
  endfacet
  facet normal 0 0 1
    outer loop
      vertex 50.6 60.6 11.4
      vertex 49.4 60.6 11.4
      vertex 50.6 59.4 11.4
    endloop
  endfacet
  facet normal 0 0 1
    outer loop
      vertex 49.4 50.6 11.4
      vertex 50.6 50.6 11.4
      vertex 49.4 59.4 11.4
    endloop
  endfacet
  facet normal 0 0 1
    outer loop
      vertex 50.6 49.4 11.4
      vertex 49.4 49.4 11.4
      vertex 50.6 40.6 11.4
    endloop
  endfacet
  facet normal 0 0 1
    outer loop
      vertex 49.4 39.4 11.4
      vertex 50.6 39.4 11.4
      vertex 49.4 40.6 11.4
    endloop
  endfacet
  facet normal 0 0 1
    outer loop
      vertex 50.6 30.6 11.4
      vertex 49.4 30.6 11.4
      vertex 50.6 29.4 11.4
    endloop
  endfacet
  facet normal 0 0 1
    outer loop
      vertex 50.6 29.4 11.4
      vertex 49.4 29.4 11.4
      vertex 50.6 20.6 11.4
    endloop
  endfacet
  facet normal 0 0 1
    outer loop
      vertex 50.6 20.6 11.4
      vertex 49.4 20.6 11.4
      vertex 50.6 19.4 11.4
    endloop
  endfacet
  facet normal 0 0 1
    outer loop
      vertex 49.4 10.6 11.4
      vertex 50.6 10.6 11.4
      vertex 49.4 19.4 11.4
    endloop
  endfacet
  facet normal 0 0 1
    outer loop
      vertex 50.6 9.39999 11.4
      vertex 49.4 9.39999 11.4
      vertex 50.6 0.599991 11.4
    endloop
  endfacet
  facet normal 0 0 1
    outer loop
      vertex 49.4 -29.4 11.4
      vertex 50.6 -29.4 11.4
      vertex 49.4 -20.6 11.4
    endloop
  endfacet
  facet normal 0 0 1
    outer loop
      vertex 50.6 -29.4 11.4
      vertex 49.4 -29.4 11.4
      vertex 50.6 -30.6 11.4
    endloop
  endfacet
  facet normal 0 0 1
    outer loop
      vertex 49.4 -30.6 11.4
      vertex 50.6 -30.6 11.4
      vertex 49.4 -29.4 11.4
    endloop
  endfacet
  facet normal 0 0 1
    outer loop
      vertex 50.6 -30.6 11.4
      vertex 49.4 -30.6 11.4
      vertex 50.6 -39.4 11.4
    endloop
  endfacet
  facet normal 0 0 1
    outer loop
      vertex 49.4 -39.4 11.4
      vertex 50.6 -39.4 11.4
      vertex 49.4 -30.6 11.4
    endloop
  endfacet
  facet normal 0 0 1
    outer loop
      vertex 50.6 -39.4 11.4
      vertex 49.4 -39.4 11.4
      vertex 50.6 -40.6 11.4
    endloop
  endfacet
  facet normal 0 0 1
    outer loop
      vertex 49.4 -40.6 11.4
      vertex 50.6 -40.6 11.4
      vertex 49.4 -39.4 11.4
    endloop
  endfacet
  facet normal 0 0 1
    outer loop
      vertex 50.6 -40.6 11.4
      vertex 49.4 -40.6 11.4
      vertex 50.6 -49.4 11.4
    endloop
  endfacet
  facet normal 0 0 1
    outer loop
      vertex 49.4 -49.4 11.4
      vertex 50.6 -49.4 11.4
      vertex 49.4 -40.6 11.4
    endloop
  endfacet
  facet normal 0 0 1
    outer loop
      vertex 50.6 -49.4 11.4
      vertex 49.4 -49.4 11.4
      vertex 50.6 -50.6 11.4
    endloop
  endfacet
  facet normal 0 0 1
    outer loop
      vertex 49.4 -50.6 11.4
      vertex 50.6 -50.6 11.4
      vertex 49.4 -49.4 11.4
    endloop
  endfacet
  facet normal 0 0 1
    outer loop
      vertex 50.6 -50.6 11.4
      vertex 49.4 -50.6 11.4
      vertex 50.6 -59.4 11.4
    endloop
  endfacet
  facet normal 0 0 1
    outer loop
      vertex 49.4 -59.4 11.4
      vertex 50.6 -59.4 11.4
      vertex 49.4 -50.6 11.4
    endloop
  endfacet
  facet normal 0 0 1
    outer loop
      vertex 50.6 -59.4 11.4
      vertex 49.4 -59.4 11.4
      vertex 50.6 -60.6 11.4
    endloop
  endfacet
  facet normal 0 0 1
    outer loop
      vertex 49.4 -60.6 11.4
      vertex 50.6 -60.6 11.4
      vertex 49.4 -59.4 11.4
    endloop
  endfacet
  facet normal 0 0 1
    outer loop
      vertex 50.6 -60.6 11.4
      vertex 49.4 -60.6 11.4
      vertex 50.6 -69.4 11.4
    endloop
  endfacet
  facet normal 0 0 1
    outer loop
      vertex 49.4 -69.4 11.4
      vertex 50.6 -69.4 11.4
      vertex 49.4 -60.6 11.4
    endloop
  endfacet
  facet normal 0 0 1
    outer loop
      vertex 50.6 -69.4 11.4
      vertex 49.4 -69.4 11.4
      vertex 50.6 -70.6 11.4
    endloop
  endfacet
  facet normal 0 0 1
    outer loop
      vertex 49.4 -70.6 11.4
      vertex 50.6 -70.6 11.4
      vertex 49.4 -69.4 11.4
    endloop
  endfacet
  facet normal 0 0 1
    outer loop
      vertex 50.6 -70.6 11.4
      vertex 49.4 -70.6 11.4
      vertex 50.6 -78.9 11.4
    endloop
  endfacet
  facet normal 0 0 1
    outer loop
      vertex 49.4 -78.9 11.4
      vertex 50.6 -78.9 11.4
      vertex 49.4 -70.6 11.4
    endloop
  endfacet
  facet normal -0 0 1
    outer loop
      vertex 49.4 -78.9 11.4
      vertex 80.1 -80.1 11.4
      vertex 50.6 -78.9 11.4
    endloop
  endfacet
  facet normal -0 0 1
    outer loop
      vertex 40.6 -78.9 11.4
      vertex 80.1 -80.1 11.4
      vertex 49.4 -78.9 11.4
    endloop
  endfacet
  facet normal 0 0 1
    outer loop
      vertex 40.6 69.4 11.4
      vertex 39.4 70.6 11.4
      vertex 39.4 69.4 11.4
    endloop
  endfacet
  facet normal 0 0 1
    outer loop
      vertex 40.6 60.6 11.4
      vertex 39.4 60.6 11.4
      vertex 40.6 59.4 11.4
    endloop
  endfacet
  facet normal 0 0 1
    outer loop
      vertex 39.4 50.6 11.4
      vertex 40.6 50.6 11.4
      vertex 39.4 59.4 11.4
    endloop
  endfacet
  facet normal 0 0 1
    outer loop
      vertex 40.6 49.4 11.4
      vertex 39.4 49.4 11.4
      vertex 40.6 40.6 11.4
    endloop
  endfacet
  facet normal 0 0 1
    outer loop
      vertex 39.4 39.4 11.4
      vertex 40.6 39.4 11.4
      vertex 39.4 40.6 11.4
    endloop
  endfacet
  facet normal 0 0 1
    outer loop
      vertex 40.6 30.6 11.4
      vertex 39.4 30.6 11.4
      vertex 40.6 29.4 11.4
    endloop
  endfacet
  facet normal 0 0 1
    outer loop
      vertex 40.6 29.4 11.4
      vertex 39.4 29.4 11.4
      vertex 40.6 20.6 11.4
    endloop
  endfacet
  facet normal 0 0 1
    outer loop
      vertex 40.6 20.6 11.4
      vertex 39.4 20.6 11.4
      vertex 40.6 19.4 11.4
    endloop
  endfacet
  facet normal 0 0 1
    outer loop
      vertex 39.4 10.6 11.4
      vertex 40.6 10.6 11.4
      vertex 39.4 19.4 11.4
    endloop
  endfacet
  facet normal 0 0 1
    outer loop
      vertex 40.6 9.39999 11.4
      vertex 39.4 9.39999 11.4
      vertex 40.6 0.599991 11.4
    endloop
  endfacet
  facet normal 0 0 1
    outer loop
      vertex 39.4 -29.4 11.4
      vertex 40.6 -29.4 11.4
      vertex 39.4 -20.6 11.4
    endloop
  endfacet
  facet normal 0 0 1
    outer loop
      vertex 40.6 -29.4 11.4
      vertex 39.4 -29.4 11.4
      vertex 40.6 -30.6 11.4
    endloop
  endfacet
  facet normal 0 0 1
    outer loop
      vertex 39.4 -30.6 11.4
      vertex 40.6 -30.6 11.4
      vertex 39.4 -29.4 11.4
    endloop
  endfacet
  facet normal 0 0 1
    outer loop
      vertex 40.6 -30.6 11.4
      vertex 39.4 -30.6 11.4
      vertex 40.6 -39.4 11.4
    endloop
  endfacet
  facet normal 0 0 1
    outer loop
      vertex 39.4 -39.4 11.4
      vertex 40.6 -39.4 11.4
      vertex 39.4 -30.6 11.4
    endloop
  endfacet
  facet normal 0 0 1
    outer loop
      vertex 40.6 -39.4 11.4
      vertex 39.4 -39.4 11.4
      vertex 40.6 -40.6 11.4
    endloop
  endfacet
  facet normal 0 0 1
    outer loop
      vertex 39.4 -40.6 11.4
      vertex 40.6 -40.6 11.4
      vertex 39.4 -39.4 11.4
    endloop
  endfacet
  facet normal 0 0 1
    outer loop
      vertex 40.6 -40.6 11.4
      vertex 39.4 -40.6 11.4
      vertex 40.6 -49.4 11.4
    endloop
  endfacet
  facet normal 0 0 1
    outer loop
      vertex 39.4 -49.4 11.4
      vertex 40.6 -49.4 11.4
      vertex 39.4 -40.6 11.4
    endloop
  endfacet
  facet normal 0 0 1
    outer loop
      vertex 40.6 -49.4 11.4
      vertex 39.4 -49.4 11.4
      vertex 40.6 -50.6 11.4
    endloop
  endfacet
  facet normal 0 0 1
    outer loop
      vertex 39.4 -50.6 11.4
      vertex 40.6 -50.6 11.4
      vertex 39.4 -49.4 11.4
    endloop
  endfacet
  facet normal 0 0 1
    outer loop
      vertex 40.6 -50.6 11.4
      vertex 39.4 -50.6 11.4
      vertex 40.6 -59.4 11.4
    endloop
  endfacet
  facet normal 0 0 1
    outer loop
      vertex 39.4 -59.4 11.4
      vertex 40.6 -59.4 11.4
      vertex 39.4 -50.6 11.4
    endloop
  endfacet
  facet normal 0 0 1
    outer loop
      vertex 40.6 -59.4 11.4
      vertex 39.4 -59.4 11.4
      vertex 40.6 -60.6 11.4
    endloop
  endfacet
  facet normal 0 0 1
    outer loop
      vertex 39.4 -60.6 11.4
      vertex 40.6 -60.6 11.4
      vertex 39.4 -59.4 11.4
    endloop
  endfacet
  facet normal 0 0 1
    outer loop
      vertex 40.6 -60.6 11.4
      vertex 39.4 -60.6 11.4
      vertex 40.6 -69.4 11.4
    endloop
  endfacet
  facet normal 0 0 1
    outer loop
      vertex 39.4 -69.4 11.4
      vertex 40.6 -69.4 11.4
      vertex 39.4 -60.6 11.4
    endloop
  endfacet
  facet normal 0 0 1
    outer loop
      vertex 40.6 -69.4 11.4
      vertex 39.4 -69.4 11.4
      vertex 40.6 -70.6 11.4
    endloop
  endfacet
  facet normal 0 0 1
    outer loop
      vertex 39.4 -70.6 11.4
      vertex 40.6 -70.6 11.4
      vertex 39.4 -69.4 11.4
    endloop
  endfacet
  facet normal 0 0 1
    outer loop
      vertex 40.6 -70.6 11.4
      vertex 39.4 -70.6 11.4
      vertex 40.6 -78.9 11.4
    endloop
  endfacet
  facet normal 0 0 1
    outer loop
      vertex 39.4 -78.9 11.4
      vertex 40.6 -78.9 11.4
      vertex 39.4 -70.6 11.4
    endloop
  endfacet
  facet normal -0 0 1
    outer loop
      vertex 39.4 -78.9 11.4
      vertex 80.1 -80.1 11.4
      vertex 40.6 -78.9 11.4
    endloop
  endfacet
  facet normal -0 0 1
    outer loop
      vertex 30.6 -78.9 11.4
      vertex 80.1 -80.1 11.4
      vertex 39.4 -78.9 11.4
    endloop
  endfacet
  facet normal 0 0 1
    outer loop
      vertex 30.6 69.4 11.4
      vertex 29.4 70.6 11.4
      vertex 29.4 69.4 11.4
    endloop
  endfacet
  facet normal 0 0 1
    outer loop
      vertex 30.6 60.6 11.4
      vertex 29.4 60.6 11.4
      vertex 30.6 59.4 11.4
    endloop
  endfacet
  facet normal 0 0 1
    outer loop
      vertex 29.4 50.6 11.4
      vertex 30.6 50.6 11.4
      vertex 29.4 59.4 11.4
    endloop
  endfacet
  facet normal 0 0 1
    outer loop
      vertex 30.6 49.4 11.4
      vertex 29.4 49.4 11.4
      vertex 30.6 40.6 11.4
    endloop
  endfacet
  facet normal 0 0 1
    outer loop
      vertex 29.4 39.4 11.4
      vertex 30.6 39.4 11.4
      vertex 29.4 40.6 11.4
    endloop
  endfacet
  facet normal 0 0 1
    outer loop
      vertex 30.6 30.6 11.4
      vertex 29.4 30.6 11.4
      vertex 30.6 29.4 11.4
    endloop
  endfacet
  facet normal 0 0 1
    outer loop
      vertex 30.6 29.4 11.4
      vertex 29.4 29.4 11.4
      vertex 30.6 20.6 11.4
    endloop
  endfacet
  facet normal 0 0 1
    outer loop
      vertex 30.6 20.6 11.4
      vertex 29.4 20.6 11.4
      vertex 30.6 19.4 11.4
    endloop
  endfacet
  facet normal 0 0 1
    outer loop
      vertex 29.4 10.6 11.4
      vertex 30.6 10.6 11.4
      vertex 29.4 19.4 11.4
    endloop
  endfacet
  facet normal 0 0 1
    outer loop
      vertex 30.6 9.39999 11.4
      vertex 29.4 9.39999 11.4
      vertex 30.6 0.599991 11.4
    endloop
  endfacet
  facet normal 0 0 1
    outer loop
      vertex 29.4 -29.4 11.4
      vertex 30.6 -29.4 11.4
      vertex 29.4 -20.6 11.4
    endloop
  endfacet
  facet normal 0 0 1
    outer loop
      vertex 30.6 -29.4 11.4
      vertex 29.4 -29.4 11.4
      vertex 30.6 -30.6 11.4
    endloop
  endfacet
  facet normal 0 0 1
    outer loop
      vertex 29.4 -30.6 11.4
      vertex 30.6 -30.6 11.4
      vertex 29.4 -29.4 11.4
    endloop
  endfacet
  facet normal 0 0 1
    outer loop
      vertex 30.6 -30.6 11.4
      vertex 29.4 -30.6 11.4
      vertex 30.6 -39.4 11.4
    endloop
  endfacet
  facet normal 0 0 1
    outer loop
      vertex 29.4 -39.4 11.4
      vertex 30.6 -39.4 11.4
      vertex 29.4 -30.6 11.4
    endloop
  endfacet
  facet normal 0 0 1
    outer loop
      vertex 30.6 -39.4 11.4
      vertex 29.4 -39.4 11.4
      vertex 30.6 -40.6 11.4
    endloop
  endfacet
  facet normal 0 0 1
    outer loop
      vertex 29.4 -40.6 11.4
      vertex 30.6 -40.6 11.4
      vertex 29.4 -39.4 11.4
    endloop
  endfacet
  facet normal 0 0 1
    outer loop
      vertex 30.6 -40.6 11.4
      vertex 29.4 -40.6 11.4
      vertex 30.6 -49.4 11.4
    endloop
  endfacet
  facet normal 0 0 1
    outer loop
      vertex 29.4 -49.4 11.4
      vertex 30.6 -49.4 11.4
      vertex 29.4 -40.6 11.4
    endloop
  endfacet
  facet normal 0 0 1
    outer loop
      vertex 30.6 -49.4 11.4
      vertex 29.4 -49.4 11.4
      vertex 30.6 -50.6 11.4
    endloop
  endfacet
  facet normal 0 0 1
    outer loop
      vertex 29.4 -50.6 11.4
      vertex 30.6 -50.6 11.4
      vertex 29.4 -49.4 11.4
    endloop
  endfacet
  facet normal 0 0 1
    outer loop
      vertex 30.6 -50.6 11.4
      vertex 29.4 -50.6 11.4
      vertex 30.6 -59.4 11.4
    endloop
  endfacet
  facet normal 0 0 1
    outer loop
      vertex 29.4 -59.4 11.4
      vertex 30.6 -59.4 11.4
      vertex 29.4 -50.6 11.4
    endloop
  endfacet
  facet normal 0 0 1
    outer loop
      vertex 30.6 -59.4 11.4
      vertex 29.4 -59.4 11.4
      vertex 30.6 -60.6 11.4
    endloop
  endfacet
  facet normal 0 0 1
    outer loop
      vertex 29.4 -60.6 11.4
      vertex 30.6 -60.6 11.4
      vertex 29.4 -59.4 11.4
    endloop
  endfacet
  facet normal 0 0 1
    outer loop
      vertex 30.6 -60.6 11.4
      vertex 29.4 -60.6 11.4
      vertex 30.6 -69.4 11.4
    endloop
  endfacet
  facet normal 0 0 1
    outer loop
      vertex 29.4 -69.4 11.4
      vertex 30.6 -69.4 11.4
      vertex 29.4 -60.6 11.4
    endloop
  endfacet
  facet normal 0 0 1
    outer loop
      vertex 30.6 -69.4 11.4
      vertex 29.4 -69.4 11.4
      vertex 30.6 -70.6 11.4
    endloop
  endfacet
  facet normal 0 0 1
    outer loop
      vertex 29.4 -70.6 11.4
      vertex 30.6 -70.6 11.4
      vertex 29.4 -69.4 11.4
    endloop
  endfacet
  facet normal 0 0 1
    outer loop
      vertex 30.6 -70.6 11.4
      vertex 29.4 -70.6 11.4
      vertex 30.6 -78.9 11.4
    endloop
  endfacet
  facet normal 0 0 1
    outer loop
      vertex 29.4 -78.9 11.4
      vertex 30.6 -78.9 11.4
      vertex 29.4 -70.6 11.4
    endloop
  endfacet
  facet normal -0 0 1
    outer loop
      vertex 29.4 -78.9 11.4
      vertex 80.1 -80.1 11.4
      vertex 30.6 -78.9 11.4
    endloop
  endfacet
  facet normal -0 0 1
    outer loop
      vertex 20.6 -78.9 11.4
      vertex 80.1 -80.1 11.4
      vertex 29.4 -78.9 11.4
    endloop
  endfacet
  facet normal 0 0 1
    outer loop
      vertex 20.6 69.4 11.4
      vertex 19.4 70.6 11.4
      vertex 19.4 69.4 11.4
    endloop
  endfacet
  facet normal 0 0 1
    outer loop
      vertex 20.6 60.6 11.4
      vertex 19.4 60.6 11.4
      vertex 20.6 59.4 11.4
    endloop
  endfacet
  facet normal 0 0 1
    outer loop
      vertex 19.4 50.6 11.4
      vertex 20.6 50.6 11.4
      vertex 19.4 59.4 11.4
    endloop
  endfacet
  facet normal 0 0 1
    outer loop
      vertex 20.6 49.4 11.4
      vertex 19.4 49.4 11.4
      vertex 20.6 40.6 11.4
    endloop
  endfacet
  facet normal 0 0 1
    outer loop
      vertex 19.4 39.4 11.4
      vertex 20.6 39.4 11.4
      vertex 19.4 40.6 11.4
    endloop
  endfacet
  facet normal 0 0 1
    outer loop
      vertex 20.6 30.6 11.4
      vertex 19.4 30.6 11.4
      vertex 20.6 29.4 11.4
    endloop
  endfacet
  facet normal 0 0 1
    outer loop
      vertex 20.6 29.4 11.4
      vertex 19.4 29.4 11.4
      vertex 20.6 20.6 11.4
    endloop
  endfacet
  facet normal 0 0 1
    outer loop
      vertex 20.6 20.6 11.4
      vertex 19.4 20.6 11.4
      vertex 20.6 19.4 11.4
    endloop
  endfacet
  facet normal 0 0 1
    outer loop
      vertex 19.4 10.6 11.4
      vertex 20.6 10.6 11.4
      vertex 19.4 19.4 11.4
    endloop
  endfacet
  facet normal 0 0 1
    outer loop
      vertex 20.6 9.39999 11.4
      vertex 19.4 9.39999 11.4
      vertex 20.6 0.599991 11.4
    endloop
  endfacet
  facet normal 0 0 1
    outer loop
      vertex 19.4 -29.4 11.4
      vertex 20.6 -29.4 11.4
      vertex 19.4 -20.6 11.4
    endloop
  endfacet
  facet normal 0 0 1
    outer loop
      vertex 20.6 -29.4 11.4
      vertex 19.4 -29.4 11.4
      vertex 20.6 -30.6 11.4
    endloop
  endfacet
  facet normal 0 0 1
    outer loop
      vertex 19.4 -30.6 11.4
      vertex 20.6 -30.6 11.4
      vertex 19.4 -29.4 11.4
    endloop
  endfacet
  facet normal 0 0 1
    outer loop
      vertex 20.6 -30.6 11.4
      vertex 19.4 -30.6 11.4
      vertex 20.6 -39.4 11.4
    endloop
  endfacet
  facet normal 0 0 1
    outer loop
      vertex 19.4 -39.4 11.4
      vertex 20.6 -39.4 11.4
      vertex 19.4 -30.6 11.4
    endloop
  endfacet
  facet normal 0 0 1
    outer loop
      vertex 20.6 -39.4 11.4
      vertex 19.4 -39.4 11.4
      vertex 20.6 -40.6 11.4
    endloop
  endfacet
  facet normal 0 0 1
    outer loop
      vertex 19.4 -40.6 11.4
      vertex 20.6 -40.6 11.4
      vertex 19.4 -39.4 11.4
    endloop
  endfacet
  facet normal 0 0 1
    outer loop
      vertex 20.6 -40.6 11.4
      vertex 19.4 -40.6 11.4
      vertex 20.6 -49.4 11.4
    endloop
  endfacet
  facet normal 0 0 1
    outer loop
      vertex 19.4 -49.4 11.4
      vertex 20.6 -49.4 11.4
      vertex 19.4 -40.6 11.4
    endloop
  endfacet
  facet normal 0 0 1
    outer loop
      vertex 20.6 -49.4 11.4
      vertex 19.4 -49.4 11.4
      vertex 20.6 -50.6 11.4
    endloop
  endfacet
  facet normal 0 0 1
    outer loop
      vertex 19.4 -50.6 11.4
      vertex 20.6 -50.6 11.4
      vertex 19.4 -49.4 11.4
    endloop
  endfacet
  facet normal 0 0 1
    outer loop
      vertex 20.6 -50.6 11.4
      vertex 19.4 -50.6 11.4
      vertex 20.6 -59.4 11.4
    endloop
  endfacet
  facet normal 0 0 1
    outer loop
      vertex 19.4 -59.4 11.4
      vertex 20.6 -59.4 11.4
      vertex 19.4 -50.6 11.4
    endloop
  endfacet
  facet normal 0 0 1
    outer loop
      vertex 20.6 -59.4 11.4
      vertex 19.4 -59.4 11.4
      vertex 20.6 -60.6 11.4
    endloop
  endfacet
  facet normal 0 0 1
    outer loop
      vertex 19.4 -60.6 11.4
      vertex 20.6 -60.6 11.4
      vertex 19.4 -59.4 11.4
    endloop
  endfacet
  facet normal 0 0 1
    outer loop
      vertex 20.6 -60.6 11.4
      vertex 19.4 -60.6 11.4
      vertex 20.6 -69.4 11.4
    endloop
  endfacet
  facet normal 0 0 1
    outer loop
      vertex 19.4 -69.4 11.4
      vertex 20.6 -69.4 11.4
      vertex 19.4 -60.6 11.4
    endloop
  endfacet
  facet normal 0 0 1
    outer loop
      vertex 20.6 -69.4 11.4
      vertex 19.4 -69.4 11.4
      vertex 20.6 -70.6 11.4
    endloop
  endfacet
  facet normal 0 0 1
    outer loop
      vertex 19.4 -70.6 11.4
      vertex 20.6 -70.6 11.4
      vertex 19.4 -69.4 11.4
    endloop
  endfacet
  facet normal 0 0 1
    outer loop
      vertex 20.6 -70.6 11.4
      vertex 19.4 -70.6 11.4
      vertex 20.6 -78.9 11.4
    endloop
  endfacet
  facet normal 0 0 1
    outer loop
      vertex 19.4 -78.9 11.4
      vertex 20.6 -78.9 11.4
      vertex 19.4 -70.6 11.4
    endloop
  endfacet
  facet normal -0 0 1
    outer loop
      vertex 19.4 -78.9 11.4
      vertex 80.1 -80.1 11.4
      vertex 20.6 -78.9 11.4
    endloop
  endfacet
  facet normal -0 0 1
    outer loop
      vertex 10.6 -78.9 11.4
      vertex 80.1 -80.1 11.4
      vertex 19.4 -78.9 11.4
    endloop
  endfacet
  facet normal 0 0 1
    outer loop
      vertex 10.6 69.4 11.4
      vertex 9.39999 70.6 11.4
      vertex 9.39999 69.4 11.4
    endloop
  endfacet
  facet normal 0 0 1
    outer loop
      vertex 10.6 60.6 11.4
      vertex 9.39999 60.6 11.4
      vertex 10.6 59.4 11.4
    endloop
  endfacet
  facet normal 0 0 1
    outer loop
      vertex 9.39999 50.6 11.4
      vertex 10.6 50.6 11.4
      vertex 9.39999 59.4 11.4
    endloop
  endfacet
  facet normal 0 0 1
    outer loop
      vertex 10.6 49.4 11.4
      vertex 9.39999 49.4 11.4
      vertex 10.6 40.6 11.4
    endloop
  endfacet
  facet normal 0 0 1
    outer loop
      vertex 9.39999 39.4 11.4
      vertex 10.6 39.4 11.4
      vertex 9.39999 40.6 11.4
    endloop
  endfacet
  facet normal 0 0 1
    outer loop
      vertex 10.6 30.6 11.4
      vertex 9.39999 30.6 11.4
      vertex 10.6 29.4 11.4
    endloop
  endfacet
  facet normal 0 0 1
    outer loop
      vertex 10.6 29.4 11.4
      vertex 9.39999 29.4 11.4
      vertex 10.6 20.6 11.4
    endloop
  endfacet
  facet normal 0 0 1
    outer loop
      vertex 10.6 20.6 11.4
      vertex 9.39999 20.6 11.4
      vertex 10.6 19.4 11.4
    endloop
  endfacet
  facet normal 0 0 1
    outer loop
      vertex 9.39999 10.6 11.4
      vertex 10.6 10.6 11.4
      vertex 9.39999 19.4 11.4
    endloop
  endfacet
  facet normal 0 0 1
    outer loop
      vertex 10.6 9.39999 11.4
      vertex 9.39999 9.39999 11.4
      vertex 10.6 0.599991 11.4
    endloop
  endfacet
  facet normal 0 0 1
    outer loop
      vertex 9.39999 -29.4 11.4
      vertex 10.6 -29.4 11.4
      vertex 9.39999 -20.6 11.4
    endloop
  endfacet
  facet normal 0 0 1
    outer loop
      vertex 10.6 -29.4 11.4
      vertex 9.39999 -29.4 11.4
      vertex 10.6 -30.6 11.4
    endloop
  endfacet
  facet normal 0 0 1
    outer loop
      vertex 9.39999 -30.6 11.4
      vertex 10.6 -30.6 11.4
      vertex 9.39999 -29.4 11.4
    endloop
  endfacet
  facet normal 0 0 1
    outer loop
      vertex 10.6 -30.6 11.4
      vertex 9.39999 -30.6 11.4
      vertex 10.6 -39.4 11.4
    endloop
  endfacet
  facet normal 0 0 1
    outer loop
      vertex 9.39999 -39.4 11.4
      vertex 10.6 -39.4 11.4
      vertex 9.39999 -30.6 11.4
    endloop
  endfacet
  facet normal 0 0 1
    outer loop
      vertex 10.6 -39.4 11.4
      vertex 9.39999 -39.4 11.4
      vertex 10.6 -40.6 11.4
    endloop
  endfacet
  facet normal 0 0 1
    outer loop
      vertex 9.39999 -40.6 11.4
      vertex 10.6 -40.6 11.4
      vertex 9.39999 -39.4 11.4
    endloop
  endfacet
  facet normal 0 0 1
    outer loop
      vertex 10.6 -40.6 11.4
      vertex 9.39999 -40.6 11.4
      vertex 10.6 -49.4 11.4
    endloop
  endfacet
  facet normal 0 0 1
    outer loop
      vertex 9.39999 -49.4 11.4
      vertex 10.6 -49.4 11.4
      vertex 9.39999 -40.6 11.4
    endloop
  endfacet
  facet normal 0 0 1
    outer loop
      vertex 10.6 -49.4 11.4
      vertex 9.39999 -49.4 11.4
      vertex 10.6 -50.6 11.4
    endloop
  endfacet
  facet normal 0 0 1
    outer loop
      vertex 9.39999 -50.6 11.4
      vertex 10.6 -50.6 11.4
      vertex 9.39999 -49.4 11.4
    endloop
  endfacet
  facet normal 0 0 1
    outer loop
      vertex 10.6 -50.6 11.4
      vertex 9.39999 -50.6 11.4
      vertex 10.6 -59.4 11.4
    endloop
  endfacet
  facet normal 0 0 1
    outer loop
      vertex 9.39999 -59.4 11.4
      vertex 10.6 -59.4 11.4
      vertex 9.39999 -50.6 11.4
    endloop
  endfacet
  facet normal 0 0 1
    outer loop
      vertex 10.6 -59.4 11.4
      vertex 9.39999 -59.4 11.4
      vertex 10.6 -60.6 11.4
    endloop
  endfacet
  facet normal 0 0 1
    outer loop
      vertex 9.39999 -60.6 11.4
      vertex 10.6 -60.6 11.4
      vertex 9.39999 -59.4 11.4
    endloop
  endfacet
  facet normal 0 0 1
    outer loop
      vertex 10.6 -60.6 11.4
      vertex 9.39999 -60.6 11.4
      vertex 10.6 -69.4 11.4
    endloop
  endfacet
  facet normal 0 0 1
    outer loop
      vertex 9.39999 -69.4 11.4
      vertex 10.6 -69.4 11.4
      vertex 9.39999 -60.6 11.4
    endloop
  endfacet
  facet normal 0 0 1
    outer loop
      vertex 10.6 -69.4 11.4
      vertex 9.39999 -69.4 11.4
      vertex 10.6 -70.6 11.4
    endloop
  endfacet
  facet normal 0 0 1
    outer loop
      vertex 9.39999 -70.6 11.4
      vertex 10.6 -70.6 11.4
      vertex 9.39999 -69.4 11.4
    endloop
  endfacet
  facet normal 0 0 1
    outer loop
      vertex 10.6 -70.6 11.4
      vertex 9.39999 -70.6 11.4
      vertex 10.6 -78.9 11.4
    endloop
  endfacet
  facet normal 0 0 1
    outer loop
      vertex 9.39999 -78.9 11.4
      vertex 10.6 -78.9 11.4
      vertex 9.39999 -70.6 11.4
    endloop
  endfacet
  facet normal -0 0 1
    outer loop
      vertex 9.39999 -78.9 11.4
      vertex 80.1 -80.1 11.4
      vertex 10.6 -78.9 11.4
    endloop
  endfacet
  facet normal -0 0 1
    outer loop
      vertex 0.599991 -78.9 11.4
      vertex 80.1 -80.1 11.4
      vertex 9.39999 -78.9 11.4
    endloop
  endfacet
  facet normal 0 0 1
    outer loop
      vertex 0.599991 69.4 11.4
      vertex -0.599991 70.6 11.4
      vertex -0.599991 69.4 11.4
    endloop
  endfacet
  facet normal 0 0 1
    outer loop
      vertex 0.599991 60.6 11.4
      vertex -0.599991 60.6 11.4
      vertex 0.599991 59.4 11.4
    endloop
  endfacet
  facet normal 0 0 1
    outer loop
      vertex -0.599991 50.6 11.4
      vertex 0.599991 50.6 11.4
      vertex -0.599991 59.4 11.4
    endloop
  endfacet
  facet normal 0 0 1
    outer loop
      vertex 0.599991 49.4 11.4
      vertex -0.599991 49.4 11.4
      vertex 0.599991 40.6 11.4
    endloop
  endfacet
  facet normal 0 0 1
    outer loop
      vertex -0.599991 39.4 11.4
      vertex 0.599991 39.4 11.4
      vertex -0.599991 40.6 11.4
    endloop
  endfacet
  facet normal 0 0 1
    outer loop
      vertex 0.599991 30.6 11.4
      vertex -0.599991 30.6 11.4
      vertex 0.599991 29.4 11.4
    endloop
  endfacet
  facet normal 0 0 1
    outer loop
      vertex 0.599991 29.4 11.4
      vertex -0.599991 29.4 11.4
      vertex 0.599991 20.6 11.4
    endloop
  endfacet
  facet normal 0 0 1
    outer loop
      vertex 0.599991 20.6 11.4
      vertex -0.599991 20.6 11.4
      vertex 0.599991 19.4 11.4
    endloop
  endfacet
  facet normal 0 0 1
    outer loop
      vertex -0.599991 10.6 11.4
      vertex 0.599991 10.6 11.4
      vertex -0.599991 19.4 11.4
    endloop
  endfacet
  facet normal 0 0 1
    outer loop
      vertex 0.599991 9.39999 11.4
      vertex -0.599991 9.39999 11.4
      vertex 0.599991 0.599991 11.4
    endloop
  endfacet
  facet normal 0 0 1
    outer loop
      vertex -0.599991 -29.4 11.4
      vertex 0.599991 -29.4 11.4
      vertex -0.599991 -20.6 11.4
    endloop
  endfacet
  facet normal 0 0 1
    outer loop
      vertex 0.599991 -29.4 11.4
      vertex -0.599991 -29.4 11.4
      vertex 0.599991 -30.6 11.4
    endloop
  endfacet
  facet normal 0 0 1
    outer loop
      vertex -0.599991 -30.6 11.4
      vertex 0.599991 -30.6 11.4
      vertex -0.599991 -29.4 11.4
    endloop
  endfacet
  facet normal 0 0 1
    outer loop
      vertex 0.599991 -30.6 11.4
      vertex -0.599991 -30.6 11.4
      vertex 0.599991 -39.4 11.4
    endloop
  endfacet
  facet normal 0 0 1
    outer loop
      vertex -0.599991 -39.4 11.4
      vertex 0.599991 -39.4 11.4
      vertex -0.599991 -30.6 11.4
    endloop
  endfacet
  facet normal 0 0 1
    outer loop
      vertex 0.599991 -39.4 11.4
      vertex -0.599991 -39.4 11.4
      vertex 0.599991 -40.6 11.4
    endloop
  endfacet
  facet normal 0 0 1
    outer loop
      vertex -0.599991 -40.6 11.4
      vertex 0.599991 -40.6 11.4
      vertex -0.599991 -39.4 11.4
    endloop
  endfacet
  facet normal 0 0 1
    outer loop
      vertex 0.599991 -40.6 11.4
      vertex -0.599991 -40.6 11.4
      vertex 0.599991 -49.4 11.4
    endloop
  endfacet
  facet normal 0 0 1
    outer loop
      vertex -0.599991 -49.4 11.4
      vertex 0.599991 -49.4 11.4
      vertex -0.599991 -40.6 11.4
    endloop
  endfacet
  facet normal 0 0 1
    outer loop
      vertex 0.599991 -49.4 11.4
      vertex -0.599991 -49.4 11.4
      vertex 0.599991 -50.6 11.4
    endloop
  endfacet
  facet normal 0 0 1
    outer loop
      vertex -0.599991 -50.6 11.4
      vertex 0.599991 -50.6 11.4
      vertex -0.599991 -49.4 11.4
    endloop
  endfacet
  facet normal 0 0 1
    outer loop
      vertex 0.599991 -50.6 11.4
      vertex -0.599991 -50.6 11.4
      vertex 0.599991 -59.4 11.4
    endloop
  endfacet
  facet normal 0 0 1
    outer loop
      vertex -0.599991 -59.4 11.4
      vertex 0.599991 -59.4 11.4
      vertex -0.599991 -50.6 11.4
    endloop
  endfacet
  facet normal 0 0 1
    outer loop
      vertex 0.599991 -59.4 11.4
      vertex -0.599991 -59.4 11.4
      vertex 0.599991 -60.6 11.4
    endloop
  endfacet
  facet normal 0 0 1
    outer loop
      vertex -0.599991 -60.6 11.4
      vertex 0.599991 -60.6 11.4
      vertex -0.599991 -59.4 11.4
    endloop
  endfacet
  facet normal 0 0 1
    outer loop
      vertex 0.599991 -60.6 11.4
      vertex -0.599991 -60.6 11.4
      vertex 0.599991 -69.4 11.4
    endloop
  endfacet
  facet normal 0 0 1
    outer loop
      vertex -0.599991 -69.4 11.4
      vertex 0.599991 -69.4 11.4
      vertex -0.599991 -60.6 11.4
    endloop
  endfacet
  facet normal 0 0 1
    outer loop
      vertex 0.599991 -69.4 11.4
      vertex -0.599991 -69.4 11.4
      vertex 0.599991 -70.6 11.4
    endloop
  endfacet
  facet normal 0 0 1
    outer loop
      vertex -0.599991 -70.6 11.4
      vertex 0.599991 -70.6 11.4
      vertex -0.599991 -69.4 11.4
    endloop
  endfacet
  facet normal 0 0 1
    outer loop
      vertex 0.599991 -70.6 11.4
      vertex -0.599991 -70.6 11.4
      vertex 0.599991 -78.9 11.4
    endloop
  endfacet
  facet normal 0 0 1
    outer loop
      vertex -0.599991 -78.9 11.4
      vertex 0.599991 -78.9 11.4
      vertex -0.599991 -70.6 11.4
    endloop
  endfacet
  facet normal -0 0 1
    outer loop
      vertex -0.599991 -78.9 11.4
      vertex 80.1 -80.1 11.4
      vertex 0.599991 -78.9 11.4
    endloop
  endfacet
  facet normal -0 0 1
    outer loop
      vertex -9.39999 -78.9 11.4
      vertex 80.1 -80.1 11.4
      vertex -0.599991 -78.9 11.4
    endloop
  endfacet
  facet normal 0 0 1
    outer loop
      vertex -9.39999 69.4 11.4
      vertex -10.6 70.6 11.4
      vertex -10.6 69.4 11.4
    endloop
  endfacet
  facet normal 0 0 1
    outer loop
      vertex -9.39999 60.6 11.4
      vertex -10.6 60.6 11.4
      vertex -9.39999 59.4 11.4
    endloop
  endfacet
  facet normal 0 0 1
    outer loop
      vertex -10.6 50.6 11.4
      vertex -9.39999 50.6 11.4
      vertex -10.6 59.4 11.4
    endloop
  endfacet
  facet normal 0 0 1
    outer loop
      vertex -9.39999 49.4 11.4
      vertex -10.6 49.4 11.4
      vertex -9.39999 40.6 11.4
    endloop
  endfacet
  facet normal 0 0 1
    outer loop
      vertex -10.6 39.4 11.4
      vertex -9.39999 39.4 11.4
      vertex -10.6 40.6 11.4
    endloop
  endfacet
  facet normal 0 0 1
    outer loop
      vertex -9.39999 30.6 11.4
      vertex -10.6 30.6 11.4
      vertex -9.39999 29.4 11.4
    endloop
  endfacet
  facet normal 0 0 1
    outer loop
      vertex -9.39999 29.4 11.4
      vertex -10.6 29.4 11.4
      vertex -9.39999 20.6 11.4
    endloop
  endfacet
  facet normal 0 0 1
    outer loop
      vertex -9.39999 20.6 11.4
      vertex -10.6 20.6 11.4
      vertex -9.39999 19.4 11.4
    endloop
  endfacet
  facet normal 0 0 1
    outer loop
      vertex -10.6 10.6 11.4
      vertex -9.39999 10.6 11.4
      vertex -10.6 19.4 11.4
    endloop
  endfacet
  facet normal 0 0 1
    outer loop
      vertex -9.39999 9.39999 11.4
      vertex -10.6 9.39999 11.4
      vertex -9.39999 0.599991 11.4
    endloop
  endfacet
  facet normal 0 0 1
    outer loop
      vertex -10.6 -29.4 11.4
      vertex -9.39999 -29.4 11.4
      vertex -10.6 -20.6 11.4
    endloop
  endfacet
  facet normal 0 0 1
    outer loop
      vertex -9.39999 -29.4 11.4
      vertex -10.6 -29.4 11.4
      vertex -9.39999 -30.6 11.4
    endloop
  endfacet
  facet normal 0 0 1
    outer loop
      vertex -10.6 -30.6 11.4
      vertex -9.39999 -30.6 11.4
      vertex -10.6 -29.4 11.4
    endloop
  endfacet
  facet normal 0 0 1
    outer loop
      vertex -9.39999 -30.6 11.4
      vertex -10.6 -30.6 11.4
      vertex -9.39999 -39.4 11.4
    endloop
  endfacet
  facet normal 0 0 1
    outer loop
      vertex -10.6 -39.4 11.4
      vertex -9.39999 -39.4 11.4
      vertex -10.6 -30.6 11.4
    endloop
  endfacet
  facet normal 0 0 1
    outer loop
      vertex -9.39999 -39.4 11.4
      vertex -10.6 -39.4 11.4
      vertex -9.39999 -40.6 11.4
    endloop
  endfacet
  facet normal 0 0 1
    outer loop
      vertex -10.6 -40.6 11.4
      vertex -9.39999 -40.6 11.4
      vertex -10.6 -39.4 11.4
    endloop
  endfacet
  facet normal 0 0 1
    outer loop
      vertex -9.39999 -40.6 11.4
      vertex -10.6 -40.6 11.4
      vertex -9.39999 -49.4 11.4
    endloop
  endfacet
  facet normal 0 0 1
    outer loop
      vertex -10.6 -49.4 11.4
      vertex -9.39999 -49.4 11.4
      vertex -10.6 -40.6 11.4
    endloop
  endfacet
  facet normal 0 0 1
    outer loop
      vertex -9.39999 -49.4 11.4
      vertex -10.6 -49.4 11.4
      vertex -9.39999 -50.6 11.4
    endloop
  endfacet
  facet normal 0 0 1
    outer loop
      vertex -10.6 -50.6 11.4
      vertex -9.39999 -50.6 11.4
      vertex -10.6 -49.4 11.4
    endloop
  endfacet
  facet normal 0 0 1
    outer loop
      vertex -9.39999 -50.6 11.4
      vertex -10.6 -50.6 11.4
      vertex -9.39999 -59.4 11.4
    endloop
  endfacet
  facet normal 0 0 1
    outer loop
      vertex -10.6 -59.4 11.4
      vertex -9.39999 -59.4 11.4
      vertex -10.6 -50.6 11.4
    endloop
  endfacet
  facet normal 0 0 1
    outer loop
      vertex -9.39999 -59.4 11.4
      vertex -10.6 -59.4 11.4
      vertex -9.39999 -60.6 11.4
    endloop
  endfacet
  facet normal 0 0 1
    outer loop
      vertex -10.6 -60.6 11.4
      vertex -9.39999 -60.6 11.4
      vertex -10.6 -59.4 11.4
    endloop
  endfacet
  facet normal 0 0 1
    outer loop
      vertex -9.39999 -60.6 11.4
      vertex -10.6 -60.6 11.4
      vertex -9.39999 -69.4 11.4
    endloop
  endfacet
  facet normal 0 0 1
    outer loop
      vertex -10.6 -69.4 11.4
      vertex -9.39999 -69.4 11.4
      vertex -10.6 -60.6 11.4
    endloop
  endfacet
  facet normal 0 0 1
    outer loop
      vertex -9.39999 -69.4 11.4
      vertex -10.6 -69.4 11.4
      vertex -9.39999 -70.6 11.4
    endloop
  endfacet
  facet normal 0 0 1
    outer loop
      vertex -10.6 -70.6 11.4
      vertex -9.39999 -70.6 11.4
      vertex -10.6 -69.4 11.4
    endloop
  endfacet
  facet normal 0 0 1
    outer loop
      vertex -9.39999 -70.6 11.4
      vertex -10.6 -70.6 11.4
      vertex -9.39999 -78.9 11.4
    endloop
  endfacet
  facet normal 0 0 1
    outer loop
      vertex -10.6 -78.9 11.4
      vertex -9.39999 -78.9 11.4
      vertex -10.6 -70.6 11.4
    endloop
  endfacet
  facet normal -0 0 1
    outer loop
      vertex -10.6 -78.9 11.4
      vertex 80.1 -80.1 11.4
      vertex -9.39999 -78.9 11.4
    endloop
  endfacet
  facet normal -0 0 1
    outer loop
      vertex -19.4 -78.9 11.4
      vertex 80.1 -80.1 11.4
      vertex -10.6 -78.9 11.4
    endloop
  endfacet
  facet normal 0 0 1
    outer loop
      vertex -19.4 69.4 11.4
      vertex -20.6 70.6 11.4
      vertex -20.6 69.4 11.4
    endloop
  endfacet
  facet normal 0 0 1
    outer loop
      vertex -19.4 60.6 11.4
      vertex -20.6 60.6 11.4
      vertex -19.4 59.4 11.4
    endloop
  endfacet
  facet normal 0 0 1
    outer loop
      vertex -20.6 50.6 11.4
      vertex -19.4 50.6 11.4
      vertex -20.6 59.4 11.4
    endloop
  endfacet
  facet normal 0 0 1
    outer loop
      vertex -19.4 49.4 11.4
      vertex -20.6 49.4 11.4
      vertex -19.4 40.6 11.4
    endloop
  endfacet
  facet normal 0 0 1
    outer loop
      vertex -20.6 39.4 11.4
      vertex -19.4 39.4 11.4
      vertex -20.6 40.6 11.4
    endloop
  endfacet
  facet normal 0 0 1
    outer loop
      vertex -19.4 30.6 11.4
      vertex -20.6 30.6 11.4
      vertex -19.4 29.4 11.4
    endloop
  endfacet
  facet normal 0 0 1
    outer loop
      vertex -19.4 29.4 11.4
      vertex -20.6 29.4 11.4
      vertex -19.4 20.6 11.4
    endloop
  endfacet
  facet normal 0 0 1
    outer loop
      vertex -19.4 20.6 11.4
      vertex -20.6 20.6 11.4
      vertex -19.4 19.4 11.4
    endloop
  endfacet
  facet normal 0 0 1
    outer loop
      vertex -20.6 10.6 11.4
      vertex -19.4 10.6 11.4
      vertex -20.6 19.4 11.4
    endloop
  endfacet
  facet normal 0 0 1
    outer loop
      vertex -19.4 9.39999 11.4
      vertex -20.6 9.39999 11.4
      vertex -19.4 0.599991 11.4
    endloop
  endfacet
  facet normal 0 0 1
    outer loop
      vertex -20.6 -29.4 11.4
      vertex -19.4 -29.4 11.4
      vertex -20.6 -20.6 11.4
    endloop
  endfacet
  facet normal 0 0 1
    outer loop
      vertex -19.4 -29.4 11.4
      vertex -20.6 -29.4 11.4
      vertex -19.4 -30.6 11.4
    endloop
  endfacet
  facet normal 0 0 1
    outer loop
      vertex -20.6 -30.6 11.4
      vertex -19.4 -30.6 11.4
      vertex -20.6 -29.4 11.4
    endloop
  endfacet
  facet normal 0 0 1
    outer loop
      vertex -19.4 -30.6 11.4
      vertex -20.6 -30.6 11.4
      vertex -19.4 -39.4 11.4
    endloop
  endfacet
  facet normal 0 0 1
    outer loop
      vertex -20.6 -39.4 11.4
      vertex -19.4 -39.4 11.4
      vertex -20.6 -30.6 11.4
    endloop
  endfacet
  facet normal 0 0 1
    outer loop
      vertex -19.4 -39.4 11.4
      vertex -20.6 -39.4 11.4
      vertex -19.4 -40.6 11.4
    endloop
  endfacet
  facet normal 0 0 1
    outer loop
      vertex -20.6 -40.6 11.4
      vertex -19.4 -40.6 11.4
      vertex -20.6 -39.4 11.4
    endloop
  endfacet
  facet normal 0 0 1
    outer loop
      vertex -19.4 -40.6 11.4
      vertex -20.6 -40.6 11.4
      vertex -19.4 -49.4 11.4
    endloop
  endfacet
  facet normal 0 0 1
    outer loop
      vertex -20.6 -49.4 11.4
      vertex -19.4 -49.4 11.4
      vertex -20.6 -40.6 11.4
    endloop
  endfacet
  facet normal 0 0 1
    outer loop
      vertex -19.4 -49.4 11.4
      vertex -20.6 -49.4 11.4
      vertex -19.4 -50.6 11.4
    endloop
  endfacet
  facet normal 0 0 1
    outer loop
      vertex -20.6 -50.6 11.4
      vertex -19.4 -50.6 11.4
      vertex -20.6 -49.4 11.4
    endloop
  endfacet
  facet normal 0 0 1
    outer loop
      vertex -19.4 -50.6 11.4
      vertex -20.6 -50.6 11.4
      vertex -19.4 -59.4 11.4
    endloop
  endfacet
  facet normal 0 0 1
    outer loop
      vertex -20.6 -59.4 11.4
      vertex -19.4 -59.4 11.4
      vertex -20.6 -50.6 11.4
    endloop
  endfacet
  facet normal 0 0 1
    outer loop
      vertex -19.4 -59.4 11.4
      vertex -20.6 -59.4 11.4
      vertex -19.4 -60.6 11.4
    endloop
  endfacet
  facet normal 0 0 1
    outer loop
      vertex -20.6 -60.6 11.4
      vertex -19.4 -60.6 11.4
      vertex -20.6 -59.4 11.4
    endloop
  endfacet
  facet normal 0 0 1
    outer loop
      vertex -19.4 -60.6 11.4
      vertex -20.6 -60.6 11.4
      vertex -19.4 -69.4 11.4
    endloop
  endfacet
  facet normal 0 0 1
    outer loop
      vertex -20.6 -69.4 11.4
      vertex -19.4 -69.4 11.4
      vertex -20.6 -60.6 11.4
    endloop
  endfacet
  facet normal 0 0 1
    outer loop
      vertex -19.4 -69.4 11.4
      vertex -20.6 -69.4 11.4
      vertex -19.4 -70.6 11.4
    endloop
  endfacet
  facet normal 0 0 1
    outer loop
      vertex -20.6 -70.6 11.4
      vertex -19.4 -70.6 11.4
      vertex -20.6 -69.4 11.4
    endloop
  endfacet
  facet normal 0 0 1
    outer loop
      vertex -19.4 -70.6 11.4
      vertex -20.6 -70.6 11.4
      vertex -19.4 -78.9 11.4
    endloop
  endfacet
  facet normal 0 0 1
    outer loop
      vertex -20.6 -78.9 11.4
      vertex -19.4 -78.9 11.4
      vertex -20.6 -70.6 11.4
    endloop
  endfacet
  facet normal -0 0 1
    outer loop
      vertex -20.6 -78.9 11.4
      vertex 80.1 -80.1 11.4
      vertex -19.4 -78.9 11.4
    endloop
  endfacet
  facet normal 0 0 1
    outer loop
      vertex -80.1 -80.1 11.4
      vertex -20.6 -78.9 11.4
      vertex -29.4 -78.9 11.4
    endloop
  endfacet
  facet normal 0 0 1
    outer loop
      vertex -29.4 69.4 11.4
      vertex -30.6 70.6 11.4
      vertex -30.6 69.4 11.4
    endloop
  endfacet
  facet normal 0 0 1
    outer loop
      vertex -29.4 60.6 11.4
      vertex -30.6 60.6 11.4
      vertex -29.4 59.4 11.4
    endloop
  endfacet
  facet normal 0 0 1
    outer loop
      vertex -30.6 50.6 11.4
      vertex -29.4 50.6 11.4
      vertex -30.6 59.4 11.4
    endloop
  endfacet
  facet normal 0 0 1
    outer loop
      vertex -29.4 49.4 11.4
      vertex -30.6 49.4 11.4
      vertex -29.4 40.6 11.4
    endloop
  endfacet
  facet normal 0 0 1
    outer loop
      vertex -30.6 39.4 11.4
      vertex -29.4 39.4 11.4
      vertex -30.6 40.6 11.4
    endloop
  endfacet
  facet normal 0 0 1
    outer loop
      vertex -29.4 30.6 11.4
      vertex -30.6 30.6 11.4
      vertex -29.4 29.4 11.4
    endloop
  endfacet
  facet normal 0 0 1
    outer loop
      vertex -29.4 29.4 11.4
      vertex -30.6 29.4 11.4
      vertex -29.4 20.6 11.4
    endloop
  endfacet
  facet normal 0 0 1
    outer loop
      vertex -29.4 20.6 11.4
      vertex -30.6 20.6 11.4
      vertex -29.4 19.4 11.4
    endloop
  endfacet
  facet normal 0 0 1
    outer loop
      vertex -30.6 10.6 11.4
      vertex -29.4 10.6 11.4
      vertex -30.6 19.4 11.4
    endloop
  endfacet
  facet normal 0 0 1
    outer loop
      vertex -29.4 9.39999 11.4
      vertex -30.6 9.39999 11.4
      vertex -29.4 0.599991 11.4
    endloop
  endfacet
  facet normal 0 0 1
    outer loop
      vertex -30.6 -29.4 11.4
      vertex -29.4 -29.4 11.4
      vertex -30.6 -20.6 11.4
    endloop
  endfacet
  facet normal 0 0 1
    outer loop
      vertex -29.4 -29.4 11.4
      vertex -30.6 -29.4 11.4
      vertex -29.4 -30.6 11.4
    endloop
  endfacet
  facet normal 0 0 1
    outer loop
      vertex -30.6 -30.6 11.4
      vertex -29.4 -30.6 11.4
      vertex -30.6 -29.4 11.4
    endloop
  endfacet
  facet normal 0 0 1
    outer loop
      vertex -29.4 -30.6 11.4
      vertex -30.6 -30.6 11.4
      vertex -29.4 -39.4 11.4
    endloop
  endfacet
  facet normal 0 0 1
    outer loop
      vertex -30.6 -39.4 11.4
      vertex -29.4 -39.4 11.4
      vertex -30.6 -30.6 11.4
    endloop
  endfacet
  facet normal 0 0 1
    outer loop
      vertex -29.4 -39.4 11.4
      vertex -30.6 -39.4 11.4
      vertex -29.4 -40.6 11.4
    endloop
  endfacet
  facet normal 0 0 1
    outer loop
      vertex -30.6 -40.6 11.4
      vertex -29.4 -40.6 11.4
      vertex -30.6 -39.4 11.4
    endloop
  endfacet
  facet normal 0 0 1
    outer loop
      vertex -29.4 -40.6 11.4
      vertex -30.6 -40.6 11.4
      vertex -29.4 -49.4 11.4
    endloop
  endfacet
  facet normal 0 0 1
    outer loop
      vertex -30.6 -49.4 11.4
      vertex -29.4 -49.4 11.4
      vertex -30.6 -40.6 11.4
    endloop
  endfacet
  facet normal 0 0 1
    outer loop
      vertex -29.4 -49.4 11.4
      vertex -30.6 -49.4 11.4
      vertex -29.4 -50.6 11.4
    endloop
  endfacet
  facet normal 0 0 1
    outer loop
      vertex -30.6 -50.6 11.4
      vertex -29.4 -50.6 11.4
      vertex -30.6 -49.4 11.4
    endloop
  endfacet
  facet normal 0 0 1
    outer loop
      vertex -29.4 -50.6 11.4
      vertex -30.6 -50.6 11.4
      vertex -29.4 -59.4 11.4
    endloop
  endfacet
  facet normal 0 0 1
    outer loop
      vertex -30.6 -59.4 11.4
      vertex -29.4 -59.4 11.4
      vertex -30.6 -50.6 11.4
    endloop
  endfacet
  facet normal 0 0 1
    outer loop
      vertex -29.4 -59.4 11.4
      vertex -30.6 -59.4 11.4
      vertex -29.4 -60.6 11.4
    endloop
  endfacet
  facet normal 0 0 1
    outer loop
      vertex -30.6 -60.6 11.4
      vertex -29.4 -60.6 11.4
      vertex -30.6 -59.4 11.4
    endloop
  endfacet
  facet normal 0 0 1
    outer loop
      vertex -29.4 -60.6 11.4
      vertex -30.6 -60.6 11.4
      vertex -29.4 -69.4 11.4
    endloop
  endfacet
  facet normal 0 0 1
    outer loop
      vertex -30.6 -69.4 11.4
      vertex -29.4 -69.4 11.4
      vertex -30.6 -60.6 11.4
    endloop
  endfacet
  facet normal 0 0 1
    outer loop
      vertex -29.4 -69.4 11.4
      vertex -30.6 -69.4 11.4
      vertex -29.4 -70.6 11.4
    endloop
  endfacet
  facet normal 0 0 1
    outer loop
      vertex -30.6 -70.6 11.4
      vertex -29.4 -70.6 11.4
      vertex -30.6 -69.4 11.4
    endloop
  endfacet
  facet normal 0 0 1
    outer loop
      vertex -29.4 -70.6 11.4
      vertex -30.6 -70.6 11.4
      vertex -29.4 -78.9 11.4
    endloop
  endfacet
  facet normal 0 0 1
    outer loop
      vertex -30.6 -78.9 11.4
      vertex -29.4 -78.9 11.4
      vertex -30.6 -70.6 11.4
    endloop
  endfacet
  facet normal 0 0 1
    outer loop
      vertex -80.1 -80.1 11.4
      vertex -29.4 -78.9 11.4
      vertex -30.6 -78.9 11.4
    endloop
  endfacet
  facet normal 0 0 1
    outer loop
      vertex -80.1 -80.1 11.4
      vertex -30.6 -78.9 11.4
      vertex -39.4 -78.9 11.4
    endloop
  endfacet
  facet normal 0 0 1
    outer loop
      vertex -39.4 69.4 11.4
      vertex -40.6 70.6 11.4
      vertex -40.6 69.4 11.4
    endloop
  endfacet
  facet normal 0 0 1
    outer loop
      vertex -39.4 60.6 11.4
      vertex -40.6 60.6 11.4
      vertex -39.4 59.4 11.4
    endloop
  endfacet
  facet normal 0 0 1
    outer loop
      vertex -40.6 50.6 11.4
      vertex -39.4 50.6 11.4
      vertex -40.6 59.4 11.4
    endloop
  endfacet
  facet normal 0 0 1
    outer loop
      vertex -39.4 49.4 11.4
      vertex -40.6 49.4 11.4
      vertex -39.4 40.6 11.4
    endloop
  endfacet
  facet normal 0 0 1
    outer loop
      vertex -40.6 39.4 11.4
      vertex -39.4 39.4 11.4
      vertex -40.6 40.6 11.4
    endloop
  endfacet
  facet normal 0 0 1
    outer loop
      vertex -39.4 30.6 11.4
      vertex -40.6 30.6 11.4
      vertex -39.4 29.4 11.4
    endloop
  endfacet
  facet normal 0 0 1
    outer loop
      vertex -39.4 29.4 11.4
      vertex -40.6 29.4 11.4
      vertex -39.4 20.6 11.4
    endloop
  endfacet
  facet normal 0 0 1
    outer loop
      vertex -39.4 20.6 11.4
      vertex -40.6 20.6 11.4
      vertex -39.4 19.4 11.4
    endloop
  endfacet
  facet normal 0 0 1
    outer loop
      vertex -40.6 10.6 11.4
      vertex -39.4 10.6 11.4
      vertex -40.6 19.4 11.4
    endloop
  endfacet
  facet normal 0 0 1
    outer loop
      vertex -39.4 9.39999 11.4
      vertex -40.6 9.39999 11.4
      vertex -39.4 0.599991 11.4
    endloop
  endfacet
  facet normal 0 0 1
    outer loop
      vertex -40.6 -29.4 11.4
      vertex -39.4 -29.4 11.4
      vertex -40.6 -20.6 11.4
    endloop
  endfacet
  facet normal 0 0 1
    outer loop
      vertex -39.4 -29.4 11.4
      vertex -40.6 -29.4 11.4
      vertex -39.4 -30.6 11.4
    endloop
  endfacet
  facet normal 0 0 1
    outer loop
      vertex -40.6 -30.6 11.4
      vertex -39.4 -30.6 11.4
      vertex -40.6 -29.4 11.4
    endloop
  endfacet
  facet normal 0 0 1
    outer loop
      vertex -39.4 -30.6 11.4
      vertex -40.6 -30.6 11.4
      vertex -39.4 -39.4 11.4
    endloop
  endfacet
  facet normal 0 0 1
    outer loop
      vertex -40.6 -39.4 11.4
      vertex -39.4 -39.4 11.4
      vertex -40.6 -30.6 11.4
    endloop
  endfacet
  facet normal 0 0 1
    outer loop
      vertex -39.4 -39.4 11.4
      vertex -40.6 -39.4 11.4
      vertex -39.4 -40.6 11.4
    endloop
  endfacet
  facet normal 0 0 1
    outer loop
      vertex -40.6 -40.6 11.4
      vertex -39.4 -40.6 11.4
      vertex -40.6 -39.4 11.4
    endloop
  endfacet
  facet normal 0 0 1
    outer loop
      vertex -39.4 -40.6 11.4
      vertex -40.6 -40.6 11.4
      vertex -39.4 -49.4 11.4
    endloop
  endfacet
  facet normal 0 0 1
    outer loop
      vertex -40.6 -49.4 11.4
      vertex -39.4 -49.4 11.4
      vertex -40.6 -40.6 11.4
    endloop
  endfacet
  facet normal 0 0 1
    outer loop
      vertex -39.4 -49.4 11.4
      vertex -40.6 -49.4 11.4
      vertex -39.4 -50.6 11.4
    endloop
  endfacet
  facet normal 0 0 1
    outer loop
      vertex -40.6 -50.6 11.4
      vertex -39.4 -50.6 11.4
      vertex -40.6 -49.4 11.4
    endloop
  endfacet
  facet normal 0 0 1
    outer loop
      vertex -39.4 -50.6 11.4
      vertex -40.6 -50.6 11.4
      vertex -39.4 -59.4 11.4
    endloop
  endfacet
  facet normal 0 0 1
    outer loop
      vertex -40.6 -59.4 11.4
      vertex -39.4 -59.4 11.4
      vertex -40.6 -50.6 11.4
    endloop
  endfacet
  facet normal 0 0 1
    outer loop
      vertex -39.4 -59.4 11.4
      vertex -40.6 -59.4 11.4
      vertex -39.4 -60.6 11.4
    endloop
  endfacet
  facet normal 0 0 1
    outer loop
      vertex -40.6 -60.6 11.4
      vertex -39.4 -60.6 11.4
      vertex -40.6 -59.4 11.4
    endloop
  endfacet
  facet normal 0 0 1
    outer loop
      vertex -39.4 -60.6 11.4
      vertex -40.6 -60.6 11.4
      vertex -39.4 -69.4 11.4
    endloop
  endfacet
  facet normal 0 0 1
    outer loop
      vertex -40.6 -69.4 11.4
      vertex -39.4 -69.4 11.4
      vertex -40.6 -60.6 11.4
    endloop
  endfacet
  facet normal 0 0 1
    outer loop
      vertex -39.4 -69.4 11.4
      vertex -40.6 -69.4 11.4
      vertex -39.4 -70.6 11.4
    endloop
  endfacet
  facet normal 0 0 1
    outer loop
      vertex -40.6 -70.6 11.4
      vertex -39.4 -70.6 11.4
      vertex -40.6 -69.4 11.4
    endloop
  endfacet
  facet normal 0 0 1
    outer loop
      vertex -39.4 -70.6 11.4
      vertex -40.6 -70.6 11.4
      vertex -39.4 -78.9 11.4
    endloop
  endfacet
  facet normal 0 0 1
    outer loop
      vertex -40.6 -78.9 11.4
      vertex -39.4 -78.9 11.4
      vertex -40.6 -70.6 11.4
    endloop
  endfacet
  facet normal 0 0 1
    outer loop
      vertex -80.1 -80.1 11.4
      vertex -39.4 -78.9 11.4
      vertex -40.6 -78.9 11.4
    endloop
  endfacet
  facet normal 0 0 1
    outer loop
      vertex -80.1 -80.1 11.4
      vertex -40.6 -78.9 11.4
      vertex -49.4 -78.9 11.4
    endloop
  endfacet
  facet normal 0 0 1
    outer loop
      vertex -49.4 69.4 11.4
      vertex -50.6 70.6 11.4
      vertex -50.6 69.4 11.4
    endloop
  endfacet
  facet normal 0 0 1
    outer loop
      vertex -49.4 60.6 11.4
      vertex -50.6 60.6 11.4
      vertex -49.4 59.4 11.4
    endloop
  endfacet
  facet normal 0 0 1
    outer loop
      vertex -50.6 50.6 11.4
      vertex -49.4 50.6 11.4
      vertex -50.6 59.4 11.4
    endloop
  endfacet
  facet normal 0 0 1
    outer loop
      vertex -49.4 49.4 11.4
      vertex -50.6 49.4 11.4
      vertex -49.4 40.6 11.4
    endloop
  endfacet
  facet normal 0 0 1
    outer loop
      vertex -50.6 39.4 11.4
      vertex -49.4 39.4 11.4
      vertex -50.6 40.6 11.4
    endloop
  endfacet
  facet normal 0 0 1
    outer loop
      vertex -49.4 30.6 11.4
      vertex -50.6 30.6 11.4
      vertex -49.4 29.4 11.4
    endloop
  endfacet
  facet normal 0 0 1
    outer loop
      vertex -49.4 29.4 11.4
      vertex -50.6 29.4 11.4
      vertex -49.4 20.6 11.4
    endloop
  endfacet
  facet normal 0 0 1
    outer loop
      vertex -49.4 20.6 11.4
      vertex -50.6 20.6 11.4
      vertex -49.4 19.4 11.4
    endloop
  endfacet
  facet normal 0 0 1
    outer loop
      vertex -50.6 10.6 11.4
      vertex -49.4 10.6 11.4
      vertex -50.6 19.4 11.4
    endloop
  endfacet
  facet normal 0 0 1
    outer loop
      vertex -49.4 9.39999 11.4
      vertex -50.6 9.39999 11.4
      vertex -49.4 0.599991 11.4
    endloop
  endfacet
  facet normal 0 0 1
    outer loop
      vertex -50.6 -29.4 11.4
      vertex -49.4 -29.4 11.4
      vertex -50.6 -20.6 11.4
    endloop
  endfacet
  facet normal 0 0 1
    outer loop
      vertex -49.4 -29.4 11.4
      vertex -50.6 -29.4 11.4
      vertex -49.4 -30.6 11.4
    endloop
  endfacet
  facet normal 0 0 1
    outer loop
      vertex -50.6 -30.6 11.4
      vertex -49.4 -30.6 11.4
      vertex -50.6 -29.4 11.4
    endloop
  endfacet
  facet normal 0 0 1
    outer loop
      vertex -49.4 -30.6 11.4
      vertex -50.6 -30.6 11.4
      vertex -49.4 -39.4 11.4
    endloop
  endfacet
  facet normal 0 0 1
    outer loop
      vertex -50.6 -39.4 11.4
      vertex -49.4 -39.4 11.4
      vertex -50.6 -30.6 11.4
    endloop
  endfacet
  facet normal 0 0 1
    outer loop
      vertex -49.4 -39.4 11.4
      vertex -50.6 -39.4 11.4
      vertex -49.4 -40.6 11.4
    endloop
  endfacet
  facet normal 0 0 1
    outer loop
      vertex -50.6 -40.6 11.4
      vertex -49.4 -40.6 11.4
      vertex -50.6 -39.4 11.4
    endloop
  endfacet
  facet normal 0 0 1
    outer loop
      vertex -49.4 -40.6 11.4
      vertex -50.6 -40.6 11.4
      vertex -49.4 -49.4 11.4
    endloop
  endfacet
  facet normal 0 0 1
    outer loop
      vertex -50.6 -49.4 11.4
      vertex -49.4 -49.4 11.4
      vertex -50.6 -40.6 11.4
    endloop
  endfacet
  facet normal 0 0 1
    outer loop
      vertex -49.4 -49.4 11.4
      vertex -50.6 -49.4 11.4
      vertex -49.4 -50.6 11.4
    endloop
  endfacet
  facet normal 0 0 1
    outer loop
      vertex -50.6 -50.6 11.4
      vertex -49.4 -50.6 11.4
      vertex -50.6 -49.4 11.4
    endloop
  endfacet
  facet normal 0 0 1
    outer loop
      vertex -49.4 -50.6 11.4
      vertex -50.6 -50.6 11.4
      vertex -49.4 -59.4 11.4
    endloop
  endfacet
  facet normal 0 0 1
    outer loop
      vertex -50.6 -59.4 11.4
      vertex -49.4 -59.4 11.4
      vertex -50.6 -50.6 11.4
    endloop
  endfacet
  facet normal 0 0 1
    outer loop
      vertex -49.4 -59.4 11.4
      vertex -50.6 -59.4 11.4
      vertex -49.4 -60.6 11.4
    endloop
  endfacet
  facet normal 0 0 1
    outer loop
      vertex -50.6 -60.6 11.4
      vertex -49.4 -60.6 11.4
      vertex -50.6 -59.4 11.4
    endloop
  endfacet
  facet normal 0 0 1
    outer loop
      vertex -49.4 -60.6 11.4
      vertex -50.6 -60.6 11.4
      vertex -49.4 -69.4 11.4
    endloop
  endfacet
  facet normal 0 0 1
    outer loop
      vertex -50.6 -69.4 11.4
      vertex -49.4 -69.4 11.4
      vertex -50.6 -60.6 11.4
    endloop
  endfacet
  facet normal 0 0 1
    outer loop
      vertex -49.4 -69.4 11.4
      vertex -50.6 -69.4 11.4
      vertex -49.4 -70.6 11.4
    endloop
  endfacet
  facet normal 0 0 1
    outer loop
      vertex -50.6 -70.6 11.4
      vertex -49.4 -70.6 11.4
      vertex -50.6 -69.4 11.4
    endloop
  endfacet
  facet normal 0 0 1
    outer loop
      vertex -49.4 -70.6 11.4
      vertex -50.6 -70.6 11.4
      vertex -49.4 -78.9 11.4
    endloop
  endfacet
  facet normal 0 0 1
    outer loop
      vertex -50.6 -78.9 11.4
      vertex -49.4 -78.9 11.4
      vertex -50.6 -70.6 11.4
    endloop
  endfacet
  facet normal 0 0 1
    outer loop
      vertex -80.1 -80.1 11.4
      vertex -49.4 -78.9 11.4
      vertex -50.6 -78.9 11.4
    endloop
  endfacet
  facet normal 0 0 1
    outer loop
      vertex -80.1 -80.1 11.4
      vertex -50.6 -78.9 11.4
      vertex -59.4 -78.9 11.4
    endloop
  endfacet
  facet normal 0 0 1
    outer loop
      vertex -59.4 69.4 11.4
      vertex -60.6 70.6 11.4
      vertex -60.6 69.4 11.4
    endloop
  endfacet
  facet normal 0 0 1
    outer loop
      vertex -59.4 60.6 11.4
      vertex -60.6 60.6 11.4
      vertex -59.4 59.4 11.4
    endloop
  endfacet
  facet normal 0 0 1
    outer loop
      vertex -60.6 50.6 11.4
      vertex -59.4 50.6 11.4
      vertex -60.6 59.4 11.4
    endloop
  endfacet
  facet normal 0 0 1
    outer loop
      vertex -59.4 49.4 11.4
      vertex -60.6 49.4 11.4
      vertex -59.4 40.6 11.4
    endloop
  endfacet
  facet normal 0 0 1
    outer loop
      vertex -60.6 39.4 11.4
      vertex -59.4 39.4 11.4
      vertex -60.6 40.6 11.4
    endloop
  endfacet
  facet normal 0 0 1
    outer loop
      vertex -59.4 30.6 11.4
      vertex -60.6 30.6 11.4
      vertex -59.4 29.4 11.4
    endloop
  endfacet
  facet normal 0 0 1
    outer loop
      vertex -59.4 29.4 11.4
      vertex -60.6 29.4 11.4
      vertex -59.4 20.6 11.4
    endloop
  endfacet
  facet normal 0 0 1
    outer loop
      vertex -59.4 20.6 11.4
      vertex -60.6 20.6 11.4
      vertex -59.4 19.4 11.4
    endloop
  endfacet
  facet normal 0 0 1
    outer loop
      vertex -60.6 10.6 11.4
      vertex -59.4 10.6 11.4
      vertex -60.6 19.4 11.4
    endloop
  endfacet
  facet normal 0 0 1
    outer loop
      vertex -59.4 9.39999 11.4
      vertex -60.6 9.39999 11.4
      vertex -59.4 0.599991 11.4
    endloop
  endfacet
  facet normal 0 0 1
    outer loop
      vertex -60.6 -29.4 11.4
      vertex -59.4 -29.4 11.4
      vertex -60.6 -20.6 11.4
    endloop
  endfacet
  facet normal 0 0 1
    outer loop
      vertex -59.4 -29.4 11.4
      vertex -60.6 -29.4 11.4
      vertex -59.4 -30.6 11.4
    endloop
  endfacet
  facet normal 0 0 1
    outer loop
      vertex -60.6 -30.6 11.4
      vertex -59.4 -30.6 11.4
      vertex -60.6 -29.4 11.4
    endloop
  endfacet
  facet normal 0 0 1
    outer loop
      vertex -59.4 -30.6 11.4
      vertex -60.6 -30.6 11.4
      vertex -59.4 -39.4 11.4
    endloop
  endfacet
  facet normal 0 0 1
    outer loop
      vertex -60.6 -39.4 11.4
      vertex -59.4 -39.4 11.4
      vertex -60.6 -30.6 11.4
    endloop
  endfacet
  facet normal 0 0 1
    outer loop
      vertex -59.4 -39.4 11.4
      vertex -60.6 -39.4 11.4
      vertex -59.4 -40.6 11.4
    endloop
  endfacet
  facet normal 0 0 1
    outer loop
      vertex -60.6 -40.6 11.4
      vertex -59.4 -40.6 11.4
      vertex -60.6 -39.4 11.4
    endloop
  endfacet
  facet normal 0 0 1
    outer loop
      vertex -59.4 -40.6 11.4
      vertex -60.6 -40.6 11.4
      vertex -59.4 -49.4 11.4
    endloop
  endfacet
  facet normal 0 0 1
    outer loop
      vertex -60.6 -49.4 11.4
      vertex -59.4 -49.4 11.4
      vertex -60.6 -40.6 11.4
    endloop
  endfacet
  facet normal 0 0 1
    outer loop
      vertex -59.4 -49.4 11.4
      vertex -60.6 -49.4 11.4
      vertex -59.4 -50.6 11.4
    endloop
  endfacet
  facet normal 0 0 1
    outer loop
      vertex -60.6 -50.6 11.4
      vertex -59.4 -50.6 11.4
      vertex -60.6 -49.4 11.4
    endloop
  endfacet
  facet normal 0 0 1
    outer loop
      vertex -59.4 -50.6 11.4
      vertex -60.6 -50.6 11.4
      vertex -59.4 -59.4 11.4
    endloop
  endfacet
  facet normal 0 0 1
    outer loop
      vertex -60.6 -59.4 11.4
      vertex -59.4 -59.4 11.4
      vertex -60.6 -50.6 11.4
    endloop
  endfacet
  facet normal 0 0 1
    outer loop
      vertex -59.4 -59.4 11.4
      vertex -60.6 -59.4 11.4
      vertex -59.4 -60.6 11.4
    endloop
  endfacet
  facet normal 0 0 1
    outer loop
      vertex -60.6 -60.6 11.4
      vertex -59.4 -60.6 11.4
      vertex -60.6 -59.4 11.4
    endloop
  endfacet
  facet normal 0 0 1
    outer loop
      vertex -59.4 -60.6 11.4
      vertex -60.6 -60.6 11.4
      vertex -59.4 -69.4 11.4
    endloop
  endfacet
  facet normal 0 0 1
    outer loop
      vertex -60.6 -69.4 11.4
      vertex -59.4 -69.4 11.4
      vertex -60.6 -60.6 11.4
    endloop
  endfacet
  facet normal 0 0 1
    outer loop
      vertex -59.4 -69.4 11.4
      vertex -60.6 -69.4 11.4
      vertex -59.4 -70.6 11.4
    endloop
  endfacet
  facet normal 0 0 1
    outer loop
      vertex -60.6 -70.6 11.4
      vertex -59.4 -70.6 11.4
      vertex -60.6 -69.4 11.4
    endloop
  endfacet
  facet normal 0 0 1
    outer loop
      vertex -59.4 -70.6 11.4
      vertex -60.6 -70.6 11.4
      vertex -59.4 -78.9 11.4
    endloop
  endfacet
  facet normal 0 0 1
    outer loop
      vertex -60.6 -78.9 11.4
      vertex -59.4 -78.9 11.4
      vertex -60.6 -70.6 11.4
    endloop
  endfacet
  facet normal 0 0 1
    outer loop
      vertex -80.1 -80.1 11.4
      vertex -59.4 -78.9 11.4
      vertex -60.6 -78.9 11.4
    endloop
  endfacet
  facet normal 0 0 1
    outer loop
      vertex -80.1 -80.1 11.4
      vertex -60.6 -78.9 11.4
      vertex -69.4 -78.9 11.4
    endloop
  endfacet
  facet normal 0 0 1
    outer loop
      vertex -69.4 69.4 11.4
      vertex -70.6 70.6 11.4
      vertex -70.6 69.4 11.4
    endloop
  endfacet
  facet normal 0 0 1
    outer loop
      vertex -69.4 60.6 11.4
      vertex -70.6 60.6 11.4
      vertex -69.4 59.4 11.4
    endloop
  endfacet
  facet normal 0 0 1
    outer loop
      vertex -70.6 50.6 11.4
      vertex -69.4 50.6 11.4
      vertex -70.6 59.4 11.4
    endloop
  endfacet
  facet normal 0 0 1
    outer loop
      vertex -69.4 49.4 11.4
      vertex -70.6 49.4 11.4
      vertex -69.4 40.6 11.4
    endloop
  endfacet
  facet normal 0 0 1
    outer loop
      vertex -70.6 39.4 11.4
      vertex -69.4 39.4 11.4
      vertex -70.6 40.6 11.4
    endloop
  endfacet
  facet normal 0 0 1
    outer loop
      vertex -69.4 30.6 11.4
      vertex -70.6 30.6 11.4
      vertex -69.4 29.4 11.4
    endloop
  endfacet
  facet normal 0 0 1
    outer loop
      vertex -69.4 29.4 11.4
      vertex -70.6 29.4 11.4
      vertex -69.4 20.6 11.4
    endloop
  endfacet
  facet normal 0 0 1
    outer loop
      vertex -69.4 20.6 11.4
      vertex -70.6 20.6 11.4
      vertex -69.4 19.4 11.4
    endloop
  endfacet
  facet normal 0 0 1
    outer loop
      vertex -70.6 10.6 11.4
      vertex -69.4 10.6 11.4
      vertex -70.6 19.4 11.4
    endloop
  endfacet
  facet normal 0 0 1
    outer loop
      vertex -69.4 9.39999 11.4
      vertex -70.6 9.39999 11.4
      vertex -69.4 0.599991 11.4
    endloop
  endfacet
  facet normal 0 0 1
    outer loop
      vertex -70.6 -29.4 11.4
      vertex -69.4 -29.4 11.4
      vertex -70.6 -20.6 11.4
    endloop
  endfacet
  facet normal 0 0 1
    outer loop
      vertex -69.4 -29.4 11.4
      vertex -70.6 -29.4 11.4
      vertex -69.4 -30.6 11.4
    endloop
  endfacet
  facet normal 0 0 1
    outer loop
      vertex -70.6 -30.6 11.4
      vertex -69.4 -30.6 11.4
      vertex -70.6 -29.4 11.4
    endloop
  endfacet
  facet normal 0 0 1
    outer loop
      vertex -69.4 -30.6 11.4
      vertex -70.6 -30.6 11.4
      vertex -69.4 -39.4 11.4
    endloop
  endfacet
  facet normal 0 0 1
    outer loop
      vertex -70.6 -39.4 11.4
      vertex -69.4 -39.4 11.4
      vertex -70.6 -30.6 11.4
    endloop
  endfacet
  facet normal 0 0 1
    outer loop
      vertex -69.4 -39.4 11.4
      vertex -70.6 -39.4 11.4
      vertex -69.4 -40.6 11.4
    endloop
  endfacet
  facet normal 0 0 1
    outer loop
      vertex -70.6 -40.6 11.4
      vertex -69.4 -40.6 11.4
      vertex -70.6 -39.4 11.4
    endloop
  endfacet
  facet normal 0 0 1
    outer loop
      vertex -69.4 -40.6 11.4
      vertex -70.6 -40.6 11.4
      vertex -69.4 -49.4 11.4
    endloop
  endfacet
  facet normal 0 0 1
    outer loop
      vertex -70.6 -49.4 11.4
      vertex -69.4 -49.4 11.4
      vertex -70.6 -40.6 11.4
    endloop
  endfacet
  facet normal 0 0 1
    outer loop
      vertex -69.4 -49.4 11.4
      vertex -70.6 -49.4 11.4
      vertex -69.4 -50.6 11.4
    endloop
  endfacet
  facet normal 0 0 1
    outer loop
      vertex -70.6 -50.6 11.4
      vertex -69.4 -50.6 11.4
      vertex -70.6 -49.4 11.4
    endloop
  endfacet
  facet normal 0 0 1
    outer loop
      vertex -69.4 -50.6 11.4
      vertex -70.6 -50.6 11.4
      vertex -69.4 -59.4 11.4
    endloop
  endfacet
  facet normal 0 0 1
    outer loop
      vertex -70.6 -59.4 11.4
      vertex -69.4 -59.4 11.4
      vertex -70.6 -50.6 11.4
    endloop
  endfacet
  facet normal 0 0 1
    outer loop
      vertex -69.4 -59.4 11.4
      vertex -70.6 -59.4 11.4
      vertex -69.4 -60.6 11.4
    endloop
  endfacet
  facet normal 0 0 1
    outer loop
      vertex -70.6 -60.6 11.4
      vertex -69.4 -60.6 11.4
      vertex -70.6 -59.4 11.4
    endloop
  endfacet
  facet normal 0 0 1
    outer loop
      vertex -69.4 -60.6 11.4
      vertex -70.6 -60.6 11.4
      vertex -69.4 -69.4 11.4
    endloop
  endfacet
  facet normal 0 0 1
    outer loop
      vertex -70.6 -69.4 11.4
      vertex -69.4 -69.4 11.4
      vertex -70.6 -60.6 11.4
    endloop
  endfacet
  facet normal 0 0 1
    outer loop
      vertex -69.4 -69.4 11.4
      vertex -70.6 -69.4 11.4
      vertex -69.4 -70.6 11.4
    endloop
  endfacet
  facet normal 0 0 1
    outer loop
      vertex -70.6 -70.6 11.4
      vertex -69.4 -70.6 11.4
      vertex -70.6 -69.4 11.4
    endloop
  endfacet
  facet normal 0 0 1
    outer loop
      vertex -69.4 -70.6 11.4
      vertex -70.6 -70.6 11.4
      vertex -69.4 -78.9 11.4
    endloop
  endfacet
  facet normal 0 0 1
    outer loop
      vertex -70.6 -78.9 11.4
      vertex -69.4 -78.9 11.4
      vertex -70.6 -70.6 11.4
    endloop
  endfacet
  facet normal 0 0 1
    outer loop
      vertex -80.1 -80.1 11.4
      vertex -69.4 -78.9 11.4
      vertex -70.6 -78.9 11.4
    endloop
  endfacet
  facet normal 0 0 1
    outer loop
      vertex -80.1 -80.1 11.4
      vertex -70.6 -78.9 11.4
      vertex -78.9 -78.9 11.4
    endloop
  endfacet
  facet normal 0 0 1
    outer loop
      vertex -20.6 -78.9 11.4
      vertex -80.1 -80.1 11.4
      vertex 80.1 -80.1 11.4
    endloop
  endfacet
  facet normal 0 0 1
    outer loop
      vertex -78.9 -70.6 11.4
      vertex -80.1 -80.1 11.4
      vertex -78.9 -78.9 11.4
    endloop
  endfacet
  facet normal 0 1 -0
    outer loop
      vertex 80.1 80.1 0.599999
      vertex -80.1 80.1 11.4
      vertex 80.1 80.1 11.4
    endloop
  endfacet
  facet normal 0 1 0
    outer loop
      vertex -80.1 80.1 11.4
      vertex 80.1 80.1 0.599999
      vertex -80.1 80.1 0.599999
    endloop
  endfacet
  facet normal -1 0 0
    outer loop
      vertex -80.1 -80.1 0.599999
      vertex -80.1 80.1 11.4
      vertex -80.1 80.1 0.599999
    endloop
  endfacet
  facet normal -1 -0 0
    outer loop
      vertex -80.1 80.1 11.4
      vertex -80.1 -80.1 0.599999
      vertex -80.1 -80.1 11.4
    endloop
  endfacet
  facet normal 0 -1 0
    outer loop
      vertex -80.1 -80.1 0.599999
      vertex 80.1 -80.1 11.4
      vertex -80.1 -80.1 11.4
    endloop
  endfacet
  facet normal 0 -1 -0
    outer loop
      vertex 80.1 -80.1 11.4
      vertex -80.1 -80.1 0.599999
      vertex 80.1 -80.1 0.599999
    endloop
  endfacet
  facet normal 1 -0 0
    outer loop
      vertex 80.1 -80.1 11.4
      vertex 80.1 80.1 0.599999
      vertex 80.1 80.1 11.4
    endloop
  endfacet
  facet normal 1 0 0
    outer loop
      vertex 80.1 80.1 0.599999
      vertex 80.1 -80.1 11.4
      vertex 80.1 -80.1 0.599999
    endloop
  endfacet
  facet normal 1 -0 0
    outer loop
      vertex -78.9 70.6 11.4
      vertex -78.9 78.9 0
      vertex -78.9 78.9 11.4
    endloop
  endfacet
  facet normal 1 0 0
    outer loop
      vertex -78.9 78.9 0
      vertex -78.9 70.6 11.4
      vertex -78.9 70.6 0
    endloop
  endfacet
  facet normal 0 -1 0
    outer loop
      vertex -78.9 78.9 0
      vertex -70.6 78.9 11.4
      vertex -78.9 78.9 11.4
    endloop
  endfacet
  facet normal 0 -1 -0
    outer loop
      vertex -70.6 78.9 11.4
      vertex -78.9 78.9 0
      vertex -70.6 78.9 0
    endloop
  endfacet
  facet normal -1 0 0
    outer loop
      vertex -70.6 70.6 0
      vertex -70.6 78.9 11.4
      vertex -70.6 78.9 0
    endloop
  endfacet
  facet normal -1 -0 0
    outer loop
      vertex -70.6 78.9 11.4
      vertex -70.6 70.6 0
      vertex -70.6 70.6 11.4
    endloop
  endfacet
  facet normal 0 1 -0
    outer loop
      vertex -70.6 70.6 0
      vertex -78.9 70.6 11.4
      vertex -70.6 70.6 11.4
    endloop
  endfacet
  facet normal 0 1 0
    outer loop
      vertex -78.9 70.6 11.4
      vertex -70.6 70.6 0
      vertex -78.9 70.6 0
    endloop
  endfacet
  facet normal 1 -0 0
    outer loop
      vertex 70.6 70.6 11.4
      vertex 70.6 78.9 0
      vertex 70.6 78.9 11.4
    endloop
  endfacet
  facet normal 1 0 0
    outer loop
      vertex 70.6 78.9 0
      vertex 70.6 70.6 11.4
      vertex 70.6 70.6 0
    endloop
  endfacet
  facet normal 0 -1 0
    outer loop
      vertex 70.6 78.9 0
      vertex 78.9 78.9 11.4
      vertex 70.6 78.9 11.4
    endloop
  endfacet
  facet normal 0 -1 -0
    outer loop
      vertex 78.9 78.9 11.4
      vertex 70.6 78.9 0
      vertex 78.9 78.9 0
    endloop
  endfacet
  facet normal -1 0 0
    outer loop
      vertex 78.9 70.6 0
      vertex 78.9 78.9 11.4
      vertex 78.9 78.9 0
    endloop
  endfacet
  facet normal -1 -0 0
    outer loop
      vertex 78.9 78.9 11.4
      vertex 78.9 70.6 0
      vertex 78.9 70.6 11.4
    endloop
  endfacet
  facet normal 0 1 -0
    outer loop
      vertex 78.9 70.6 0
      vertex 70.6 70.6 11.4
      vertex 78.9 70.6 11.4
    endloop
  endfacet
  facet normal 0 1 0
    outer loop
      vertex 70.6 70.6 11.4
      vertex 78.9 70.6 0
      vertex 70.6 70.6 0
    endloop
  endfacet
  facet normal 1 -0 0
    outer loop
      vertex 60.6 70.6 11.4
      vertex 60.6 78.9 0
      vertex 60.6 78.9 11.4
    endloop
  endfacet
  facet normal 1 0 0
    outer loop
      vertex 60.6 78.9 0
      vertex 60.6 70.6 11.4
      vertex 60.6 70.6 0
    endloop
  endfacet
  facet normal 0 -1 0
    outer loop
      vertex 60.6 78.9 0
      vertex 69.4 78.9 11.4
      vertex 60.6 78.9 11.4
    endloop
  endfacet
  facet normal 0 -1 -0
    outer loop
      vertex 69.4 78.9 11.4
      vertex 60.6 78.9 0
      vertex 69.4 78.9 0
    endloop
  endfacet
  facet normal -1 0 0
    outer loop
      vertex 69.4 70.6 0
      vertex 69.4 78.9 11.4
      vertex 69.4 78.9 0
    endloop
  endfacet
  facet normal -1 -0 0
    outer loop
      vertex 69.4 78.9 11.4
      vertex 69.4 70.6 0
      vertex 69.4 70.6 11.4
    endloop
  endfacet
  facet normal 0 1 -0
    outer loop
      vertex 69.4 70.6 0
      vertex 60.6 70.6 11.4
      vertex 69.4 70.6 11.4
    endloop
  endfacet
  facet normal 0 1 0
    outer loop
      vertex 60.6 70.6 11.4
      vertex 69.4 70.6 0
      vertex 60.6 70.6 0
    endloop
  endfacet
  facet normal 1 -0 0
    outer loop
      vertex 50.6 70.6 11.4
      vertex 50.6 78.9 0
      vertex 50.6 78.9 11.4
    endloop
  endfacet
  facet normal 1 0 0
    outer loop
      vertex 50.6 78.9 0
      vertex 50.6 70.6 11.4
      vertex 50.6 70.6 0
    endloop
  endfacet
  facet normal 0 -1 0
    outer loop
      vertex 50.6 78.9 0
      vertex 59.4 78.9 11.4
      vertex 50.6 78.9 11.4
    endloop
  endfacet
  facet normal 0 -1 -0
    outer loop
      vertex 59.4 78.9 11.4
      vertex 50.6 78.9 0
      vertex 59.4 78.9 0
    endloop
  endfacet
  facet normal -1 0 0
    outer loop
      vertex 59.4 70.6 0
      vertex 59.4 78.9 11.4
      vertex 59.4 78.9 0
    endloop
  endfacet
  facet normal -1 -0 0
    outer loop
      vertex 59.4 78.9 11.4
      vertex 59.4 70.6 0
      vertex 59.4 70.6 11.4
    endloop
  endfacet
  facet normal 0 1 -0
    outer loop
      vertex 59.4 70.6 0
      vertex 50.6 70.6 11.4
      vertex 59.4 70.6 11.4
    endloop
  endfacet
  facet normal 0 1 0
    outer loop
      vertex 50.6 70.6 11.4
      vertex 59.4 70.6 0
      vertex 50.6 70.6 0
    endloop
  endfacet
  facet normal 1 -0 0
    outer loop
      vertex 40.6 70.6 11.4
      vertex 40.6 78.9 0
      vertex 40.6 78.9 11.4
    endloop
  endfacet
  facet normal 1 0 0
    outer loop
      vertex 40.6 78.9 0
      vertex 40.6 70.6 11.4
      vertex 40.6 70.6 0
    endloop
  endfacet
  facet normal 0 -1 0
    outer loop
      vertex 40.6 78.9 0
      vertex 49.4 78.9 11.4
      vertex 40.6 78.9 11.4
    endloop
  endfacet
  facet normal 0 -1 -0
    outer loop
      vertex 49.4 78.9 11.4
      vertex 40.6 78.9 0
      vertex 49.4 78.9 0
    endloop
  endfacet
  facet normal -1 0 0
    outer loop
      vertex 49.4 70.6 0
      vertex 49.4 78.9 11.4
      vertex 49.4 78.9 0
    endloop
  endfacet
  facet normal -1 -0 0
    outer loop
      vertex 49.4 78.9 11.4
      vertex 49.4 70.6 0
      vertex 49.4 70.6 11.4
    endloop
  endfacet
  facet normal 0 1 -0
    outer loop
      vertex 49.4 70.6 0
      vertex 40.6 70.6 11.4
      vertex 49.4 70.6 11.4
    endloop
  endfacet
  facet normal 0 1 0
    outer loop
      vertex 40.6 70.6 11.4
      vertex 49.4 70.6 0
      vertex 40.6 70.6 0
    endloop
  endfacet
  facet normal 1 -0 0
    outer loop
      vertex 30.6 70.6 11.4
      vertex 30.6 78.9 0
      vertex 30.6 78.9 11.4
    endloop
  endfacet
  facet normal 1 0 0
    outer loop
      vertex 30.6 78.9 0
      vertex 30.6 70.6 11.4
      vertex 30.6 70.6 0
    endloop
  endfacet
  facet normal 0 -1 0
    outer loop
      vertex 30.6 78.9 0
      vertex 39.4 78.9 11.4
      vertex 30.6 78.9 11.4
    endloop
  endfacet
  facet normal 0 -1 -0
    outer loop
      vertex 39.4 78.9 11.4
      vertex 30.6 78.9 0
      vertex 39.4 78.9 0
    endloop
  endfacet
  facet normal -1 0 0
    outer loop
      vertex 39.4 70.6 0
      vertex 39.4 78.9 11.4
      vertex 39.4 78.9 0
    endloop
  endfacet
  facet normal -1 -0 0
    outer loop
      vertex 39.4 78.9 11.4
      vertex 39.4 70.6 0
      vertex 39.4 70.6 11.4
    endloop
  endfacet
  facet normal 0 1 -0
    outer loop
      vertex 39.4 70.6 0
      vertex 30.6 70.6 11.4
      vertex 39.4 70.6 11.4
    endloop
  endfacet
  facet normal 0 1 0
    outer loop
      vertex 30.6 70.6 11.4
      vertex 39.4 70.6 0
      vertex 30.6 70.6 0
    endloop
  endfacet
  facet normal 1 -0 0
    outer loop
      vertex 20.6 70.6 11.4
      vertex 20.6 78.9 0
      vertex 20.6 78.9 11.4
    endloop
  endfacet
  facet normal 1 0 0
    outer loop
      vertex 20.6 78.9 0
      vertex 20.6 70.6 11.4
      vertex 20.6 70.6 0
    endloop
  endfacet
  facet normal 0 -1 0
    outer loop
      vertex 20.6 78.9 0
      vertex 29.4 78.9 11.4
      vertex 20.6 78.9 11.4
    endloop
  endfacet
  facet normal 0 -1 -0
    outer loop
      vertex 29.4 78.9 11.4
      vertex 20.6 78.9 0
      vertex 29.4 78.9 0
    endloop
  endfacet
  facet normal -1 0 0
    outer loop
      vertex 29.4 70.6 0
      vertex 29.4 78.9 11.4
      vertex 29.4 78.9 0
    endloop
  endfacet
  facet normal -1 -0 0
    outer loop
      vertex 29.4 78.9 11.4
      vertex 29.4 70.6 0
      vertex 29.4 70.6 11.4
    endloop
  endfacet
  facet normal 0 1 -0
    outer loop
      vertex 29.4 70.6 0
      vertex 20.6 70.6 11.4
      vertex 29.4 70.6 11.4
    endloop
  endfacet
  facet normal 0 1 0
    outer loop
      vertex 20.6 70.6 11.4
      vertex 29.4 70.6 0
      vertex 20.6 70.6 0
    endloop
  endfacet
  facet normal 1 -0 0
    outer loop
      vertex 10.6 70.6 11.4
      vertex 10.6 78.9 0
      vertex 10.6 78.9 11.4
    endloop
  endfacet
  facet normal 1 0 0
    outer loop
      vertex 10.6 78.9 0
      vertex 10.6 70.6 11.4
      vertex 10.6 70.6 0
    endloop
  endfacet
  facet normal 0 -1 0
    outer loop
      vertex 10.6 78.9 0
      vertex 19.4 78.9 11.4
      vertex 10.6 78.9 11.4
    endloop
  endfacet
  facet normal 0 -1 -0
    outer loop
      vertex 19.4 78.9 11.4
      vertex 10.6 78.9 0
      vertex 19.4 78.9 0
    endloop
  endfacet
  facet normal -1 0 0
    outer loop
      vertex 19.4 70.6 0
      vertex 19.4 78.9 11.4
      vertex 19.4 78.9 0
    endloop
  endfacet
  facet normal -1 -0 0
    outer loop
      vertex 19.4 78.9 11.4
      vertex 19.4 70.6 0
      vertex 19.4 70.6 11.4
    endloop
  endfacet
  facet normal 0 1 -0
    outer loop
      vertex 19.4 70.6 0
      vertex 10.6 70.6 11.4
      vertex 19.4 70.6 11.4
    endloop
  endfacet
  facet normal 0 1 0
    outer loop
      vertex 10.6 70.6 11.4
      vertex 19.4 70.6 0
      vertex 10.6 70.6 0
    endloop
  endfacet
  facet normal 1 -0 0
    outer loop
      vertex -9.39999 70.6 11.4
      vertex -9.39999 78.9 0
      vertex -9.39999 78.9 11.4
    endloop
  endfacet
  facet normal 1 0 0
    outer loop
      vertex -9.39999 78.9 0
      vertex -9.39999 70.6 11.4
      vertex -9.39999 70.6 0
    endloop
  endfacet
  facet normal 0 -1 0
    outer loop
      vertex -9.39999 78.9 0
      vertex -0.599991 78.9 11.4
      vertex -9.39999 78.9 11.4
    endloop
  endfacet
  facet normal 0 -1 -0
    outer loop
      vertex -0.599991 78.9 11.4
      vertex -9.39999 78.9 0
      vertex -0.599991 78.9 0
    endloop
  endfacet
  facet normal -1 0 0
    outer loop
      vertex -0.599991 70.6 0
      vertex -0.599991 78.9 11.4
      vertex -0.599991 78.9 0
    endloop
  endfacet
  facet normal -1 -0 0
    outer loop
      vertex -0.599991 78.9 11.4
      vertex -0.599991 70.6 0
      vertex -0.599991 70.6 11.4
    endloop
  endfacet
  facet normal 0 1 -0
    outer loop
      vertex -0.599991 70.6 0
      vertex -9.39999 70.6 11.4
      vertex -0.599991 70.6 11.4
    endloop
  endfacet
  facet normal 0 1 0
    outer loop
      vertex -9.39999 70.6 11.4
      vertex -0.599991 70.6 0
      vertex -9.39999 70.6 0
    endloop
  endfacet
  facet normal 1 -0 0
    outer loop
      vertex -69.4 70.6 11.4
      vertex -69.4 78.9 0
      vertex -69.4 78.9 11.4
    endloop
  endfacet
  facet normal 1 0 0
    outer loop
      vertex -69.4 78.9 0
      vertex -69.4 70.6 11.4
      vertex -69.4 70.6 0
    endloop
  endfacet
  facet normal 0 -1 0
    outer loop
      vertex -69.4 78.9 0
      vertex -60.6 78.9 11.4
      vertex -69.4 78.9 11.4
    endloop
  endfacet
  facet normal 0 -1 -0
    outer loop
      vertex -60.6 78.9 11.4
      vertex -69.4 78.9 0
      vertex -60.6 78.9 0
    endloop
  endfacet
  facet normal -1 0 0
    outer loop
      vertex -60.6 70.6 0
      vertex -60.6 78.9 11.4
      vertex -60.6 78.9 0
    endloop
  endfacet
  facet normal -1 -0 0
    outer loop
      vertex -60.6 78.9 11.4
      vertex -60.6 70.6 0
      vertex -60.6 70.6 11.4
    endloop
  endfacet
  facet normal 0 1 -0
    outer loop
      vertex -60.6 70.6 0
      vertex -69.4 70.6 11.4
      vertex -60.6 70.6 11.4
    endloop
  endfacet
  facet normal 0 1 0
    outer loop
      vertex -69.4 70.6 11.4
      vertex -60.6 70.6 0
      vertex -69.4 70.6 0
    endloop
  endfacet
  facet normal 1 -0 0
    outer loop
      vertex -59.4 70.6 11.4
      vertex -59.4 78.9 0
      vertex -59.4 78.9 11.4
    endloop
  endfacet
  facet normal 1 0 0
    outer loop
      vertex -59.4 78.9 0
      vertex -59.4 70.6 11.4
      vertex -59.4 70.6 0
    endloop
  endfacet
  facet normal 0 -1 0
    outer loop
      vertex -59.4 78.9 0
      vertex -50.6 78.9 11.4
      vertex -59.4 78.9 11.4
    endloop
  endfacet
  facet normal 0 -1 -0
    outer loop
      vertex -50.6 78.9 11.4
      vertex -59.4 78.9 0
      vertex -50.6 78.9 0
    endloop
  endfacet
  facet normal -1 0 0
    outer loop
      vertex -50.6 70.6 0
      vertex -50.6 78.9 11.4
      vertex -50.6 78.9 0
    endloop
  endfacet
  facet normal -1 -0 0
    outer loop
      vertex -50.6 78.9 11.4
      vertex -50.6 70.6 0
      vertex -50.6 70.6 11.4
    endloop
  endfacet
  facet normal 0 1 -0
    outer loop
      vertex -50.6 70.6 0
      vertex -59.4 70.6 11.4
      vertex -50.6 70.6 11.4
    endloop
  endfacet
  facet normal 0 1 0
    outer loop
      vertex -59.4 70.6 11.4
      vertex -50.6 70.6 0
      vertex -59.4 70.6 0
    endloop
  endfacet
  facet normal 1 -0 0
    outer loop
      vertex -49.4 70.6 11.4
      vertex -49.4 78.9 0
      vertex -49.4 78.9 11.4
    endloop
  endfacet
  facet normal 1 0 0
    outer loop
      vertex -49.4 78.9 0
      vertex -49.4 70.6 11.4
      vertex -49.4 70.6 0
    endloop
  endfacet
  facet normal 0 -1 0
    outer loop
      vertex -49.4 78.9 0
      vertex -40.6 78.9 11.4
      vertex -49.4 78.9 11.4
    endloop
  endfacet
  facet normal 0 -1 -0
    outer loop
      vertex -40.6 78.9 11.4
      vertex -49.4 78.9 0
      vertex -40.6 78.9 0
    endloop
  endfacet
  facet normal -1 0 0
    outer loop
      vertex -40.6 70.6 0
      vertex -40.6 78.9 11.4
      vertex -40.6 78.9 0
    endloop
  endfacet
  facet normal -1 -0 0
    outer loop
      vertex -40.6 78.9 11.4
      vertex -40.6 70.6 0
      vertex -40.6 70.6 11.4
    endloop
  endfacet
  facet normal 0 1 -0
    outer loop
      vertex -40.6 70.6 0
      vertex -49.4 70.6 11.4
      vertex -40.6 70.6 11.4
    endloop
  endfacet
  facet normal 0 1 0
    outer loop
      vertex -49.4 70.6 11.4
      vertex -40.6 70.6 0
      vertex -49.4 70.6 0
    endloop
  endfacet
  facet normal 1 -0 0
    outer loop
      vertex -29.4 70.6 11.4
      vertex -29.4 78.9 0
      vertex -29.4 78.9 11.4
    endloop
  endfacet
  facet normal 1 0 0
    outer loop
      vertex -29.4 78.9 0
      vertex -29.4 70.6 11.4
      vertex -29.4 70.6 0
    endloop
  endfacet
  facet normal 0 -1 0
    outer loop
      vertex -29.4 78.9 0
      vertex -20.6 78.9 11.4
      vertex -29.4 78.9 11.4
    endloop
  endfacet
  facet normal 0 -1 -0
    outer loop
      vertex -20.6 78.9 11.4
      vertex -29.4 78.9 0
      vertex -20.6 78.9 0
    endloop
  endfacet
  facet normal -1 0 0
    outer loop
      vertex -20.6 70.6 0
      vertex -20.6 78.9 11.4
      vertex -20.6 78.9 0
    endloop
  endfacet
  facet normal -1 -0 0
    outer loop
      vertex -20.6 78.9 11.4
      vertex -20.6 70.6 0
      vertex -20.6 70.6 11.4
    endloop
  endfacet
  facet normal 0 1 -0
    outer loop
      vertex -20.6 70.6 0
      vertex -29.4 70.6 11.4
      vertex -20.6 70.6 11.4
    endloop
  endfacet
  facet normal 0 1 0
    outer loop
      vertex -29.4 70.6 11.4
      vertex -20.6 70.6 0
      vertex -29.4 70.6 0
    endloop
  endfacet
  facet normal 1 -0 0
    outer loop
      vertex 0.599991 70.6 11.4
      vertex 0.599991 78.9 0
      vertex 0.599991 78.9 11.4
    endloop
  endfacet
  facet normal 1 0 0
    outer loop
      vertex 0.599991 78.9 0
      vertex 0.599991 70.6 11.4
      vertex 0.599991 70.6 0
    endloop
  endfacet
  facet normal 0 -1 0
    outer loop
      vertex 0.599991 78.9 0
      vertex 9.39999 78.9 11.4
      vertex 0.599991 78.9 11.4
    endloop
  endfacet
  facet normal 0 -1 -0
    outer loop
      vertex 9.39999 78.9 11.4
      vertex 0.599991 78.9 0
      vertex 9.39999 78.9 0
    endloop
  endfacet
  facet normal -1 0 0
    outer loop
      vertex 9.39999 70.6 0
      vertex 9.39999 78.9 11.4
      vertex 9.39999 78.9 0
    endloop
  endfacet
  facet normal -1 -0 0
    outer loop
      vertex 9.39999 78.9 11.4
      vertex 9.39999 70.6 0
      vertex 9.39999 70.6 11.4
    endloop
  endfacet
  facet normal 0 1 -0
    outer loop
      vertex 9.39999 70.6 0
      vertex 0.599991 70.6 11.4
      vertex 9.39999 70.6 11.4
    endloop
  endfacet
  facet normal 0 1 0
    outer loop
      vertex 0.599991 70.6 11.4
      vertex 9.39999 70.6 0
      vertex 0.599991 70.6 0
    endloop
  endfacet
  facet normal 1 -0 0
    outer loop
      vertex -19.4 70.6 11.4
      vertex -19.4 78.9 0
      vertex -19.4 78.9 11.4
    endloop
  endfacet
  facet normal 1 0 0
    outer loop
      vertex -19.4 78.9 0
      vertex -19.4 70.6 11.4
      vertex -19.4 70.6 0
    endloop
  endfacet
  facet normal 0 -1 0
    outer loop
      vertex -19.4 78.9 0
      vertex -10.6 78.9 11.4
      vertex -19.4 78.9 11.4
    endloop
  endfacet
  facet normal 0 -1 -0
    outer loop
      vertex -10.6 78.9 11.4
      vertex -19.4 78.9 0
      vertex -10.6 78.9 0
    endloop
  endfacet
  facet normal -1 0 0
    outer loop
      vertex -10.6 70.6 0
      vertex -10.6 78.9 11.4
      vertex -10.6 78.9 0
    endloop
  endfacet
  facet normal -1 -0 0
    outer loop
      vertex -10.6 78.9 11.4
      vertex -10.6 70.6 0
      vertex -10.6 70.6 11.4
    endloop
  endfacet
  facet normal 0 1 -0
    outer loop
      vertex -10.6 70.6 0
      vertex -19.4 70.6 11.4
      vertex -10.6 70.6 11.4
    endloop
  endfacet
  facet normal 0 1 0
    outer loop
      vertex -19.4 70.6 11.4
      vertex -10.6 70.6 0
      vertex -19.4 70.6 0
    endloop
  endfacet
  facet normal 1 -0 0
    outer loop
      vertex -39.4 70.6 11.4
      vertex -39.4 78.9 0
      vertex -39.4 78.9 11.4
    endloop
  endfacet
  facet normal 1 0 0
    outer loop
      vertex -39.4 78.9 0
      vertex -39.4 70.6 11.4
      vertex -39.4 70.6 0
    endloop
  endfacet
  facet normal 0 -1 0
    outer loop
      vertex -39.4 78.9 0
      vertex -30.6 78.9 11.4
      vertex -39.4 78.9 11.4
    endloop
  endfacet
  facet normal 0 -1 -0
    outer loop
      vertex -30.6 78.9 11.4
      vertex -39.4 78.9 0
      vertex -30.6 78.9 0
    endloop
  endfacet
  facet normal -1 0 0
    outer loop
      vertex -30.6 70.6 0
      vertex -30.6 78.9 11.4
      vertex -30.6 78.9 0
    endloop
  endfacet
  facet normal -1 -0 0
    outer loop
      vertex -30.6 78.9 11.4
      vertex -30.6 70.6 0
      vertex -30.6 70.6 11.4
    endloop
  endfacet
  facet normal 0 1 -0
    outer loop
      vertex -30.6 70.6 0
      vertex -39.4 70.6 11.4
      vertex -30.6 70.6 11.4
    endloop
  endfacet
  facet normal 0 1 0
    outer loop
      vertex -39.4 70.6 11.4
      vertex -30.6 70.6 0
      vertex -39.4 70.6 0
    endloop
  endfacet
  facet normal 1 -0 0
    outer loop
      vertex 20.6 60.6 11.4
      vertex 20.6 69.4 0
      vertex 20.6 69.4 11.4
    endloop
  endfacet
  facet normal 1 0 0
    outer loop
      vertex 20.6 69.4 0
      vertex 20.6 60.6 11.4
      vertex 20.6 60.6 0
    endloop
  endfacet
  facet normal 0 -1 0
    outer loop
      vertex 20.6 69.4 0
      vertex 29.4 69.4 11.4
      vertex 20.6 69.4 11.4
    endloop
  endfacet
  facet normal 0 -1 -0
    outer loop
      vertex 29.4 69.4 11.4
      vertex 20.6 69.4 0
      vertex 29.4 69.4 0
    endloop
  endfacet
  facet normal -1 0 0
    outer loop
      vertex 29.4 60.6 0
      vertex 29.4 69.4 11.4
      vertex 29.4 69.4 0
    endloop
  endfacet
  facet normal -1 -0 0
    outer loop
      vertex 29.4 69.4 11.4
      vertex 29.4 60.6 0
      vertex 29.4 60.6 11.4
    endloop
  endfacet
  facet normal 0 1 -0
    outer loop
      vertex 29.4 60.6 0
      vertex 20.6 60.6 11.4
      vertex 29.4 60.6 11.4
    endloop
  endfacet
  facet normal 0 1 0
    outer loop
      vertex 20.6 60.6 11.4
      vertex 29.4 60.6 0
      vertex 20.6 60.6 0
    endloop
  endfacet
  facet normal 1 -0 0
    outer loop
      vertex -78.9 60.6 11.4
      vertex -78.9 69.4 0
      vertex -78.9 69.4 11.4
    endloop
  endfacet
  facet normal 1 0 0
    outer loop
      vertex -78.9 69.4 0
      vertex -78.9 60.6 11.4
      vertex -78.9 60.6 0
    endloop
  endfacet
  facet normal 0 -1 0
    outer loop
      vertex -78.9 69.4 0
      vertex -70.6 69.4 11.4
      vertex -78.9 69.4 11.4
    endloop
  endfacet
  facet normal 0 -1 -0
    outer loop
      vertex -70.6 69.4 11.4
      vertex -78.9 69.4 0
      vertex -70.6 69.4 0
    endloop
  endfacet
  facet normal -1 0 0
    outer loop
      vertex -70.6 60.6 0
      vertex -70.6 69.4 11.4
      vertex -70.6 69.4 0
    endloop
  endfacet
  facet normal -1 -0 0
    outer loop
      vertex -70.6 69.4 11.4
      vertex -70.6 60.6 0
      vertex -70.6 60.6 11.4
    endloop
  endfacet
  facet normal 0 1 -0
    outer loop
      vertex -70.6 60.6 0
      vertex -78.9 60.6 11.4
      vertex -70.6 60.6 11.4
    endloop
  endfacet
  facet normal 0 1 0
    outer loop
      vertex -78.9 60.6 11.4
      vertex -70.6 60.6 0
      vertex -78.9 60.6 0
    endloop
  endfacet
  facet normal 1 -0 0
    outer loop
      vertex -9.39999 60.6 11.4
      vertex -9.39999 69.4 0
      vertex -9.39999 69.4 11.4
    endloop
  endfacet
  facet normal 1 0 0
    outer loop
      vertex -9.39999 69.4 0
      vertex -9.39999 60.6 11.4
      vertex -9.39999 60.6 0
    endloop
  endfacet
  facet normal 0 -1 0
    outer loop
      vertex -9.39999 69.4 0
      vertex -0.599991 69.4 11.4
      vertex -9.39999 69.4 11.4
    endloop
  endfacet
  facet normal 0 -1 -0
    outer loop
      vertex -0.599991 69.4 11.4
      vertex -9.39999 69.4 0
      vertex -0.599991 69.4 0
    endloop
  endfacet
  facet normal -1 0 0
    outer loop
      vertex -0.599991 60.6 0
      vertex -0.599991 69.4 11.4
      vertex -0.599991 69.4 0
    endloop
  endfacet
  facet normal -1 -0 0
    outer loop
      vertex -0.599991 69.4 11.4
      vertex -0.599991 60.6 0
      vertex -0.599991 60.6 11.4
    endloop
  endfacet
  facet normal 0 1 -0
    outer loop
      vertex -0.599991 60.6 0
      vertex -9.39999 60.6 11.4
      vertex -0.599991 60.6 11.4
    endloop
  endfacet
  facet normal 0 1 0
    outer loop
      vertex -9.39999 60.6 11.4
      vertex -0.599991 60.6 0
      vertex -9.39999 60.6 0
    endloop
  endfacet
  facet normal 1 -0 0
    outer loop
      vertex -69.4 60.6 11.4
      vertex -69.4 69.4 0
      vertex -69.4 69.4 11.4
    endloop
  endfacet
  facet normal 1 0 0
    outer loop
      vertex -69.4 69.4 0
      vertex -69.4 60.6 11.4
      vertex -69.4 60.6 0
    endloop
  endfacet
  facet normal 0 -1 0
    outer loop
      vertex -69.4 69.4 0
      vertex -60.6 69.4 11.4
      vertex -69.4 69.4 11.4
    endloop
  endfacet
  facet normal 0 -1 -0
    outer loop
      vertex -60.6 69.4 11.4
      vertex -69.4 69.4 0
      vertex -60.6 69.4 0
    endloop
  endfacet
  facet normal -1 0 0
    outer loop
      vertex -60.6 60.6 0
      vertex -60.6 69.4 11.4
      vertex -60.6 69.4 0
    endloop
  endfacet
  facet normal -1 -0 0
    outer loop
      vertex -60.6 69.4 11.4
      vertex -60.6 60.6 0
      vertex -60.6 60.6 11.4
    endloop
  endfacet
  facet normal 0 1 -0
    outer loop
      vertex -60.6 60.6 0
      vertex -69.4 60.6 11.4
      vertex -60.6 60.6 11.4
    endloop
  endfacet
  facet normal 0 1 0
    outer loop
      vertex -69.4 60.6 11.4
      vertex -60.6 60.6 0
      vertex -69.4 60.6 0
    endloop
  endfacet
  facet normal 1 -0 0
    outer loop
      vertex -59.4 60.6 11.4
      vertex -59.4 69.4 0
      vertex -59.4 69.4 11.4
    endloop
  endfacet
  facet normal 1 0 0
    outer loop
      vertex -59.4 69.4 0
      vertex -59.4 60.6 11.4
      vertex -59.4 60.6 0
    endloop
  endfacet
  facet normal 0 -1 0
    outer loop
      vertex -59.4 69.4 0
      vertex -50.6 69.4 11.4
      vertex -59.4 69.4 11.4
    endloop
  endfacet
  facet normal 0 -1 -0
    outer loop
      vertex -50.6 69.4 11.4
      vertex -59.4 69.4 0
      vertex -50.6 69.4 0
    endloop
  endfacet
  facet normal -1 0 0
    outer loop
      vertex -50.6 60.6 0
      vertex -50.6 69.4 11.4
      vertex -50.6 69.4 0
    endloop
  endfacet
  facet normal -1 -0 0
    outer loop
      vertex -50.6 69.4 11.4
      vertex -50.6 60.6 0
      vertex -50.6 60.6 11.4
    endloop
  endfacet
  facet normal 0 1 -0
    outer loop
      vertex -50.6 60.6 0
      vertex -59.4 60.6 11.4
      vertex -50.6 60.6 11.4
    endloop
  endfacet
  facet normal 0 1 0
    outer loop
      vertex -59.4 60.6 11.4
      vertex -50.6 60.6 0
      vertex -59.4 60.6 0
    endloop
  endfacet
  facet normal 1 -0 0
    outer loop
      vertex -49.4 60.6 11.4
      vertex -49.4 69.4 0
      vertex -49.4 69.4 11.4
    endloop
  endfacet
  facet normal 1 0 0
    outer loop
      vertex -49.4 69.4 0
      vertex -49.4 60.6 11.4
      vertex -49.4 60.6 0
    endloop
  endfacet
  facet normal 0 -1 0
    outer loop
      vertex -49.4 69.4 0
      vertex -40.6 69.4 11.4
      vertex -49.4 69.4 11.4
    endloop
  endfacet
  facet normal 0 -1 -0
    outer loop
      vertex -40.6 69.4 11.4
      vertex -49.4 69.4 0
      vertex -40.6 69.4 0
    endloop
  endfacet
  facet normal -1 0 0
    outer loop
      vertex -40.6 60.6 0
      vertex -40.6 69.4 11.4
      vertex -40.6 69.4 0
    endloop
  endfacet
  facet normal -1 -0 0
    outer loop
      vertex -40.6 69.4 11.4
      vertex -40.6 60.6 0
      vertex -40.6 60.6 11.4
    endloop
  endfacet
  facet normal 0 1 -0
    outer loop
      vertex -40.6 60.6 0
      vertex -49.4 60.6 11.4
      vertex -40.6 60.6 11.4
    endloop
  endfacet
  facet normal 0 1 0
    outer loop
      vertex -49.4 60.6 11.4
      vertex -40.6 60.6 0
      vertex -49.4 60.6 0
    endloop
  endfacet
  facet normal 1 -0 0
    outer loop
      vertex -39.4 60.6 11.4
      vertex -39.4 69.4 0
      vertex -39.4 69.4 11.4
    endloop
  endfacet
  facet normal 1 0 0
    outer loop
      vertex -39.4 69.4 0
      vertex -39.4 60.6 11.4
      vertex -39.4 60.6 0
    endloop
  endfacet
  facet normal 0 -1 0
    outer loop
      vertex -39.4 69.4 0
      vertex -30.6 69.4 11.4
      vertex -39.4 69.4 11.4
    endloop
  endfacet
  facet normal 0 -1 -0
    outer loop
      vertex -30.6 69.4 11.4
      vertex -39.4 69.4 0
      vertex -30.6 69.4 0
    endloop
  endfacet
  facet normal -1 0 0
    outer loop
      vertex -30.6 60.6 0
      vertex -30.6 69.4 11.4
      vertex -30.6 69.4 0
    endloop
  endfacet
  facet normal -1 -0 0
    outer loop
      vertex -30.6 69.4 11.4
      vertex -30.6 60.6 0
      vertex -30.6 60.6 11.4
    endloop
  endfacet
  facet normal 0 1 -0
    outer loop
      vertex -30.6 60.6 0
      vertex -39.4 60.6 11.4
      vertex -30.6 60.6 11.4
    endloop
  endfacet
  facet normal 0 1 0
    outer loop
      vertex -39.4 60.6 11.4
      vertex -30.6 60.6 0
      vertex -39.4 60.6 0
    endloop
  endfacet
  facet normal 1 -0 0
    outer loop
      vertex -29.4 60.6 11.4
      vertex -29.4 69.4 0
      vertex -29.4 69.4 11.4
    endloop
  endfacet
  facet normal 1 0 0
    outer loop
      vertex -29.4 69.4 0
      vertex -29.4 60.6 11.4
      vertex -29.4 60.6 0
    endloop
  endfacet
  facet normal 0 -1 0
    outer loop
      vertex -29.4 69.4 0
      vertex -20.6 69.4 11.4
      vertex -29.4 69.4 11.4
    endloop
  endfacet
  facet normal 0 -1 -0
    outer loop
      vertex -20.6 69.4 11.4
      vertex -29.4 69.4 0
      vertex -20.6 69.4 0
    endloop
  endfacet
  facet normal -1 0 0
    outer loop
      vertex -20.6 60.6 0
      vertex -20.6 69.4 11.4
      vertex -20.6 69.4 0
    endloop
  endfacet
  facet normal -1 -0 0
    outer loop
      vertex -20.6 69.4 11.4
      vertex -20.6 60.6 0
      vertex -20.6 60.6 11.4
    endloop
  endfacet
  facet normal 0 1 -0
    outer loop
      vertex -20.6 60.6 0
      vertex -29.4 60.6 11.4
      vertex -20.6 60.6 11.4
    endloop
  endfacet
  facet normal 0 1 0
    outer loop
      vertex -29.4 60.6 11.4
      vertex -20.6 60.6 0
      vertex -29.4 60.6 0
    endloop
  endfacet
  facet normal 1 -0 0
    outer loop
      vertex 0.599991 60.6 11.4
      vertex 0.599991 69.4 0
      vertex 0.599991 69.4 11.4
    endloop
  endfacet
  facet normal 1 0 0
    outer loop
      vertex 0.599991 69.4 0
      vertex 0.599991 60.6 11.4
      vertex 0.599991 60.6 0
    endloop
  endfacet
  facet normal 0 -1 0
    outer loop
      vertex 0.599991 69.4 0
      vertex 9.39999 69.4 11.4
      vertex 0.599991 69.4 11.4
    endloop
  endfacet
  facet normal 0 -1 -0
    outer loop
      vertex 9.39999 69.4 11.4
      vertex 0.599991 69.4 0
      vertex 9.39999 69.4 0
    endloop
  endfacet
  facet normal -1 0 0
    outer loop
      vertex 9.39999 60.6 0
      vertex 9.39999 69.4 11.4
      vertex 9.39999 69.4 0
    endloop
  endfacet
  facet normal -1 -0 0
    outer loop
      vertex 9.39999 69.4 11.4
      vertex 9.39999 60.6 0
      vertex 9.39999 60.6 11.4
    endloop
  endfacet
  facet normal 0 1 -0
    outer loop
      vertex 9.39999 60.6 0
      vertex 0.599991 60.6 11.4
      vertex 9.39999 60.6 11.4
    endloop
  endfacet
  facet normal 0 1 0
    outer loop
      vertex 0.599991 60.6 11.4
      vertex 9.39999 60.6 0
      vertex 0.599991 60.6 0
    endloop
  endfacet
  facet normal 1 -0 0
    outer loop
      vertex 70.6 60.6 11.4
      vertex 70.6 69.4 0
      vertex 70.6 69.4 11.4
    endloop
  endfacet
  facet normal 1 0 0
    outer loop
      vertex 70.6 69.4 0
      vertex 70.6 60.6 11.4
      vertex 70.6 60.6 0
    endloop
  endfacet
  facet normal 0 -1 0
    outer loop
      vertex 70.6 69.4 0
      vertex 78.9 69.4 11.4
      vertex 70.6 69.4 11.4
    endloop
  endfacet
  facet normal 0 -1 -0
    outer loop
      vertex 78.9 69.4 11.4
      vertex 70.6 69.4 0
      vertex 78.9 69.4 0
    endloop
  endfacet
  facet normal -1 0 0
    outer loop
      vertex 78.9 60.6 0
      vertex 78.9 69.4 11.4
      vertex 78.9 69.4 0
    endloop
  endfacet
  facet normal -1 -0 0
    outer loop
      vertex 78.9 69.4 11.4
      vertex 78.9 60.6 0
      vertex 78.9 60.6 11.4
    endloop
  endfacet
  facet normal 0 1 -0
    outer loop
      vertex 78.9 60.6 0
      vertex 70.6 60.6 11.4
      vertex 78.9 60.6 11.4
    endloop
  endfacet
  facet normal 0 1 0
    outer loop
      vertex 70.6 60.6 11.4
      vertex 78.9 60.6 0
      vertex 70.6 60.6 0
    endloop
  endfacet
  facet normal 1 -0 0
    outer loop
      vertex 60.6 60.6 11.4
      vertex 60.6 69.4 0
      vertex 60.6 69.4 11.4
    endloop
  endfacet
  facet normal 1 0 0
    outer loop
      vertex 60.6 69.4 0
      vertex 60.6 60.6 11.4
      vertex 60.6 60.6 0
    endloop
  endfacet
  facet normal 0 -1 0
    outer loop
      vertex 60.6 69.4 0
      vertex 69.4 69.4 11.4
      vertex 60.6 69.4 11.4
    endloop
  endfacet
  facet normal 0 -1 -0
    outer loop
      vertex 69.4 69.4 11.4
      vertex 60.6 69.4 0
      vertex 69.4 69.4 0
    endloop
  endfacet
  facet normal -1 0 0
    outer loop
      vertex 69.4 60.6 0
      vertex 69.4 69.4 11.4
      vertex 69.4 69.4 0
    endloop
  endfacet
  facet normal -1 -0 0
    outer loop
      vertex 69.4 69.4 11.4
      vertex 69.4 60.6 0
      vertex 69.4 60.6 11.4
    endloop
  endfacet
  facet normal 0 1 -0
    outer loop
      vertex 69.4 60.6 0
      vertex 60.6 60.6 11.4
      vertex 69.4 60.6 11.4
    endloop
  endfacet
  facet normal 0 1 0
    outer loop
      vertex 60.6 60.6 11.4
      vertex 69.4 60.6 0
      vertex 60.6 60.6 0
    endloop
  endfacet
  facet normal 1 -0 0
    outer loop
      vertex 50.6 60.6 11.4
      vertex 50.6 69.4 0
      vertex 50.6 69.4 11.4
    endloop
  endfacet
  facet normal 1 0 0
    outer loop
      vertex 50.6 69.4 0
      vertex 50.6 60.6 11.4
      vertex 50.6 60.6 0
    endloop
  endfacet
  facet normal 0 -1 0
    outer loop
      vertex 50.6 69.4 0
      vertex 59.4 69.4 11.4
      vertex 50.6 69.4 11.4
    endloop
  endfacet
  facet normal 0 -1 -0
    outer loop
      vertex 59.4 69.4 11.4
      vertex 50.6 69.4 0
      vertex 59.4 69.4 0
    endloop
  endfacet
  facet normal -1 0 0
    outer loop
      vertex 59.4 60.6 0
      vertex 59.4 69.4 11.4
      vertex 59.4 69.4 0
    endloop
  endfacet
  facet normal -1 -0 0
    outer loop
      vertex 59.4 69.4 11.4
      vertex 59.4 60.6 0
      vertex 59.4 60.6 11.4
    endloop
  endfacet
  facet normal 0 1 -0
    outer loop
      vertex 59.4 60.6 0
      vertex 50.6 60.6 11.4
      vertex 59.4 60.6 11.4
    endloop
  endfacet
  facet normal 0 1 0
    outer loop
      vertex 50.6 60.6 11.4
      vertex 59.4 60.6 0
      vertex 50.6 60.6 0
    endloop
  endfacet
  facet normal 1 -0 0
    outer loop
      vertex 30.6 60.6 11.4
      vertex 30.6 69.4 0
      vertex 30.6 69.4 11.4
    endloop
  endfacet
  facet normal 1 0 0
    outer loop
      vertex 30.6 69.4 0
      vertex 30.6 60.6 11.4
      vertex 30.6 60.6 0
    endloop
  endfacet
  facet normal 0 -1 0
    outer loop
      vertex 30.6 69.4 0
      vertex 39.4 69.4 11.4
      vertex 30.6 69.4 11.4
    endloop
  endfacet
  facet normal 0 -1 -0
    outer loop
      vertex 39.4 69.4 11.4
      vertex 30.6 69.4 0
      vertex 39.4 69.4 0
    endloop
  endfacet
  facet normal -1 0 0
    outer loop
      vertex 39.4 60.6 0
      vertex 39.4 69.4 11.4
      vertex 39.4 69.4 0
    endloop
  endfacet
  facet normal -1 -0 0
    outer loop
      vertex 39.4 69.4 11.4
      vertex 39.4 60.6 0
      vertex 39.4 60.6 11.4
    endloop
  endfacet
  facet normal 0 1 -0
    outer loop
      vertex 39.4 60.6 0
      vertex 30.6 60.6 11.4
      vertex 39.4 60.6 11.4
    endloop
  endfacet
  facet normal 0 1 0
    outer loop
      vertex 30.6 60.6 11.4
      vertex 39.4 60.6 0
      vertex 30.6 60.6 0
    endloop
  endfacet
  facet normal 1 -0 0
    outer loop
      vertex -19.4 60.6 11.4
      vertex -19.4 69.4 0
      vertex -19.4 69.4 11.4
    endloop
  endfacet
  facet normal 1 0 0
    outer loop
      vertex -19.4 69.4 0
      vertex -19.4 60.6 11.4
      vertex -19.4 60.6 0
    endloop
  endfacet
  facet normal 0 -1 0
    outer loop
      vertex -19.4 69.4 0
      vertex -10.6 69.4 11.4
      vertex -19.4 69.4 11.4
    endloop
  endfacet
  facet normal 0 -1 -0
    outer loop
      vertex -10.6 69.4 11.4
      vertex -19.4 69.4 0
      vertex -10.6 69.4 0
    endloop
  endfacet
  facet normal -1 0 0
    outer loop
      vertex -10.6 60.6 0
      vertex -10.6 69.4 11.4
      vertex -10.6 69.4 0
    endloop
  endfacet
  facet normal -1 -0 0
    outer loop
      vertex -10.6 69.4 11.4
      vertex -10.6 60.6 0
      vertex -10.6 60.6 11.4
    endloop
  endfacet
  facet normal 0 1 -0
    outer loop
      vertex -10.6 60.6 0
      vertex -19.4 60.6 11.4
      vertex -10.6 60.6 11.4
    endloop
  endfacet
  facet normal 0 1 0
    outer loop
      vertex -19.4 60.6 11.4
      vertex -10.6 60.6 0
      vertex -19.4 60.6 0
    endloop
  endfacet
  facet normal 1 -0 0
    outer loop
      vertex 10.6 60.6 11.4
      vertex 10.6 69.4 0
      vertex 10.6 69.4 11.4
    endloop
  endfacet
  facet normal 1 0 0
    outer loop
      vertex 10.6 69.4 0
      vertex 10.6 60.6 11.4
      vertex 10.6 60.6 0
    endloop
  endfacet
  facet normal 0 -1 0
    outer loop
      vertex 10.6 69.4 0
      vertex 19.4 69.4 11.4
      vertex 10.6 69.4 11.4
    endloop
  endfacet
  facet normal 0 -1 -0
    outer loop
      vertex 19.4 69.4 11.4
      vertex 10.6 69.4 0
      vertex 19.4 69.4 0
    endloop
  endfacet
  facet normal -1 0 0
    outer loop
      vertex 19.4 60.6 0
      vertex 19.4 69.4 11.4
      vertex 19.4 69.4 0
    endloop
  endfacet
  facet normal -1 -0 0
    outer loop
      vertex 19.4 69.4 11.4
      vertex 19.4 60.6 0
      vertex 19.4 60.6 11.4
    endloop
  endfacet
  facet normal 0 1 -0
    outer loop
      vertex 19.4 60.6 0
      vertex 10.6 60.6 11.4
      vertex 19.4 60.6 11.4
    endloop
  endfacet
  facet normal 0 1 0
    outer loop
      vertex 10.6 60.6 11.4
      vertex 19.4 60.6 0
      vertex 10.6 60.6 0
    endloop
  endfacet
  facet normal 1 -0 0
    outer loop
      vertex 40.6 60.6 11.4
      vertex 40.6 69.4 0
      vertex 40.6 69.4 11.4
    endloop
  endfacet
  facet normal 1 0 0
    outer loop
      vertex 40.6 69.4 0
      vertex 40.6 60.6 11.4
      vertex 40.6 60.6 0
    endloop
  endfacet
  facet normal 0 -1 0
    outer loop
      vertex 40.6 69.4 0
      vertex 49.4 69.4 11.4
      vertex 40.6 69.4 11.4
    endloop
  endfacet
  facet normal 0 -1 -0
    outer loop
      vertex 49.4 69.4 11.4
      vertex 40.6 69.4 0
      vertex 49.4 69.4 0
    endloop
  endfacet
  facet normal -1 0 0
    outer loop
      vertex 49.4 60.6 0
      vertex 49.4 69.4 11.4
      vertex 49.4 69.4 0
    endloop
  endfacet
  facet normal -1 -0 0
    outer loop
      vertex 49.4 69.4 11.4
      vertex 49.4 60.6 0
      vertex 49.4 60.6 11.4
    endloop
  endfacet
  facet normal 0 1 -0
    outer loop
      vertex 49.4 60.6 0
      vertex 40.6 60.6 11.4
      vertex 49.4 60.6 11.4
    endloop
  endfacet
  facet normal 0 1 0
    outer loop
      vertex 40.6 60.6 11.4
      vertex 49.4 60.6 0
      vertex 40.6 60.6 0
    endloop
  endfacet
  facet normal 1 -0 0
    outer loop
      vertex 0.599991 50.6 11.4
      vertex 0.599991 59.4 0
      vertex 0.599991 59.4 11.4
    endloop
  endfacet
  facet normal 1 0 0
    outer loop
      vertex 0.599991 59.4 0
      vertex 0.599991 50.6 11.4
      vertex 0.599991 50.6 0
    endloop
  endfacet
  facet normal 0 -1 0
    outer loop
      vertex 0.599991 59.4 0
      vertex 9.39999 59.4 11.4
      vertex 0.599991 59.4 11.4
    endloop
  endfacet
  facet normal 0 -1 -0
    outer loop
      vertex 9.39999 59.4 11.4
      vertex 0.599991 59.4 0
      vertex 9.39999 59.4 0
    endloop
  endfacet
  facet normal -1 0 0
    outer loop
      vertex 9.39999 50.6 0
      vertex 9.39999 59.4 11.4
      vertex 9.39999 59.4 0
    endloop
  endfacet
  facet normal -1 -0 0
    outer loop
      vertex 9.39999 59.4 11.4
      vertex 9.39999 50.6 0
      vertex 9.39999 50.6 11.4
    endloop
  endfacet
  facet normal 0 1 -0
    outer loop
      vertex 9.39999 50.6 0
      vertex 0.599991 50.6 11.4
      vertex 9.39999 50.6 11.4
    endloop
  endfacet
  facet normal 0 1 0
    outer loop
      vertex 0.599991 50.6 11.4
      vertex 9.39999 50.6 0
      vertex 0.599991 50.6 0
    endloop
  endfacet
  facet normal 1 -0 0
    outer loop
      vertex -78.9 50.6 11.4
      vertex -78.9 59.4 0
      vertex -78.9 59.4 11.4
    endloop
  endfacet
  facet normal 1 0 0
    outer loop
      vertex -78.9 59.4 0
      vertex -78.9 50.6 11.4
      vertex -78.9 50.6 0
    endloop
  endfacet
  facet normal 0 -1 0
    outer loop
      vertex -78.9 59.4 0
      vertex -70.6 59.4 11.4
      vertex -78.9 59.4 11.4
    endloop
  endfacet
  facet normal 0 -1 -0
    outer loop
      vertex -70.6 59.4 11.4
      vertex -78.9 59.4 0
      vertex -70.6 59.4 0
    endloop
  endfacet
  facet normal -1 0 0
    outer loop
      vertex -70.6 50.6 0
      vertex -70.6 59.4 11.4
      vertex -70.6 59.4 0
    endloop
  endfacet
  facet normal -1 -0 0
    outer loop
      vertex -70.6 59.4 11.4
      vertex -70.6 50.6 0
      vertex -70.6 50.6 11.4
    endloop
  endfacet
  facet normal 0 1 -0
    outer loop
      vertex -70.6 50.6 0
      vertex -78.9 50.6 11.4
      vertex -70.6 50.6 11.4
    endloop
  endfacet
  facet normal 0 1 0
    outer loop
      vertex -78.9 50.6 11.4
      vertex -70.6 50.6 0
      vertex -78.9 50.6 0
    endloop
  endfacet
  facet normal 1 -0 0
    outer loop
      vertex -69.4 50.6 11.4
      vertex -69.4 59.4 0
      vertex -69.4 59.4 11.4
    endloop
  endfacet
  facet normal 1 0 0
    outer loop
      vertex -69.4 59.4 0
      vertex -69.4 50.6 11.4
      vertex -69.4 50.6 0
    endloop
  endfacet
  facet normal 0 -1 0
    outer loop
      vertex -69.4 59.4 0
      vertex -60.6 59.4 11.4
      vertex -69.4 59.4 11.4
    endloop
  endfacet
  facet normal 0 -1 -0
    outer loop
      vertex -60.6 59.4 11.4
      vertex -69.4 59.4 0
      vertex -60.6 59.4 0
    endloop
  endfacet
  facet normal -1 0 0
    outer loop
      vertex -60.6 50.6 0
      vertex -60.6 59.4 11.4
      vertex -60.6 59.4 0
    endloop
  endfacet
  facet normal -1 -0 0
    outer loop
      vertex -60.6 59.4 11.4
      vertex -60.6 50.6 0
      vertex -60.6 50.6 11.4
    endloop
  endfacet
  facet normal 0 1 -0
    outer loop
      vertex -60.6 50.6 0
      vertex -69.4 50.6 11.4
      vertex -60.6 50.6 11.4
    endloop
  endfacet
  facet normal 0 1 0
    outer loop
      vertex -69.4 50.6 11.4
      vertex -60.6 50.6 0
      vertex -69.4 50.6 0
    endloop
  endfacet
  facet normal 1 -0 0
    outer loop
      vertex -59.4 50.6 11.4
      vertex -59.4 59.4 0
      vertex -59.4 59.4 11.4
    endloop
  endfacet
  facet normal 1 0 0
    outer loop
      vertex -59.4 59.4 0
      vertex -59.4 50.6 11.4
      vertex -59.4 50.6 0
    endloop
  endfacet
  facet normal 0 -1 0
    outer loop
      vertex -59.4 59.4 0
      vertex -50.6 59.4 11.4
      vertex -59.4 59.4 11.4
    endloop
  endfacet
  facet normal 0 -1 -0
    outer loop
      vertex -50.6 59.4 11.4
      vertex -59.4 59.4 0
      vertex -50.6 59.4 0
    endloop
  endfacet
  facet normal -1 0 0
    outer loop
      vertex -50.6 50.6 0
      vertex -50.6 59.4 11.4
      vertex -50.6 59.4 0
    endloop
  endfacet
  facet normal -1 -0 0
    outer loop
      vertex -50.6 59.4 11.4
      vertex -50.6 50.6 0
      vertex -50.6 50.6 11.4
    endloop
  endfacet
  facet normal 0 1 -0
    outer loop
      vertex -50.6 50.6 0
      vertex -59.4 50.6 11.4
      vertex -50.6 50.6 11.4
    endloop
  endfacet
  facet normal 0 1 0
    outer loop
      vertex -59.4 50.6 11.4
      vertex -50.6 50.6 0
      vertex -59.4 50.6 0
    endloop
  endfacet
  facet normal 1 -0 0
    outer loop
      vertex -49.4 50.6 11.4
      vertex -49.4 59.4 0
      vertex -49.4 59.4 11.4
    endloop
  endfacet
  facet normal 1 0 0
    outer loop
      vertex -49.4 59.4 0
      vertex -49.4 50.6 11.4
      vertex -49.4 50.6 0
    endloop
  endfacet
  facet normal 0 -1 0
    outer loop
      vertex -49.4 59.4 0
      vertex -40.6 59.4 11.4
      vertex -49.4 59.4 11.4
    endloop
  endfacet
  facet normal 0 -1 -0
    outer loop
      vertex -40.6 59.4 11.4
      vertex -49.4 59.4 0
      vertex -40.6 59.4 0
    endloop
  endfacet
  facet normal -1 0 0
    outer loop
      vertex -40.6 50.6 0
      vertex -40.6 59.4 11.4
      vertex -40.6 59.4 0
    endloop
  endfacet
  facet normal -1 -0 0
    outer loop
      vertex -40.6 59.4 11.4
      vertex -40.6 50.6 0
      vertex -40.6 50.6 11.4
    endloop
  endfacet
  facet normal 0 1 -0
    outer loop
      vertex -40.6 50.6 0
      vertex -49.4 50.6 11.4
      vertex -40.6 50.6 11.4
    endloop
  endfacet
  facet normal 0 1 0
    outer loop
      vertex -49.4 50.6 11.4
      vertex -40.6 50.6 0
      vertex -49.4 50.6 0
    endloop
  endfacet
  facet normal 1 -0 0
    outer loop
      vertex -39.4 50.6 11.4
      vertex -39.4 59.4 0
      vertex -39.4 59.4 11.4
    endloop
  endfacet
  facet normal 1 0 0
    outer loop
      vertex -39.4 59.4 0
      vertex -39.4 50.6 11.4
      vertex -39.4 50.6 0
    endloop
  endfacet
  facet normal 0 -1 0
    outer loop
      vertex -39.4 59.4 0
      vertex -30.6 59.4 11.4
      vertex -39.4 59.4 11.4
    endloop
  endfacet
  facet normal 0 -1 -0
    outer loop
      vertex -30.6 59.4 11.4
      vertex -39.4 59.4 0
      vertex -30.6 59.4 0
    endloop
  endfacet
  facet normal -1 0 0
    outer loop
      vertex -30.6 50.6 0
      vertex -30.6 59.4 11.4
      vertex -30.6 59.4 0
    endloop
  endfacet
  facet normal -1 -0 0
    outer loop
      vertex -30.6 59.4 11.4
      vertex -30.6 50.6 0
      vertex -30.6 50.6 11.4
    endloop
  endfacet
  facet normal 0 1 -0
    outer loop
      vertex -30.6 50.6 0
      vertex -39.4 50.6 11.4
      vertex -30.6 50.6 11.4
    endloop
  endfacet
  facet normal 0 1 0
    outer loop
      vertex -39.4 50.6 11.4
      vertex -30.6 50.6 0
      vertex -39.4 50.6 0
    endloop
  endfacet
  facet normal 1 -0 0
    outer loop
      vertex -29.4 50.6 11.4
      vertex -29.4 59.4 0
      vertex -29.4 59.4 11.4
    endloop
  endfacet
  facet normal 1 0 0
    outer loop
      vertex -29.4 59.4 0
      vertex -29.4 50.6 11.4
      vertex -29.4 50.6 0
    endloop
  endfacet
  facet normal 0 -1 0
    outer loop
      vertex -29.4 59.4 0
      vertex -20.6 59.4 11.4
      vertex -29.4 59.4 11.4
    endloop
  endfacet
  facet normal 0 -1 -0
    outer loop
      vertex -20.6 59.4 11.4
      vertex -29.4 59.4 0
      vertex -20.6 59.4 0
    endloop
  endfacet
  facet normal -1 0 0
    outer loop
      vertex -20.6 50.6 0
      vertex -20.6 59.4 11.4
      vertex -20.6 59.4 0
    endloop
  endfacet
  facet normal -1 -0 0
    outer loop
      vertex -20.6 59.4 11.4
      vertex -20.6 50.6 0
      vertex -20.6 50.6 11.4
    endloop
  endfacet
  facet normal 0 1 -0
    outer loop
      vertex -20.6 50.6 0
      vertex -29.4 50.6 11.4
      vertex -20.6 50.6 11.4
    endloop
  endfacet
  facet normal 0 1 0
    outer loop
      vertex -29.4 50.6 11.4
      vertex -20.6 50.6 0
      vertex -29.4 50.6 0
    endloop
  endfacet
  facet normal 1 -0 0
    outer loop
      vertex -19.4 50.6 11.4
      vertex -19.4 59.4 0
      vertex -19.4 59.4 11.4
    endloop
  endfacet
  facet normal 1 0 0
    outer loop
      vertex -19.4 59.4 0
      vertex -19.4 50.6 11.4
      vertex -19.4 50.6 0
    endloop
  endfacet
  facet normal 0 -1 0
    outer loop
      vertex -19.4 59.4 0
      vertex -10.6 59.4 11.4
      vertex -19.4 59.4 11.4
    endloop
  endfacet
  facet normal 0 -1 -0
    outer loop
      vertex -10.6 59.4 11.4
      vertex -19.4 59.4 0
      vertex -10.6 59.4 0
    endloop
  endfacet
  facet normal -1 0 0
    outer loop
      vertex -10.6 50.6 0
      vertex -10.6 59.4 11.4
      vertex -10.6 59.4 0
    endloop
  endfacet
  facet normal -1 -0 0
    outer loop
      vertex -10.6 59.4 11.4
      vertex -10.6 50.6 0
      vertex -10.6 50.6 11.4
    endloop
  endfacet
  facet normal 0 1 -0
    outer loop
      vertex -10.6 50.6 0
      vertex -19.4 50.6 11.4
      vertex -10.6 50.6 11.4
    endloop
  endfacet
  facet normal 0 1 0
    outer loop
      vertex -19.4 50.6 11.4
      vertex -10.6 50.6 0
      vertex -19.4 50.6 0
    endloop
  endfacet
  facet normal 1 -0 0
    outer loop
      vertex 10.6 50.6 11.4
      vertex 10.6 59.4 0
      vertex 10.6 59.4 11.4
    endloop
  endfacet
  facet normal 1 0 0
    outer loop
      vertex 10.6 59.4 0
      vertex 10.6 50.6 11.4
      vertex 10.6 50.6 0
    endloop
  endfacet
  facet normal 0 -1 0
    outer loop
      vertex 10.6 59.4 0
      vertex 19.4 59.4 11.4
      vertex 10.6 59.4 11.4
    endloop
  endfacet
  facet normal 0 -1 -0
    outer loop
      vertex 19.4 59.4 11.4
      vertex 10.6 59.4 0
      vertex 19.4 59.4 0
    endloop
  endfacet
  facet normal -1 0 0
    outer loop
      vertex 19.4 50.6 0
      vertex 19.4 59.4 11.4
      vertex 19.4 59.4 0
    endloop
  endfacet
  facet normal -1 -0 0
    outer loop
      vertex 19.4 59.4 11.4
      vertex 19.4 50.6 0
      vertex 19.4 50.6 11.4
    endloop
  endfacet
  facet normal 0 1 -0
    outer loop
      vertex 19.4 50.6 0
      vertex 10.6 50.6 11.4
      vertex 19.4 50.6 11.4
    endloop
  endfacet
  facet normal 0 1 0
    outer loop
      vertex 10.6 50.6 11.4
      vertex 19.4 50.6 0
      vertex 10.6 50.6 0
    endloop
  endfacet
  facet normal 1 -0 0
    outer loop
      vertex 70.6 50.6 11.4
      vertex 70.6 59.4 0
      vertex 70.6 59.4 11.4
    endloop
  endfacet
  facet normal 1 0 0
    outer loop
      vertex 70.6 59.4 0
      vertex 70.6 50.6 11.4
      vertex 70.6 50.6 0
    endloop
  endfacet
  facet normal 0 -1 0
    outer loop
      vertex 70.6 59.4 0
      vertex 78.9 59.4 11.4
      vertex 70.6 59.4 11.4
    endloop
  endfacet
  facet normal 0 -1 -0
    outer loop
      vertex 78.9 59.4 11.4
      vertex 70.6 59.4 0
      vertex 78.9 59.4 0
    endloop
  endfacet
  facet normal -1 0 0
    outer loop
      vertex 78.9 50.6 0
      vertex 78.9 59.4 11.4
      vertex 78.9 59.4 0
    endloop
  endfacet
  facet normal -1 -0 0
    outer loop
      vertex 78.9 59.4 11.4
      vertex 78.9 50.6 0
      vertex 78.9 50.6 11.4
    endloop
  endfacet
  facet normal 0 1 -0
    outer loop
      vertex 78.9 50.6 0
      vertex 70.6 50.6 11.4
      vertex 78.9 50.6 11.4
    endloop
  endfacet
  facet normal 0 1 0
    outer loop
      vertex 70.6 50.6 11.4
      vertex 78.9 50.6 0
      vertex 70.6 50.6 0
    endloop
  endfacet
  facet normal 1 -0 0
    outer loop
      vertex 60.6 50.6 11.4
      vertex 60.6 59.4 0
      vertex 60.6 59.4 11.4
    endloop
  endfacet
  facet normal 1 0 0
    outer loop
      vertex 60.6 59.4 0
      vertex 60.6 50.6 11.4
      vertex 60.6 50.6 0
    endloop
  endfacet
  facet normal 0 -1 0
    outer loop
      vertex 60.6 59.4 0
      vertex 69.4 59.4 11.4
      vertex 60.6 59.4 11.4
    endloop
  endfacet
  facet normal 0 -1 -0
    outer loop
      vertex 69.4 59.4 11.4
      vertex 60.6 59.4 0
      vertex 69.4 59.4 0
    endloop
  endfacet
  facet normal -1 0 0
    outer loop
      vertex 69.4 50.6 0
      vertex 69.4 59.4 11.4
      vertex 69.4 59.4 0
    endloop
  endfacet
  facet normal -1 -0 0
    outer loop
      vertex 69.4 59.4 11.4
      vertex 69.4 50.6 0
      vertex 69.4 50.6 11.4
    endloop
  endfacet
  facet normal 0 1 -0
    outer loop
      vertex 69.4 50.6 0
      vertex 60.6 50.6 11.4
      vertex 69.4 50.6 11.4
    endloop
  endfacet
  facet normal 0 1 0
    outer loop
      vertex 60.6 50.6 11.4
      vertex 69.4 50.6 0
      vertex 60.6 50.6 0
    endloop
  endfacet
  facet normal 1 -0 0
    outer loop
      vertex 50.6 50.6 11.4
      vertex 50.6 59.4 0
      vertex 50.6 59.4 11.4
    endloop
  endfacet
  facet normal 1 0 0
    outer loop
      vertex 50.6 59.4 0
      vertex 50.6 50.6 11.4
      vertex 50.6 50.6 0
    endloop
  endfacet
  facet normal 0 -1 0
    outer loop
      vertex 50.6 59.4 0
      vertex 59.4 59.4 11.4
      vertex 50.6 59.4 11.4
    endloop
  endfacet
  facet normal 0 -1 -0
    outer loop
      vertex 59.4 59.4 11.4
      vertex 50.6 59.4 0
      vertex 59.4 59.4 0
    endloop
  endfacet
  facet normal -1 0 0
    outer loop
      vertex 59.4 50.6 0
      vertex 59.4 59.4 11.4
      vertex 59.4 59.4 0
    endloop
  endfacet
  facet normal -1 -0 0
    outer loop
      vertex 59.4 59.4 11.4
      vertex 59.4 50.6 0
      vertex 59.4 50.6 11.4
    endloop
  endfacet
  facet normal 0 1 -0
    outer loop
      vertex 59.4 50.6 0
      vertex 50.6 50.6 11.4
      vertex 59.4 50.6 11.4
    endloop
  endfacet
  facet normal 0 1 0
    outer loop
      vertex 50.6 50.6 11.4
      vertex 59.4 50.6 0
      vertex 50.6 50.6 0
    endloop
  endfacet
  facet normal 1 -0 0
    outer loop
      vertex 30.6 50.6 11.4
      vertex 30.6 59.4 0
      vertex 30.6 59.4 11.4
    endloop
  endfacet
  facet normal 1 0 0
    outer loop
      vertex 30.6 59.4 0
      vertex 30.6 50.6 11.4
      vertex 30.6 50.6 0
    endloop
  endfacet
  facet normal 0 -1 0
    outer loop
      vertex 30.6 59.4 0
      vertex 39.4 59.4 11.4
      vertex 30.6 59.4 11.4
    endloop
  endfacet
  facet normal 0 -1 -0
    outer loop
      vertex 39.4 59.4 11.4
      vertex 30.6 59.4 0
      vertex 39.4 59.4 0
    endloop
  endfacet
  facet normal -1 0 0
    outer loop
      vertex 39.4 50.6 0
      vertex 39.4 59.4 11.4
      vertex 39.4 59.4 0
    endloop
  endfacet
  facet normal -1 -0 0
    outer loop
      vertex 39.4 59.4 11.4
      vertex 39.4 50.6 0
      vertex 39.4 50.6 11.4
    endloop
  endfacet
  facet normal 0 1 -0
    outer loop
      vertex 39.4 50.6 0
      vertex 30.6 50.6 11.4
      vertex 39.4 50.6 11.4
    endloop
  endfacet
  facet normal 0 1 0
    outer loop
      vertex 30.6 50.6 11.4
      vertex 39.4 50.6 0
      vertex 30.6 50.6 0
    endloop
  endfacet
  facet normal 1 -0 0
    outer loop
      vertex -9.39999 50.6 11.4
      vertex -9.39999 59.4 0
      vertex -9.39999 59.4 11.4
    endloop
  endfacet
  facet normal 1 0 0
    outer loop
      vertex -9.39999 59.4 0
      vertex -9.39999 50.6 11.4
      vertex -9.39999 50.6 0
    endloop
  endfacet
  facet normal 0 -1 0
    outer loop
      vertex -9.39999 59.4 0
      vertex -0.599991 59.4 11.4
      vertex -9.39999 59.4 11.4
    endloop
  endfacet
  facet normal 0 -1 -0
    outer loop
      vertex -0.599991 59.4 11.4
      vertex -9.39999 59.4 0
      vertex -0.599991 59.4 0
    endloop
  endfacet
  facet normal -1 0 0
    outer loop
      vertex -0.599991 50.6 0
      vertex -0.599991 59.4 11.4
      vertex -0.599991 59.4 0
    endloop
  endfacet
  facet normal -1 -0 0
    outer loop
      vertex -0.599991 59.4 11.4
      vertex -0.599991 50.6 0
      vertex -0.599991 50.6 11.4
    endloop
  endfacet
  facet normal 0 1 -0
    outer loop
      vertex -0.599991 50.6 0
      vertex -9.39999 50.6 11.4
      vertex -0.599991 50.6 11.4
    endloop
  endfacet
  facet normal 0 1 0
    outer loop
      vertex -9.39999 50.6 11.4
      vertex -0.599991 50.6 0
      vertex -9.39999 50.6 0
    endloop
  endfacet
  facet normal 1 -0 0
    outer loop
      vertex 20.6 50.6 11.4
      vertex 20.6 59.4 0
      vertex 20.6 59.4 11.4
    endloop
  endfacet
  facet normal 1 0 0
    outer loop
      vertex 20.6 59.4 0
      vertex 20.6 50.6 11.4
      vertex 20.6 50.6 0
    endloop
  endfacet
  facet normal 0 -1 0
    outer loop
      vertex 20.6 59.4 0
      vertex 29.4 59.4 11.4
      vertex 20.6 59.4 11.4
    endloop
  endfacet
  facet normal 0 -1 -0
    outer loop
      vertex 29.4 59.4 11.4
      vertex 20.6 59.4 0
      vertex 29.4 59.4 0
    endloop
  endfacet
  facet normal -1 0 0
    outer loop
      vertex 29.4 50.6 0
      vertex 29.4 59.4 11.4
      vertex 29.4 59.4 0
    endloop
  endfacet
  facet normal -1 -0 0
    outer loop
      vertex 29.4 59.4 11.4
      vertex 29.4 50.6 0
      vertex 29.4 50.6 11.4
    endloop
  endfacet
  facet normal 0 1 -0
    outer loop
      vertex 29.4 50.6 0
      vertex 20.6 50.6 11.4
      vertex 29.4 50.6 11.4
    endloop
  endfacet
  facet normal 0 1 0
    outer loop
      vertex 20.6 50.6 11.4
      vertex 29.4 50.6 0
      vertex 20.6 50.6 0
    endloop
  endfacet
  facet normal 1 -0 0
    outer loop
      vertex 40.6 50.6 11.4
      vertex 40.6 59.4 0
      vertex 40.6 59.4 11.4
    endloop
  endfacet
  facet normal 1 0 0
    outer loop
      vertex 40.6 59.4 0
      vertex 40.6 50.6 11.4
      vertex 40.6 50.6 0
    endloop
  endfacet
  facet normal 0 -1 0
    outer loop
      vertex 40.6 59.4 0
      vertex 49.4 59.4 11.4
      vertex 40.6 59.4 11.4
    endloop
  endfacet
  facet normal 0 -1 -0
    outer loop
      vertex 49.4 59.4 11.4
      vertex 40.6 59.4 0
      vertex 49.4 59.4 0
    endloop
  endfacet
  facet normal -1 0 0
    outer loop
      vertex 49.4 50.6 0
      vertex 49.4 59.4 11.4
      vertex 49.4 59.4 0
    endloop
  endfacet
  facet normal -1 -0 0
    outer loop
      vertex 49.4 59.4 11.4
      vertex 49.4 50.6 0
      vertex 49.4 50.6 11.4
    endloop
  endfacet
  facet normal 0 1 -0
    outer loop
      vertex 49.4 50.6 0
      vertex 40.6 50.6 11.4
      vertex 49.4 50.6 11.4
    endloop
  endfacet
  facet normal 0 1 0
    outer loop
      vertex 40.6 50.6 11.4
      vertex 49.4 50.6 0
      vertex 40.6 50.6 0
    endloop
  endfacet
  facet normal 1 -0 0
    outer loop
      vertex 20.6 40.6 11.4
      vertex 20.6 49.4 0
      vertex 20.6 49.4 11.4
    endloop
  endfacet
  facet normal 1 0 0
    outer loop
      vertex 20.6 49.4 0
      vertex 20.6 40.6 11.4
      vertex 20.6 40.6 0
    endloop
  endfacet
  facet normal 0 -1 0
    outer loop
      vertex 20.6 49.4 0
      vertex 29.4 49.4 11.4
      vertex 20.6 49.4 11.4
    endloop
  endfacet
  facet normal 0 -1 -0
    outer loop
      vertex 29.4 49.4 11.4
      vertex 20.6 49.4 0
      vertex 29.4 49.4 0
    endloop
  endfacet
  facet normal -1 0 0
    outer loop
      vertex 29.4 40.6 0
      vertex 29.4 49.4 11.4
      vertex 29.4 49.4 0
    endloop
  endfacet
  facet normal -1 -0 0
    outer loop
      vertex 29.4 49.4 11.4
      vertex 29.4 40.6 0
      vertex 29.4 40.6 11.4
    endloop
  endfacet
  facet normal 0 1 -0
    outer loop
      vertex 29.4 40.6 0
      vertex 20.6 40.6 11.4
      vertex 29.4 40.6 11.4
    endloop
  endfacet
  facet normal 0 1 0
    outer loop
      vertex 20.6 40.6 11.4
      vertex 29.4 40.6 0
      vertex 20.6 40.6 0
    endloop
  endfacet
  facet normal 1 -0 0
    outer loop
      vertex -78.9 40.6 11.4
      vertex -78.9 49.4 0
      vertex -78.9 49.4 11.4
    endloop
  endfacet
  facet normal 1 0 0
    outer loop
      vertex -78.9 49.4 0
      vertex -78.9 40.6 11.4
      vertex -78.9 40.6 0
    endloop
  endfacet
  facet normal 0 -1 0
    outer loop
      vertex -78.9 49.4 0
      vertex -70.6 49.4 11.4
      vertex -78.9 49.4 11.4
    endloop
  endfacet
  facet normal 0 -1 -0
    outer loop
      vertex -70.6 49.4 11.4
      vertex -78.9 49.4 0
      vertex -70.6 49.4 0
    endloop
  endfacet
  facet normal -1 0 0
    outer loop
      vertex -70.6 40.6 0
      vertex -70.6 49.4 11.4
      vertex -70.6 49.4 0
    endloop
  endfacet
  facet normal -1 -0 0
    outer loop
      vertex -70.6 49.4 11.4
      vertex -70.6 40.6 0
      vertex -70.6 40.6 11.4
    endloop
  endfacet
  facet normal 0 1 -0
    outer loop
      vertex -70.6 40.6 0
      vertex -78.9 40.6 11.4
      vertex -70.6 40.6 11.4
    endloop
  endfacet
  facet normal 0 1 0
    outer loop
      vertex -78.9 40.6 11.4
      vertex -70.6 40.6 0
      vertex -78.9 40.6 0
    endloop
  endfacet
  facet normal 1 -0 0
    outer loop
      vertex -39.4 40.6 11.4
      vertex -39.4 49.4 0
      vertex -39.4 49.4 11.4
    endloop
  endfacet
  facet normal 1 0 0
    outer loop
      vertex -39.4 49.4 0
      vertex -39.4 40.6 11.4
      vertex -39.4 40.6 0
    endloop
  endfacet
  facet normal 0 -1 0
    outer loop
      vertex -39.4 49.4 0
      vertex -30.6 49.4 11.4
      vertex -39.4 49.4 11.4
    endloop
  endfacet
  facet normal 0 -1 -0
    outer loop
      vertex -30.6 49.4 11.4
      vertex -39.4 49.4 0
      vertex -30.6 49.4 0
    endloop
  endfacet
  facet normal -1 0 0
    outer loop
      vertex -30.6 40.6 0
      vertex -30.6 49.4 11.4
      vertex -30.6 49.4 0
    endloop
  endfacet
  facet normal -1 -0 0
    outer loop
      vertex -30.6 49.4 11.4
      vertex -30.6 40.6 0
      vertex -30.6 40.6 11.4
    endloop
  endfacet
  facet normal 0 1 -0
    outer loop
      vertex -30.6 40.6 0
      vertex -39.4 40.6 11.4
      vertex -30.6 40.6 11.4
    endloop
  endfacet
  facet normal 0 1 0
    outer loop
      vertex -39.4 40.6 11.4
      vertex -30.6 40.6 0
      vertex -39.4 40.6 0
    endloop
  endfacet
  facet normal 1 -0 0
    outer loop
      vertex -29.4 40.6 11.4
      vertex -29.4 49.4 0
      vertex -29.4 49.4 11.4
    endloop
  endfacet
  facet normal 1 0 0
    outer loop
      vertex -29.4 49.4 0
      vertex -29.4 40.6 11.4
      vertex -29.4 40.6 0
    endloop
  endfacet
  facet normal 0 -1 0
    outer loop
      vertex -29.4 49.4 0
      vertex -20.6 49.4 11.4
      vertex -29.4 49.4 11.4
    endloop
  endfacet
  facet normal 0 -1 -0
    outer loop
      vertex -20.6 49.4 11.4
      vertex -29.4 49.4 0
      vertex -20.6 49.4 0
    endloop
  endfacet
  facet normal -1 0 0
    outer loop
      vertex -20.6 40.6 0
      vertex -20.6 49.4 11.4
      vertex -20.6 49.4 0
    endloop
  endfacet
  facet normal -1 -0 0
    outer loop
      vertex -20.6 49.4 11.4
      vertex -20.6 40.6 0
      vertex -20.6 40.6 11.4
    endloop
  endfacet
  facet normal 0 1 -0
    outer loop
      vertex -20.6 40.6 0
      vertex -29.4 40.6 11.4
      vertex -20.6 40.6 11.4
    endloop
  endfacet
  facet normal 0 1 0
    outer loop
      vertex -29.4 40.6 11.4
      vertex -20.6 40.6 0
      vertex -29.4 40.6 0
    endloop
  endfacet
  facet normal 1 -0 0
    outer loop
      vertex -49.4 40.6 11.4
      vertex -49.4 49.4 0
      vertex -49.4 49.4 11.4
    endloop
  endfacet
  facet normal 1 0 0
    outer loop
      vertex -49.4 49.4 0
      vertex -49.4 40.6 11.4
      vertex -49.4 40.6 0
    endloop
  endfacet
  facet normal 0 -1 0
    outer loop
      vertex -49.4 49.4 0
      vertex -40.6 49.4 11.4
      vertex -49.4 49.4 11.4
    endloop
  endfacet
  facet normal 0 -1 -0
    outer loop
      vertex -40.6 49.4 11.4
      vertex -49.4 49.4 0
      vertex -40.6 49.4 0
    endloop
  endfacet
  facet normal -1 0 0
    outer loop
      vertex -40.6 40.6 0
      vertex -40.6 49.4 11.4
      vertex -40.6 49.4 0
    endloop
  endfacet
  facet normal -1 -0 0
    outer loop
      vertex -40.6 49.4 11.4
      vertex -40.6 40.6 0
      vertex -40.6 40.6 11.4
    endloop
  endfacet
  facet normal 0 1 -0
    outer loop
      vertex -40.6 40.6 0
      vertex -49.4 40.6 11.4
      vertex -40.6 40.6 11.4
    endloop
  endfacet
  facet normal 0 1 0
    outer loop
      vertex -49.4 40.6 11.4
      vertex -40.6 40.6 0
      vertex -49.4 40.6 0
    endloop
  endfacet
  facet normal 1 -0 0
    outer loop
      vertex -59.4 40.6 11.4
      vertex -59.4 49.4 0
      vertex -59.4 49.4 11.4
    endloop
  endfacet
  facet normal 1 0 0
    outer loop
      vertex -59.4 49.4 0
      vertex -59.4 40.6 11.4
      vertex -59.4 40.6 0
    endloop
  endfacet
  facet normal 0 -1 0
    outer loop
      vertex -59.4 49.4 0
      vertex -50.6 49.4 11.4
      vertex -59.4 49.4 11.4
    endloop
  endfacet
  facet normal 0 -1 -0
    outer loop
      vertex -50.6 49.4 11.4
      vertex -59.4 49.4 0
      vertex -50.6 49.4 0
    endloop
  endfacet
  facet normal -1 0 0
    outer loop
      vertex -50.6 40.6 0
      vertex -50.6 49.4 11.4
      vertex -50.6 49.4 0
    endloop
  endfacet
  facet normal -1 -0 0
    outer loop
      vertex -50.6 49.4 11.4
      vertex -50.6 40.6 0
      vertex -50.6 40.6 11.4
    endloop
  endfacet
  facet normal 0 1 -0
    outer loop
      vertex -50.6 40.6 0
      vertex -59.4 40.6 11.4
      vertex -50.6 40.6 11.4
    endloop
  endfacet
  facet normal 0 1 0
    outer loop
      vertex -59.4 40.6 11.4
      vertex -50.6 40.6 0
      vertex -59.4 40.6 0
    endloop
  endfacet
  facet normal 1 -0 0
    outer loop
      vertex -69.4 40.6 11.4
      vertex -69.4 49.4 0
      vertex -69.4 49.4 11.4
    endloop
  endfacet
  facet normal 1 0 0
    outer loop
      vertex -69.4 49.4 0
      vertex -69.4 40.6 11.4
      vertex -69.4 40.6 0
    endloop
  endfacet
  facet normal 0 -1 0
    outer loop
      vertex -69.4 49.4 0
      vertex -60.6 49.4 11.4
      vertex -69.4 49.4 11.4
    endloop
  endfacet
  facet normal 0 -1 -0
    outer loop
      vertex -60.6 49.4 11.4
      vertex -69.4 49.4 0
      vertex -60.6 49.4 0
    endloop
  endfacet
  facet normal -1 0 0
    outer loop
      vertex -60.6 40.6 0
      vertex -60.6 49.4 11.4
      vertex -60.6 49.4 0
    endloop
  endfacet
  facet normal -1 -0 0
    outer loop
      vertex -60.6 49.4 11.4
      vertex -60.6 40.6 0
      vertex -60.6 40.6 11.4
    endloop
  endfacet
  facet normal 0 1 -0
    outer loop
      vertex -60.6 40.6 0
      vertex -69.4 40.6 11.4
      vertex -60.6 40.6 11.4
    endloop
  endfacet
  facet normal 0 1 0
    outer loop
      vertex -69.4 40.6 11.4
      vertex -60.6 40.6 0
      vertex -69.4 40.6 0
    endloop
  endfacet
  facet normal 1 -0 0
    outer loop
      vertex -9.39999 40.6 11.4
      vertex -9.39999 49.4 0
      vertex -9.39999 49.4 11.4
    endloop
  endfacet
  facet normal 1 0 0
    outer loop
      vertex -9.39999 49.4 0
      vertex -9.39999 40.6 11.4
      vertex -9.39999 40.6 0
    endloop
  endfacet
  facet normal 0 -1 0
    outer loop
      vertex -9.39999 49.4 0
      vertex -0.599991 49.4 11.4
      vertex -9.39999 49.4 11.4
    endloop
  endfacet
  facet normal 0 -1 -0
    outer loop
      vertex -0.599991 49.4 11.4
      vertex -9.39999 49.4 0
      vertex -0.599991 49.4 0
    endloop
  endfacet
  facet normal -1 0 0
    outer loop
      vertex -0.599991 40.6 0
      vertex -0.599991 49.4 11.4
      vertex -0.599991 49.4 0
    endloop
  endfacet
  facet normal -1 -0 0
    outer loop
      vertex -0.599991 49.4 11.4
      vertex -0.599991 40.6 0
      vertex -0.599991 40.6 11.4
    endloop
  endfacet
  facet normal 0 1 -0
    outer loop
      vertex -0.599991 40.6 0
      vertex -9.39999 40.6 11.4
      vertex -0.599991 40.6 11.4
    endloop
  endfacet
  facet normal 0 1 0
    outer loop
      vertex -9.39999 40.6 11.4
      vertex -0.599991 40.6 0
      vertex -9.39999 40.6 0
    endloop
  endfacet
  facet normal 1 -0 0
    outer loop
      vertex 0.599991 40.6 11.4
      vertex 0.599991 49.4 0
      vertex 0.599991 49.4 11.4
    endloop
  endfacet
  facet normal 1 0 0
    outer loop
      vertex 0.599991 49.4 0
      vertex 0.599991 40.6 11.4
      vertex 0.599991 40.6 0
    endloop
  endfacet
  facet normal 0 -1 0
    outer loop
      vertex 0.599991 49.4 0
      vertex 9.39999 49.4 11.4
      vertex 0.599991 49.4 11.4
    endloop
  endfacet
  facet normal 0 -1 -0
    outer loop
      vertex 9.39999 49.4 11.4
      vertex 0.599991 49.4 0
      vertex 9.39999 49.4 0
    endloop
  endfacet
  facet normal -1 0 0
    outer loop
      vertex 9.39999 40.6 0
      vertex 9.39999 49.4 11.4
      vertex 9.39999 49.4 0
    endloop
  endfacet
  facet normal -1 -0 0
    outer loop
      vertex 9.39999 49.4 11.4
      vertex 9.39999 40.6 0
      vertex 9.39999 40.6 11.4
    endloop
  endfacet
  facet normal 0 1 -0
    outer loop
      vertex 9.39999 40.6 0
      vertex 0.599991 40.6 11.4
      vertex 9.39999 40.6 11.4
    endloop
  endfacet
  facet normal 0 1 0
    outer loop
      vertex 0.599991 40.6 11.4
      vertex 9.39999 40.6 0
      vertex 0.599991 40.6 0
    endloop
  endfacet
  facet normal 1 -0 0
    outer loop
      vertex 70.6 40.6 11.4
      vertex 70.6 49.4 0
      vertex 70.6 49.4 11.4
    endloop
  endfacet
  facet normal 1 0 0
    outer loop
      vertex 70.6 49.4 0
      vertex 70.6 40.6 11.4
      vertex 70.6 40.6 0
    endloop
  endfacet
  facet normal 0 -1 0
    outer loop
      vertex 70.6 49.4 0
      vertex 78.9 49.4 11.4
      vertex 70.6 49.4 11.4
    endloop
  endfacet
  facet normal 0 -1 -0
    outer loop
      vertex 78.9 49.4 11.4
      vertex 70.6 49.4 0
      vertex 78.9 49.4 0
    endloop
  endfacet
  facet normal -1 0 0
    outer loop
      vertex 78.9 40.6 0
      vertex 78.9 49.4 11.4
      vertex 78.9 49.4 0
    endloop
  endfacet
  facet normal -1 -0 0
    outer loop
      vertex 78.9 49.4 11.4
      vertex 78.9 40.6 0
      vertex 78.9 40.6 11.4
    endloop
  endfacet
  facet normal 0 1 -0
    outer loop
      vertex 78.9 40.6 0
      vertex 70.6 40.6 11.4
      vertex 78.9 40.6 11.4
    endloop
  endfacet
  facet normal 0 1 0
    outer loop
      vertex 70.6 40.6 11.4
      vertex 78.9 40.6 0
      vertex 70.6 40.6 0
    endloop
  endfacet
  facet normal 1 -0 0
    outer loop
      vertex 60.6 40.6 11.4
      vertex 60.6 49.4 0
      vertex 60.6 49.4 11.4
    endloop
  endfacet
  facet normal 1 0 0
    outer loop
      vertex 60.6 49.4 0
      vertex 60.6 40.6 11.4
      vertex 60.6 40.6 0
    endloop
  endfacet
  facet normal 0 -1 0
    outer loop
      vertex 60.6 49.4 0
      vertex 69.4 49.4 11.4
      vertex 60.6 49.4 11.4
    endloop
  endfacet
  facet normal 0 -1 -0
    outer loop
      vertex 69.4 49.4 11.4
      vertex 60.6 49.4 0
      vertex 69.4 49.4 0
    endloop
  endfacet
  facet normal -1 0 0
    outer loop
      vertex 69.4 40.6 0
      vertex 69.4 49.4 11.4
      vertex 69.4 49.4 0
    endloop
  endfacet
  facet normal -1 -0 0
    outer loop
      vertex 69.4 49.4 11.4
      vertex 69.4 40.6 0
      vertex 69.4 40.6 11.4
    endloop
  endfacet
  facet normal 0 1 -0
    outer loop
      vertex 69.4 40.6 0
      vertex 60.6 40.6 11.4
      vertex 69.4 40.6 11.4
    endloop
  endfacet
  facet normal 0 1 0
    outer loop
      vertex 60.6 40.6 11.4
      vertex 69.4 40.6 0
      vertex 60.6 40.6 0
    endloop
  endfacet
  facet normal 1 -0 0
    outer loop
      vertex 50.6 40.6 11.4
      vertex 50.6 49.4 0
      vertex 50.6 49.4 11.4
    endloop
  endfacet
  facet normal 1 0 0
    outer loop
      vertex 50.6 49.4 0
      vertex 50.6 40.6 11.4
      vertex 50.6 40.6 0
    endloop
  endfacet
  facet normal 0 -1 0
    outer loop
      vertex 50.6 49.4 0
      vertex 59.4 49.4 11.4
      vertex 50.6 49.4 11.4
    endloop
  endfacet
  facet normal 0 -1 -0
    outer loop
      vertex 59.4 49.4 11.4
      vertex 50.6 49.4 0
      vertex 59.4 49.4 0
    endloop
  endfacet
  facet normal -1 0 0
    outer loop
      vertex 59.4 40.6 0
      vertex 59.4 49.4 11.4
      vertex 59.4 49.4 0
    endloop
  endfacet
  facet normal -1 -0 0
    outer loop
      vertex 59.4 49.4 11.4
      vertex 59.4 40.6 0
      vertex 59.4 40.6 11.4
    endloop
  endfacet
  facet normal 0 1 -0
    outer loop
      vertex 59.4 40.6 0
      vertex 50.6 40.6 11.4
      vertex 59.4 40.6 11.4
    endloop
  endfacet
  facet normal 0 1 0
    outer loop
      vertex 50.6 40.6 11.4
      vertex 59.4 40.6 0
      vertex 50.6 40.6 0
    endloop
  endfacet
  facet normal 1 -0 0
    outer loop
      vertex 30.6 40.6 11.4
      vertex 30.6 49.4 0
      vertex 30.6 49.4 11.4
    endloop
  endfacet
  facet normal 1 0 0
    outer loop
      vertex 30.6 49.4 0
      vertex 30.6 40.6 11.4
      vertex 30.6 40.6 0
    endloop
  endfacet
  facet normal 0 -1 0
    outer loop
      vertex 30.6 49.4 0
      vertex 39.4 49.4 11.4
      vertex 30.6 49.4 11.4
    endloop
  endfacet
  facet normal 0 -1 -0
    outer loop
      vertex 39.4 49.4 11.4
      vertex 30.6 49.4 0
      vertex 39.4 49.4 0
    endloop
  endfacet
  facet normal -1 0 0
    outer loop
      vertex 39.4 40.6 0
      vertex 39.4 49.4 11.4
      vertex 39.4 49.4 0
    endloop
  endfacet
  facet normal -1 -0 0
    outer loop
      vertex 39.4 49.4 11.4
      vertex 39.4 40.6 0
      vertex 39.4 40.6 11.4
    endloop
  endfacet
  facet normal 0 1 -0
    outer loop
      vertex 39.4 40.6 0
      vertex 30.6 40.6 11.4
      vertex 39.4 40.6 11.4
    endloop
  endfacet
  facet normal 0 1 0
    outer loop
      vertex 30.6 40.6 11.4
      vertex 39.4 40.6 0
      vertex 30.6 40.6 0
    endloop
  endfacet
  facet normal 1 -0 0
    outer loop
      vertex -19.4 40.6 11.4
      vertex -19.4 49.4 0
      vertex -19.4 49.4 11.4
    endloop
  endfacet
  facet normal 1 0 0
    outer loop
      vertex -19.4 49.4 0
      vertex -19.4 40.6 11.4
      vertex -19.4 40.6 0
    endloop
  endfacet
  facet normal 0 -1 0
    outer loop
      vertex -19.4 49.4 0
      vertex -10.6 49.4 11.4
      vertex -19.4 49.4 11.4
    endloop
  endfacet
  facet normal 0 -1 -0
    outer loop
      vertex -10.6 49.4 11.4
      vertex -19.4 49.4 0
      vertex -10.6 49.4 0
    endloop
  endfacet
  facet normal -1 0 0
    outer loop
      vertex -10.6 40.6 0
      vertex -10.6 49.4 11.4
      vertex -10.6 49.4 0
    endloop
  endfacet
  facet normal -1 -0 0
    outer loop
      vertex -10.6 49.4 11.4
      vertex -10.6 40.6 0
      vertex -10.6 40.6 11.4
    endloop
  endfacet
  facet normal 0 1 -0
    outer loop
      vertex -10.6 40.6 0
      vertex -19.4 40.6 11.4
      vertex -10.6 40.6 11.4
    endloop
  endfacet
  facet normal 0 1 0
    outer loop
      vertex -19.4 40.6 11.4
      vertex -10.6 40.6 0
      vertex -19.4 40.6 0
    endloop
  endfacet
  facet normal 1 -0 0
    outer loop
      vertex 10.6 40.6 11.4
      vertex 10.6 49.4 0
      vertex 10.6 49.4 11.4
    endloop
  endfacet
  facet normal 1 0 0
    outer loop
      vertex 10.6 49.4 0
      vertex 10.6 40.6 11.4
      vertex 10.6 40.6 0
    endloop
  endfacet
  facet normal 0 -1 0
    outer loop
      vertex 10.6 49.4 0
      vertex 19.4 49.4 11.4
      vertex 10.6 49.4 11.4
    endloop
  endfacet
  facet normal 0 -1 -0
    outer loop
      vertex 19.4 49.4 11.4
      vertex 10.6 49.4 0
      vertex 19.4 49.4 0
    endloop
  endfacet
  facet normal -1 0 0
    outer loop
      vertex 19.4 40.6 0
      vertex 19.4 49.4 11.4
      vertex 19.4 49.4 0
    endloop
  endfacet
  facet normal -1 -0 0
    outer loop
      vertex 19.4 49.4 11.4
      vertex 19.4 40.6 0
      vertex 19.4 40.6 11.4
    endloop
  endfacet
  facet normal 0 1 -0
    outer loop
      vertex 19.4 40.6 0
      vertex 10.6 40.6 11.4
      vertex 19.4 40.6 11.4
    endloop
  endfacet
  facet normal 0 1 0
    outer loop
      vertex 10.6 40.6 11.4
      vertex 19.4 40.6 0
      vertex 10.6 40.6 0
    endloop
  endfacet
  facet normal 1 -0 0
    outer loop
      vertex 40.6 40.6 11.4
      vertex 40.6 49.4 0
      vertex 40.6 49.4 11.4
    endloop
  endfacet
  facet normal 1 0 0
    outer loop
      vertex 40.6 49.4 0
      vertex 40.6 40.6 11.4
      vertex 40.6 40.6 0
    endloop
  endfacet
  facet normal 0 -1 0
    outer loop
      vertex 40.6 49.4 0
      vertex 49.4 49.4 11.4
      vertex 40.6 49.4 11.4
    endloop
  endfacet
  facet normal 0 -1 -0
    outer loop
      vertex 49.4 49.4 11.4
      vertex 40.6 49.4 0
      vertex 49.4 49.4 0
    endloop
  endfacet
  facet normal -1 0 0
    outer loop
      vertex 49.4 40.6 0
      vertex 49.4 49.4 11.4
      vertex 49.4 49.4 0
    endloop
  endfacet
  facet normal -1 -0 0
    outer loop
      vertex 49.4 49.4 11.4
      vertex 49.4 40.6 0
      vertex 49.4 40.6 11.4
    endloop
  endfacet
  facet normal 0 1 -0
    outer loop
      vertex 49.4 40.6 0
      vertex 40.6 40.6 11.4
      vertex 49.4 40.6 11.4
    endloop
  endfacet
  facet normal 0 1 0
    outer loop
      vertex 40.6 40.6 11.4
      vertex 49.4 40.6 0
      vertex 40.6 40.6 0
    endloop
  endfacet
  facet normal 1 -0 0
    outer loop
      vertex 20.6 30.6 11.4
      vertex 20.6 39.4 0
      vertex 20.6 39.4 11.4
    endloop
  endfacet
  facet normal 1 0 0
    outer loop
      vertex 20.6 39.4 0
      vertex 20.6 30.6 11.4
      vertex 20.6 30.6 0
    endloop
  endfacet
  facet normal 0 -1 0
    outer loop
      vertex 20.6 39.4 0
      vertex 29.4 39.4 11.4
      vertex 20.6 39.4 11.4
    endloop
  endfacet
  facet normal 0 -1 -0
    outer loop
      vertex 29.4 39.4 11.4
      vertex 20.6 39.4 0
      vertex 29.4 39.4 0
    endloop
  endfacet
  facet normal -1 0 0
    outer loop
      vertex 29.4 30.6 0
      vertex 29.4 39.4 11.4
      vertex 29.4 39.4 0
    endloop
  endfacet
  facet normal -1 -0 0
    outer loop
      vertex 29.4 39.4 11.4
      vertex 29.4 30.6 0
      vertex 29.4 30.6 11.4
    endloop
  endfacet
  facet normal 0 1 -0
    outer loop
      vertex 29.4 30.6 0
      vertex 20.6 30.6 11.4
      vertex 29.4 30.6 11.4
    endloop
  endfacet
  facet normal 0 1 0
    outer loop
      vertex 20.6 30.6 11.4
      vertex 29.4 30.6 0
      vertex 20.6 30.6 0
    endloop
  endfacet
  facet normal 1 -0 0
    outer loop
      vertex -78.9 30.6 11.4
      vertex -78.9 39.4 0
      vertex -78.9 39.4 11.4
    endloop
  endfacet
  facet normal 1 0 0
    outer loop
      vertex -78.9 39.4 0
      vertex -78.9 30.6 11.4
      vertex -78.9 30.6 0
    endloop
  endfacet
  facet normal 0 -1 0
    outer loop
      vertex -78.9 39.4 0
      vertex -70.6 39.4 11.4
      vertex -78.9 39.4 11.4
    endloop
  endfacet
  facet normal 0 -1 -0
    outer loop
      vertex -70.6 39.4 11.4
      vertex -78.9 39.4 0
      vertex -70.6 39.4 0
    endloop
  endfacet
  facet normal -1 0 0
    outer loop
      vertex -70.6 30.6 0
      vertex -70.6 39.4 11.4
      vertex -70.6 39.4 0
    endloop
  endfacet
  facet normal -1 -0 0
    outer loop
      vertex -70.6 39.4 11.4
      vertex -70.6 30.6 0
      vertex -70.6 30.6 11.4
    endloop
  endfacet
  facet normal 0 1 -0
    outer loop
      vertex -70.6 30.6 0
      vertex -78.9 30.6 11.4
      vertex -70.6 30.6 11.4
    endloop
  endfacet
  facet normal 0 1 0
    outer loop
      vertex -78.9 30.6 11.4
      vertex -70.6 30.6 0
      vertex -78.9 30.6 0
    endloop
  endfacet
  facet normal 1 -0 0
    outer loop
      vertex -69.4 30.6 11.4
      vertex -69.4 39.4 0
      vertex -69.4 39.4 11.4
    endloop
  endfacet
  facet normal 1 0 0
    outer loop
      vertex -69.4 39.4 0
      vertex -69.4 30.6 11.4
      vertex -69.4 30.6 0
    endloop
  endfacet
  facet normal 0 -1 0
    outer loop
      vertex -69.4 39.4 0
      vertex -60.6 39.4 11.4
      vertex -69.4 39.4 11.4
    endloop
  endfacet
  facet normal 0 -1 -0
    outer loop
      vertex -60.6 39.4 11.4
      vertex -69.4 39.4 0
      vertex -60.6 39.4 0
    endloop
  endfacet
  facet normal -1 0 0
    outer loop
      vertex -60.6 30.6 0
      vertex -60.6 39.4 11.4
      vertex -60.6 39.4 0
    endloop
  endfacet
  facet normal -1 -0 0
    outer loop
      vertex -60.6 39.4 11.4
      vertex -60.6 30.6 0
      vertex -60.6 30.6 11.4
    endloop
  endfacet
  facet normal 0 1 -0
    outer loop
      vertex -60.6 30.6 0
      vertex -69.4 30.6 11.4
      vertex -60.6 30.6 11.4
    endloop
  endfacet
  facet normal 0 1 0
    outer loop
      vertex -69.4 30.6 11.4
      vertex -60.6 30.6 0
      vertex -69.4 30.6 0
    endloop
  endfacet
  facet normal 1 -0 0
    outer loop
      vertex -59.4 30.6 11.4
      vertex -59.4 39.4 0
      vertex -59.4 39.4 11.4
    endloop
  endfacet
  facet normal 1 0 0
    outer loop
      vertex -59.4 39.4 0
      vertex -59.4 30.6 11.4
      vertex -59.4 30.6 0
    endloop
  endfacet
  facet normal 0 -1 0
    outer loop
      vertex -59.4 39.4 0
      vertex -50.6 39.4 11.4
      vertex -59.4 39.4 11.4
    endloop
  endfacet
  facet normal 0 -1 -0
    outer loop
      vertex -50.6 39.4 11.4
      vertex -59.4 39.4 0
      vertex -50.6 39.4 0
    endloop
  endfacet
  facet normal -1 0 0
    outer loop
      vertex -50.6 30.6 0
      vertex -50.6 39.4 11.4
      vertex -50.6 39.4 0
    endloop
  endfacet
  facet normal -1 -0 0
    outer loop
      vertex -50.6 39.4 11.4
      vertex -50.6 30.6 0
      vertex -50.6 30.6 11.4
    endloop
  endfacet
  facet normal 0 1 -0
    outer loop
      vertex -50.6 30.6 0
      vertex -59.4 30.6 11.4
      vertex -50.6 30.6 11.4
    endloop
  endfacet
  facet normal 0 1 0
    outer loop
      vertex -59.4 30.6 11.4
      vertex -50.6 30.6 0
      vertex -59.4 30.6 0
    endloop
  endfacet
  facet normal 1 -0 0
    outer loop
      vertex -49.4 30.6 11.4
      vertex -49.4 39.4 0
      vertex -49.4 39.4 11.4
    endloop
  endfacet
  facet normal 1 0 0
    outer loop
      vertex -49.4 39.4 0
      vertex -49.4 30.6 11.4
      vertex -49.4 30.6 0
    endloop
  endfacet
  facet normal 0 -1 0
    outer loop
      vertex -49.4 39.4 0
      vertex -40.6 39.4 11.4
      vertex -49.4 39.4 11.4
    endloop
  endfacet
  facet normal 0 -1 -0
    outer loop
      vertex -40.6 39.4 11.4
      vertex -49.4 39.4 0
      vertex -40.6 39.4 0
    endloop
  endfacet
  facet normal -1 0 0
    outer loop
      vertex -40.6 30.6 0
      vertex -40.6 39.4 11.4
      vertex -40.6 39.4 0
    endloop
  endfacet
  facet normal -1 -0 0
    outer loop
      vertex -40.6 39.4 11.4
      vertex -40.6 30.6 0
      vertex -40.6 30.6 11.4
    endloop
  endfacet
  facet normal 0 1 -0
    outer loop
      vertex -40.6 30.6 0
      vertex -49.4 30.6 11.4
      vertex -40.6 30.6 11.4
    endloop
  endfacet
  facet normal 0 1 0
    outer loop
      vertex -49.4 30.6 11.4
      vertex -40.6 30.6 0
      vertex -49.4 30.6 0
    endloop
  endfacet
  facet normal 1 -0 0
    outer loop
      vertex -39.4 30.6 11.4
      vertex -39.4 39.4 0
      vertex -39.4 39.4 11.4
    endloop
  endfacet
  facet normal 1 0 0
    outer loop
      vertex -39.4 39.4 0
      vertex -39.4 30.6 11.4
      vertex -39.4 30.6 0
    endloop
  endfacet
  facet normal 0 -1 0
    outer loop
      vertex -39.4 39.4 0
      vertex -30.6 39.4 11.4
      vertex -39.4 39.4 11.4
    endloop
  endfacet
  facet normal 0 -1 -0
    outer loop
      vertex -30.6 39.4 11.4
      vertex -39.4 39.4 0
      vertex -30.6 39.4 0
    endloop
  endfacet
  facet normal -1 0 0
    outer loop
      vertex -30.6 30.6 0
      vertex -30.6 39.4 11.4
      vertex -30.6 39.4 0
    endloop
  endfacet
  facet normal -1 -0 0
    outer loop
      vertex -30.6 39.4 11.4
      vertex -30.6 30.6 0
      vertex -30.6 30.6 11.4
    endloop
  endfacet
  facet normal 0 1 -0
    outer loop
      vertex -30.6 30.6 0
      vertex -39.4 30.6 11.4
      vertex -30.6 30.6 11.4
    endloop
  endfacet
  facet normal 0 1 0
    outer loop
      vertex -39.4 30.6 11.4
      vertex -30.6 30.6 0
      vertex -39.4 30.6 0
    endloop
  endfacet
  facet normal 1 -0 0
    outer loop
      vertex -29.4 30.6 11.4
      vertex -29.4 39.4 0
      vertex -29.4 39.4 11.4
    endloop
  endfacet
  facet normal 1 0 0
    outer loop
      vertex -29.4 39.4 0
      vertex -29.4 30.6 11.4
      vertex -29.4 30.6 0
    endloop
  endfacet
  facet normal 0 -1 0
    outer loop
      vertex -29.4 39.4 0
      vertex -20.6 39.4 11.4
      vertex -29.4 39.4 11.4
    endloop
  endfacet
  facet normal 0 -1 -0
    outer loop
      vertex -20.6 39.4 11.4
      vertex -29.4 39.4 0
      vertex -20.6 39.4 0
    endloop
  endfacet
  facet normal -1 0 0
    outer loop
      vertex -20.6 30.6 0
      vertex -20.6 39.4 11.4
      vertex -20.6 39.4 0
    endloop
  endfacet
  facet normal -1 -0 0
    outer loop
      vertex -20.6 39.4 11.4
      vertex -20.6 30.6 0
      vertex -20.6 30.6 11.4
    endloop
  endfacet
  facet normal 0 1 -0
    outer loop
      vertex -20.6 30.6 0
      vertex -29.4 30.6 11.4
      vertex -20.6 30.6 11.4
    endloop
  endfacet
  facet normal 0 1 0
    outer loop
      vertex -29.4 30.6 11.4
      vertex -20.6 30.6 0
      vertex -29.4 30.6 0
    endloop
  endfacet
  facet normal 1 -0 0
    outer loop
      vertex -19.4 30.6 11.4
      vertex -19.4 39.4 0
      vertex -19.4 39.4 11.4
    endloop
  endfacet
  facet normal 1 0 0
    outer loop
      vertex -19.4 39.4 0
      vertex -19.4 30.6 11.4
      vertex -19.4 30.6 0
    endloop
  endfacet
  facet normal 0 -1 0
    outer loop
      vertex -19.4 39.4 0
      vertex -10.6 39.4 11.4
      vertex -19.4 39.4 11.4
    endloop
  endfacet
  facet normal 0 -1 -0
    outer loop
      vertex -10.6 39.4 11.4
      vertex -19.4 39.4 0
      vertex -10.6 39.4 0
    endloop
  endfacet
  facet normal -1 0 0
    outer loop
      vertex -10.6 30.6 0
      vertex -10.6 39.4 11.4
      vertex -10.6 39.4 0
    endloop
  endfacet
  facet normal -1 -0 0
    outer loop
      vertex -10.6 39.4 11.4
      vertex -10.6 30.6 0
      vertex -10.6 30.6 11.4
    endloop
  endfacet
  facet normal 0 1 -0
    outer loop
      vertex -10.6 30.6 0
      vertex -19.4 30.6 11.4
      vertex -10.6 30.6 11.4
    endloop
  endfacet
  facet normal 0 1 0
    outer loop
      vertex -19.4 30.6 11.4
      vertex -10.6 30.6 0
      vertex -19.4 30.6 0
    endloop
  endfacet
  facet normal 1 -0 0
    outer loop
      vertex 0.599991 30.6 11.4
      vertex 0.599991 39.4 0
      vertex 0.599991 39.4 11.4
    endloop
  endfacet
  facet normal 1 0 0
    outer loop
      vertex 0.599991 39.4 0
      vertex 0.599991 30.6 11.4
      vertex 0.599991 30.6 0
    endloop
  endfacet
  facet normal 0 -1 0
    outer loop
      vertex 0.599991 39.4 0
      vertex 9.39999 39.4 11.4
      vertex 0.599991 39.4 11.4
    endloop
  endfacet
  facet normal 0 -1 -0
    outer loop
      vertex 9.39999 39.4 11.4
      vertex 0.599991 39.4 0
      vertex 9.39999 39.4 0
    endloop
  endfacet
  facet normal -1 0 0
    outer loop
      vertex 9.39999 30.6 0
      vertex 9.39999 39.4 11.4
      vertex 9.39999 39.4 0
    endloop
  endfacet
  facet normal -1 -0 0
    outer loop
      vertex 9.39999 39.4 11.4
      vertex 9.39999 30.6 0
      vertex 9.39999 30.6 11.4
    endloop
  endfacet
  facet normal 0 1 -0
    outer loop
      vertex 9.39999 30.6 0
      vertex 0.599991 30.6 11.4
      vertex 9.39999 30.6 11.4
    endloop
  endfacet
  facet normal 0 1 0
    outer loop
      vertex 0.599991 30.6 11.4
      vertex 9.39999 30.6 0
      vertex 0.599991 30.6 0
    endloop
  endfacet
  facet normal 1 -0 0
    outer loop
      vertex 70.6 30.6 11.4
      vertex 70.6 39.4 0
      vertex 70.6 39.4 11.4
    endloop
  endfacet
  facet normal 1 0 0
    outer loop
      vertex 70.6 39.4 0
      vertex 70.6 30.6 11.4
      vertex 70.6 30.6 0
    endloop
  endfacet
  facet normal 0 -1 0
    outer loop
      vertex 70.6 39.4 0
      vertex 78.9 39.4 11.4
      vertex 70.6 39.4 11.4
    endloop
  endfacet
  facet normal 0 -1 -0
    outer loop
      vertex 78.9 39.4 11.4
      vertex 70.6 39.4 0
      vertex 78.9 39.4 0
    endloop
  endfacet
  facet normal -1 0 0
    outer loop
      vertex 78.9 30.6 0
      vertex 78.9 39.4 11.4
      vertex 78.9 39.4 0
    endloop
  endfacet
  facet normal -1 -0 0
    outer loop
      vertex 78.9 39.4 11.4
      vertex 78.9 30.6 0
      vertex 78.9 30.6 11.4
    endloop
  endfacet
  facet normal 0 1 -0
    outer loop
      vertex 78.9 30.6 0
      vertex 70.6 30.6 11.4
      vertex 78.9 30.6 11.4
    endloop
  endfacet
  facet normal 0 1 0
    outer loop
      vertex 70.6 30.6 11.4
      vertex 78.9 30.6 0
      vertex 70.6 30.6 0
    endloop
  endfacet
  facet normal 1 -0 0
    outer loop
      vertex 60.6 30.6 11.4
      vertex 60.6 39.4 0
      vertex 60.6 39.4 11.4
    endloop
  endfacet
  facet normal 1 0 0
    outer loop
      vertex 60.6 39.4 0
      vertex 60.6 30.6 11.4
      vertex 60.6 30.6 0
    endloop
  endfacet
  facet normal 0 -1 0
    outer loop
      vertex 60.6 39.4 0
      vertex 69.4 39.4 11.4
      vertex 60.6 39.4 11.4
    endloop
  endfacet
  facet normal 0 -1 -0
    outer loop
      vertex 69.4 39.4 11.4
      vertex 60.6 39.4 0
      vertex 69.4 39.4 0
    endloop
  endfacet
  facet normal -1 0 0
    outer loop
      vertex 69.4 30.6 0
      vertex 69.4 39.4 11.4
      vertex 69.4 39.4 0
    endloop
  endfacet
  facet normal -1 -0 0
    outer loop
      vertex 69.4 39.4 11.4
      vertex 69.4 30.6 0
      vertex 69.4 30.6 11.4
    endloop
  endfacet
  facet normal 0 1 -0
    outer loop
      vertex 69.4 30.6 0
      vertex 60.6 30.6 11.4
      vertex 69.4 30.6 11.4
    endloop
  endfacet
  facet normal 0 1 0
    outer loop
      vertex 60.6 30.6 11.4
      vertex 69.4 30.6 0
      vertex 60.6 30.6 0
    endloop
  endfacet
  facet normal 1 -0 0
    outer loop
      vertex 50.6 30.6 11.4
      vertex 50.6 39.4 0
      vertex 50.6 39.4 11.4
    endloop
  endfacet
  facet normal 1 0 0
    outer loop
      vertex 50.6 39.4 0
      vertex 50.6 30.6 11.4
      vertex 50.6 30.6 0
    endloop
  endfacet
  facet normal 0 -1 0
    outer loop
      vertex 50.6 39.4 0
      vertex 59.4 39.4 11.4
      vertex 50.6 39.4 11.4
    endloop
  endfacet
  facet normal 0 -1 -0
    outer loop
      vertex 59.4 39.4 11.4
      vertex 50.6 39.4 0
      vertex 59.4 39.4 0
    endloop
  endfacet
  facet normal -1 0 0
    outer loop
      vertex 59.4 30.6 0
      vertex 59.4 39.4 11.4
      vertex 59.4 39.4 0
    endloop
  endfacet
  facet normal -1 -0 0
    outer loop
      vertex 59.4 39.4 11.4
      vertex 59.4 30.6 0
      vertex 59.4 30.6 11.4
    endloop
  endfacet
  facet normal 0 1 -0
    outer loop
      vertex 59.4 30.6 0
      vertex 50.6 30.6 11.4
      vertex 59.4 30.6 11.4
    endloop
  endfacet
  facet normal 0 1 0
    outer loop
      vertex 50.6 30.6 11.4
      vertex 59.4 30.6 0
      vertex 50.6 30.6 0
    endloop
  endfacet
  facet normal 1 -0 0
    outer loop
      vertex 30.6 30.6 11.4
      vertex 30.6 39.4 0
      vertex 30.6 39.4 11.4
    endloop
  endfacet
  facet normal 1 0 0
    outer loop
      vertex 30.6 39.4 0
      vertex 30.6 30.6 11.4
      vertex 30.6 30.6 0
    endloop
  endfacet
  facet normal 0 -1 0
    outer loop
      vertex 30.6 39.4 0
      vertex 39.4 39.4 11.4
      vertex 30.6 39.4 11.4
    endloop
  endfacet
  facet normal 0 -1 -0
    outer loop
      vertex 39.4 39.4 11.4
      vertex 30.6 39.4 0
      vertex 39.4 39.4 0
    endloop
  endfacet
  facet normal -1 0 0
    outer loop
      vertex 39.4 30.6 0
      vertex 39.4 39.4 11.4
      vertex 39.4 39.4 0
    endloop
  endfacet
  facet normal -1 -0 0
    outer loop
      vertex 39.4 39.4 11.4
      vertex 39.4 30.6 0
      vertex 39.4 30.6 11.4
    endloop
  endfacet
  facet normal 0 1 -0
    outer loop
      vertex 39.4 30.6 0
      vertex 30.6 30.6 11.4
      vertex 39.4 30.6 11.4
    endloop
  endfacet
  facet normal 0 1 0
    outer loop
      vertex 30.6 30.6 11.4
      vertex 39.4 30.6 0
      vertex 30.6 30.6 0
    endloop
  endfacet
  facet normal 1 -0 0
    outer loop
      vertex -9.39999 30.6 11.4
      vertex -9.39999 39.4 0
      vertex -9.39999 39.4 11.4
    endloop
  endfacet
  facet normal 1 0 0
    outer loop
      vertex -9.39999 39.4 0
      vertex -9.39999 30.6 11.4
      vertex -9.39999 30.6 0
    endloop
  endfacet
  facet normal 0 -1 0
    outer loop
      vertex -9.39999 39.4 0
      vertex -0.599991 39.4 11.4
      vertex -9.39999 39.4 11.4
    endloop
  endfacet
  facet normal 0 -1 -0
    outer loop
      vertex -0.599991 39.4 11.4
      vertex -9.39999 39.4 0
      vertex -0.599991 39.4 0
    endloop
  endfacet
  facet normal -1 0 0
    outer loop
      vertex -0.599991 30.6 0
      vertex -0.599991 39.4 11.4
      vertex -0.599991 39.4 0
    endloop
  endfacet
  facet normal -1 -0 0
    outer loop
      vertex -0.599991 39.4 11.4
      vertex -0.599991 30.6 0
      vertex -0.599991 30.6 11.4
    endloop
  endfacet
  facet normal 0 1 -0
    outer loop
      vertex -0.599991 30.6 0
      vertex -9.39999 30.6 11.4
      vertex -0.599991 30.6 11.4
    endloop
  endfacet
  facet normal 0 1 0
    outer loop
      vertex -9.39999 30.6 11.4
      vertex -0.599991 30.6 0
      vertex -9.39999 30.6 0
    endloop
  endfacet
  facet normal 1 -0 0
    outer loop
      vertex 10.6 30.6 11.4
      vertex 10.6 39.4 0
      vertex 10.6 39.4 11.4
    endloop
  endfacet
  facet normal 1 0 0
    outer loop
      vertex 10.6 39.4 0
      vertex 10.6 30.6 11.4
      vertex 10.6 30.6 0
    endloop
  endfacet
  facet normal 0 -1 0
    outer loop
      vertex 10.6 39.4 0
      vertex 19.4 39.4 11.4
      vertex 10.6 39.4 11.4
    endloop
  endfacet
  facet normal 0 -1 -0
    outer loop
      vertex 19.4 39.4 11.4
      vertex 10.6 39.4 0
      vertex 19.4 39.4 0
    endloop
  endfacet
  facet normal -1 0 0
    outer loop
      vertex 19.4 30.6 0
      vertex 19.4 39.4 11.4
      vertex 19.4 39.4 0
    endloop
  endfacet
  facet normal -1 -0 0
    outer loop
      vertex 19.4 39.4 11.4
      vertex 19.4 30.6 0
      vertex 19.4 30.6 11.4
    endloop
  endfacet
  facet normal 0 1 -0
    outer loop
      vertex 19.4 30.6 0
      vertex 10.6 30.6 11.4
      vertex 19.4 30.6 11.4
    endloop
  endfacet
  facet normal 0 1 0
    outer loop
      vertex 10.6 30.6 11.4
      vertex 19.4 30.6 0
      vertex 10.6 30.6 0
    endloop
  endfacet
  facet normal 1 -0 0
    outer loop
      vertex 40.6 30.6 11.4
      vertex 40.6 39.4 0
      vertex 40.6 39.4 11.4
    endloop
  endfacet
  facet normal 1 0 0
    outer loop
      vertex 40.6 39.4 0
      vertex 40.6 30.6 11.4
      vertex 40.6 30.6 0
    endloop
  endfacet
  facet normal 0 -1 0
    outer loop
      vertex 40.6 39.4 0
      vertex 49.4 39.4 11.4
      vertex 40.6 39.4 11.4
    endloop
  endfacet
  facet normal 0 -1 -0
    outer loop
      vertex 49.4 39.4 11.4
      vertex 40.6 39.4 0
      vertex 49.4 39.4 0
    endloop
  endfacet
  facet normal -1 0 0
    outer loop
      vertex 49.4 30.6 0
      vertex 49.4 39.4 11.4
      vertex 49.4 39.4 0
    endloop
  endfacet
  facet normal -1 -0 0
    outer loop
      vertex 49.4 39.4 11.4
      vertex 49.4 30.6 0
      vertex 49.4 30.6 11.4
    endloop
  endfacet
  facet normal 0 1 -0
    outer loop
      vertex 49.4 30.6 0
      vertex 40.6 30.6 11.4
      vertex 49.4 30.6 11.4
    endloop
  endfacet
  facet normal 0 1 0
    outer loop
      vertex 40.6 30.6 11.4
      vertex 49.4 30.6 0
      vertex 40.6 30.6 0
    endloop
  endfacet
  facet normal 1 -0 0
    outer loop
      vertex 70.6 20.6 11.4
      vertex 70.6 29.4 0
      vertex 70.6 29.4 11.4
    endloop
  endfacet
  facet normal 1 0 0
    outer loop
      vertex 70.6 29.4 0
      vertex 70.6 20.6 11.4
      vertex 70.6 20.6 0
    endloop
  endfacet
  facet normal 0 -1 0
    outer loop
      vertex 70.6 29.4 0
      vertex 78.9 29.4 11.4
      vertex 70.6 29.4 11.4
    endloop
  endfacet
  facet normal 0 -1 -0
    outer loop
      vertex 78.9 29.4 11.4
      vertex 70.6 29.4 0
      vertex 78.9 29.4 0
    endloop
  endfacet
  facet normal -1 0 0
    outer loop
      vertex 78.9 20.6 0
      vertex 78.9 29.4 11.4
      vertex 78.9 29.4 0
    endloop
  endfacet
  facet normal -1 -0 0
    outer loop
      vertex 78.9 29.4 11.4
      vertex 78.9 20.6 0
      vertex 78.9 20.6 11.4
    endloop
  endfacet
  facet normal 0 1 -0
    outer loop
      vertex 78.9 20.6 0
      vertex 70.6 20.6 11.4
      vertex 78.9 20.6 11.4
    endloop
  endfacet
  facet normal 0 1 0
    outer loop
      vertex 70.6 20.6 11.4
      vertex 78.9 20.6 0
      vertex 70.6 20.6 0
    endloop
  endfacet
  facet normal 1 -0 0
    outer loop
      vertex -78.9 20.6 11.4
      vertex -78.9 29.4 0
      vertex -78.9 29.4 11.4
    endloop
  endfacet
  facet normal 1 0 0
    outer loop
      vertex -78.9 29.4 0
      vertex -78.9 20.6 11.4
      vertex -78.9 20.6 0
    endloop
  endfacet
  facet normal 0 -1 0
    outer loop
      vertex -78.9 29.4 0
      vertex -70.6 29.4 11.4
      vertex -78.9 29.4 11.4
    endloop
  endfacet
  facet normal 0 -1 -0
    outer loop
      vertex -70.6 29.4 11.4
      vertex -78.9 29.4 0
      vertex -70.6 29.4 0
    endloop
  endfacet
  facet normal -1 0 0
    outer loop
      vertex -70.6 20.6 0
      vertex -70.6 29.4 11.4
      vertex -70.6 29.4 0
    endloop
  endfacet
  facet normal -1 -0 0
    outer loop
      vertex -70.6 29.4 11.4
      vertex -70.6 20.6 0
      vertex -70.6 20.6 11.4
    endloop
  endfacet
  facet normal 0 1 -0
    outer loop
      vertex -70.6 20.6 0
      vertex -78.9 20.6 11.4
      vertex -70.6 20.6 11.4
    endloop
  endfacet
  facet normal 0 1 0
    outer loop
      vertex -78.9 20.6 11.4
      vertex -70.6 20.6 0
      vertex -78.9 20.6 0
    endloop
  endfacet
  facet normal 1 -0 0
    outer loop
      vertex -9.39999 20.6 11.4
      vertex -9.39999 29.4 0
      vertex -9.39999 29.4 11.4
    endloop
  endfacet
  facet normal 1 0 0
    outer loop
      vertex -9.39999 29.4 0
      vertex -9.39999 20.6 11.4
      vertex -9.39999 20.6 0
    endloop
  endfacet
  facet normal 0 -1 0
    outer loop
      vertex -9.39999 29.4 0
      vertex -0.599991 29.4 11.4
      vertex -9.39999 29.4 11.4
    endloop
  endfacet
  facet normal 0 -1 -0
    outer loop
      vertex -0.599991 29.4 11.4
      vertex -9.39999 29.4 0
      vertex -0.599991 29.4 0
    endloop
  endfacet
  facet normal -1 0 0
    outer loop
      vertex -0.599991 20.6 0
      vertex -0.599991 29.4 11.4
      vertex -0.599991 29.4 0
    endloop
  endfacet
  facet normal -1 -0 0
    outer loop
      vertex -0.599991 29.4 11.4
      vertex -0.599991 20.6 0
      vertex -0.599991 20.6 11.4
    endloop
  endfacet
  facet normal 0 1 -0
    outer loop
      vertex -0.599991 20.6 0
      vertex -9.39999 20.6 11.4
      vertex -0.599991 20.6 11.4
    endloop
  endfacet
  facet normal 0 1 0
    outer loop
      vertex -9.39999 20.6 11.4
      vertex -0.599991 20.6 0
      vertex -9.39999 20.6 0
    endloop
  endfacet
  facet normal 1 -0 0
    outer loop
      vertex -69.4 20.6 11.4
      vertex -69.4 29.4 0
      vertex -69.4 29.4 11.4
    endloop
  endfacet
  facet normal 1 0 0
    outer loop
      vertex -69.4 29.4 0
      vertex -69.4 20.6 11.4
      vertex -69.4 20.6 0
    endloop
  endfacet
  facet normal 0 -1 0
    outer loop
      vertex -69.4 29.4 0
      vertex -60.6 29.4 11.4
      vertex -69.4 29.4 11.4
    endloop
  endfacet
  facet normal 0 -1 -0
    outer loop
      vertex -60.6 29.4 11.4
      vertex -69.4 29.4 0
      vertex -60.6 29.4 0
    endloop
  endfacet
  facet normal -1 0 0
    outer loop
      vertex -60.6 20.6 0
      vertex -60.6 29.4 11.4
      vertex -60.6 29.4 0
    endloop
  endfacet
  facet normal -1 -0 0
    outer loop
      vertex -60.6 29.4 11.4
      vertex -60.6 20.6 0
      vertex -60.6 20.6 11.4
    endloop
  endfacet
  facet normal 0 1 -0
    outer loop
      vertex -60.6 20.6 0
      vertex -69.4 20.6 11.4
      vertex -60.6 20.6 11.4
    endloop
  endfacet
  facet normal 0 1 0
    outer loop
      vertex -69.4 20.6 11.4
      vertex -60.6 20.6 0
      vertex -69.4 20.6 0
    endloop
  endfacet
  facet normal 1 -0 0
    outer loop
      vertex -59.4 20.6 11.4
      vertex -59.4 29.4 0
      vertex -59.4 29.4 11.4
    endloop
  endfacet
  facet normal 1 0 0
    outer loop
      vertex -59.4 29.4 0
      vertex -59.4 20.6 11.4
      vertex -59.4 20.6 0
    endloop
  endfacet
  facet normal 0 -1 0
    outer loop
      vertex -59.4 29.4 0
      vertex -50.6 29.4 11.4
      vertex -59.4 29.4 11.4
    endloop
  endfacet
  facet normal 0 -1 -0
    outer loop
      vertex -50.6 29.4 11.4
      vertex -59.4 29.4 0
      vertex -50.6 29.4 0
    endloop
  endfacet
  facet normal -1 0 0
    outer loop
      vertex -50.6 20.6 0
      vertex -50.6 29.4 11.4
      vertex -50.6 29.4 0
    endloop
  endfacet
  facet normal -1 -0 0
    outer loop
      vertex -50.6 29.4 11.4
      vertex -50.6 20.6 0
      vertex -50.6 20.6 11.4
    endloop
  endfacet
  facet normal 0 1 -0
    outer loop
      vertex -50.6 20.6 0
      vertex -59.4 20.6 11.4
      vertex -50.6 20.6 11.4
    endloop
  endfacet
  facet normal 0 1 0
    outer loop
      vertex -59.4 20.6 11.4
      vertex -50.6 20.6 0
      vertex -59.4 20.6 0
    endloop
  endfacet
  facet normal 1 -0 0
    outer loop
      vertex -49.4 20.6 11.4
      vertex -49.4 29.4 0
      vertex -49.4 29.4 11.4
    endloop
  endfacet
  facet normal 1 0 0
    outer loop
      vertex -49.4 29.4 0
      vertex -49.4 20.6 11.4
      vertex -49.4 20.6 0
    endloop
  endfacet
  facet normal 0 -1 0
    outer loop
      vertex -49.4 29.4 0
      vertex -40.6 29.4 11.4
      vertex -49.4 29.4 11.4
    endloop
  endfacet
  facet normal 0 -1 -0
    outer loop
      vertex -40.6 29.4 11.4
      vertex -49.4 29.4 0
      vertex -40.6 29.4 0
    endloop
  endfacet
  facet normal -1 0 0
    outer loop
      vertex -40.6 20.6 0
      vertex -40.6 29.4 11.4
      vertex -40.6 29.4 0
    endloop
  endfacet
  facet normal -1 -0 0
    outer loop
      vertex -40.6 29.4 11.4
      vertex -40.6 20.6 0
      vertex -40.6 20.6 11.4
    endloop
  endfacet
  facet normal 0 1 -0
    outer loop
      vertex -40.6 20.6 0
      vertex -49.4 20.6 11.4
      vertex -40.6 20.6 11.4
    endloop
  endfacet
  facet normal 0 1 0
    outer loop
      vertex -49.4 20.6 11.4
      vertex -40.6 20.6 0
      vertex -49.4 20.6 0
    endloop
  endfacet
  facet normal 1 -0 0
    outer loop
      vertex -39.4 20.6 11.4
      vertex -39.4 29.4 0
      vertex -39.4 29.4 11.4
    endloop
  endfacet
  facet normal 1 0 0
    outer loop
      vertex -39.4 29.4 0
      vertex -39.4 20.6 11.4
      vertex -39.4 20.6 0
    endloop
  endfacet
  facet normal 0 -1 0
    outer loop
      vertex -39.4 29.4 0
      vertex -30.6 29.4 11.4
      vertex -39.4 29.4 11.4
    endloop
  endfacet
  facet normal 0 -1 -0
    outer loop
      vertex -30.6 29.4 11.4
      vertex -39.4 29.4 0
      vertex -30.6 29.4 0
    endloop
  endfacet
  facet normal -1 0 0
    outer loop
      vertex -30.6 20.6 0
      vertex -30.6 29.4 11.4
      vertex -30.6 29.4 0
    endloop
  endfacet
  facet normal -1 -0 0
    outer loop
      vertex -30.6 29.4 11.4
      vertex -30.6 20.6 0
      vertex -30.6 20.6 11.4
    endloop
  endfacet
  facet normal 0 1 -0
    outer loop
      vertex -30.6 20.6 0
      vertex -39.4 20.6 11.4
      vertex -30.6 20.6 11.4
    endloop
  endfacet
  facet normal 0 1 0
    outer loop
      vertex -39.4 20.6 11.4
      vertex -30.6 20.6 0
      vertex -39.4 20.6 0
    endloop
  endfacet
  facet normal 1 -0 0
    outer loop
      vertex -29.4 20.6 11.4
      vertex -29.4 29.4 0
      vertex -29.4 29.4 11.4
    endloop
  endfacet
  facet normal 1 0 0
    outer loop
      vertex -29.4 29.4 0
      vertex -29.4 20.6 11.4
      vertex -29.4 20.6 0
    endloop
  endfacet
  facet normal 0 -1 0
    outer loop
      vertex -29.4 29.4 0
      vertex -20.6 29.4 11.4
      vertex -29.4 29.4 11.4
    endloop
  endfacet
  facet normal 0 -1 -0
    outer loop
      vertex -20.6 29.4 11.4
      vertex -29.4 29.4 0
      vertex -20.6 29.4 0
    endloop
  endfacet
  facet normal -1 0 0
    outer loop
      vertex -20.6 20.6 0
      vertex -20.6 29.4 11.4
      vertex -20.6 29.4 0
    endloop
  endfacet
  facet normal -1 -0 0
    outer loop
      vertex -20.6 29.4 11.4
      vertex -20.6 20.6 0
      vertex -20.6 20.6 11.4
    endloop
  endfacet
  facet normal 0 1 -0
    outer loop
      vertex -20.6 20.6 0
      vertex -29.4 20.6 11.4
      vertex -20.6 20.6 11.4
    endloop
  endfacet
  facet normal 0 1 0
    outer loop
      vertex -29.4 20.6 11.4
      vertex -20.6 20.6 0
      vertex -29.4 20.6 0
    endloop
  endfacet
  facet normal 1 -0 0
    outer loop
      vertex -19.4 20.6 11.4
      vertex -19.4 29.4 0
      vertex -19.4 29.4 11.4
    endloop
  endfacet
  facet normal 1 0 0
    outer loop
      vertex -19.4 29.4 0
      vertex -19.4 20.6 11.4
      vertex -19.4 20.6 0
    endloop
  endfacet
  facet normal 0 -1 0
    outer loop
      vertex -19.4 29.4 0
      vertex -10.6 29.4 11.4
      vertex -19.4 29.4 11.4
    endloop
  endfacet
  facet normal 0 -1 -0
    outer loop
      vertex -10.6 29.4 11.4
      vertex -19.4 29.4 0
      vertex -10.6 29.4 0
    endloop
  endfacet
  facet normal -1 0 0
    outer loop
      vertex -10.6 20.6 0
      vertex -10.6 29.4 11.4
      vertex -10.6 29.4 0
    endloop
  endfacet
  facet normal -1 -0 0
    outer loop
      vertex -10.6 29.4 11.4
      vertex -10.6 20.6 0
      vertex -10.6 20.6 11.4
    endloop
  endfacet
  facet normal 0 1 -0
    outer loop
      vertex -10.6 20.6 0
      vertex -19.4 20.6 11.4
      vertex -10.6 20.6 11.4
    endloop
  endfacet
  facet normal 0 1 0
    outer loop
      vertex -19.4 20.6 11.4
      vertex -10.6 20.6 0
      vertex -19.4 20.6 0
    endloop
  endfacet
  facet normal 1 -0 0
    outer loop
      vertex 0.599991 20.6 11.4
      vertex 0.599991 29.4 0
      vertex 0.599991 29.4 11.4
    endloop
  endfacet
  facet normal 1 0 0
    outer loop
      vertex 0.599991 29.4 0
      vertex 0.599991 20.6 11.4
      vertex 0.599991 20.6 0
    endloop
  endfacet
  facet normal 0 -1 0
    outer loop
      vertex 0.599991 29.4 0
      vertex 9.39999 29.4 11.4
      vertex 0.599991 29.4 11.4
    endloop
  endfacet
  facet normal 0 -1 -0
    outer loop
      vertex 9.39999 29.4 11.4
      vertex 0.599991 29.4 0
      vertex 9.39999 29.4 0
    endloop
  endfacet
  facet normal -1 0 0
    outer loop
      vertex 9.39999 20.6 0
      vertex 9.39999 29.4 11.4
      vertex 9.39999 29.4 0
    endloop
  endfacet
  facet normal -1 -0 0
    outer loop
      vertex 9.39999 29.4 11.4
      vertex 9.39999 20.6 0
      vertex 9.39999 20.6 11.4
    endloop
  endfacet
  facet normal 0 1 -0
    outer loop
      vertex 9.39999 20.6 0
      vertex 0.599991 20.6 11.4
      vertex 9.39999 20.6 11.4
    endloop
  endfacet
  facet normal 0 1 0
    outer loop
      vertex 0.599991 20.6 11.4
      vertex 9.39999 20.6 0
      vertex 0.599991 20.6 0
    endloop
  endfacet
  facet normal 1 -0 0
    outer loop
      vertex 60.6 20.6 11.4
      vertex 60.6 29.4 0
      vertex 60.6 29.4 11.4
    endloop
  endfacet
  facet normal 1 0 0
    outer loop
      vertex 60.6 29.4 0
      vertex 60.6 20.6 11.4
      vertex 60.6 20.6 0
    endloop
  endfacet
  facet normal 0 -1 0
    outer loop
      vertex 60.6 29.4 0
      vertex 69.4 29.4 11.4
      vertex 60.6 29.4 11.4
    endloop
  endfacet
  facet normal 0 -1 -0
    outer loop
      vertex 69.4 29.4 11.4
      vertex 60.6 29.4 0
      vertex 69.4 29.4 0
    endloop
  endfacet
  facet normal -1 0 0
    outer loop
      vertex 69.4 20.6 0
      vertex 69.4 29.4 11.4
      vertex 69.4 29.4 0
    endloop
  endfacet
  facet normal -1 -0 0
    outer loop
      vertex 69.4 29.4 11.4
      vertex 69.4 20.6 0
      vertex 69.4 20.6 11.4
    endloop
  endfacet
  facet normal 0 1 -0
    outer loop
      vertex 69.4 20.6 0
      vertex 60.6 20.6 11.4
      vertex 69.4 20.6 11.4
    endloop
  endfacet
  facet normal 0 1 0
    outer loop
      vertex 60.6 20.6 11.4
      vertex 69.4 20.6 0
      vertex 60.6 20.6 0
    endloop
  endfacet
  facet normal 1 -0 0
    outer loop
      vertex 30.6 20.6 11.4
      vertex 30.6 29.4 0
      vertex 30.6 29.4 11.4
    endloop
  endfacet
  facet normal 1 0 0
    outer loop
      vertex 30.6 29.4 0
      vertex 30.6 20.6 11.4
      vertex 30.6 20.6 0
    endloop
  endfacet
  facet normal 0 -1 0
    outer loop
      vertex 30.6 29.4 0
      vertex 39.4 29.4 11.4
      vertex 30.6 29.4 11.4
    endloop
  endfacet
  facet normal 0 -1 -0
    outer loop
      vertex 39.4 29.4 11.4
      vertex 30.6 29.4 0
      vertex 39.4 29.4 0
    endloop
  endfacet
  facet normal -1 0 0
    outer loop
      vertex 39.4 20.6 0
      vertex 39.4 29.4 11.4
      vertex 39.4 29.4 0
    endloop
  endfacet
  facet normal -1 -0 0
    outer loop
      vertex 39.4 29.4 11.4
      vertex 39.4 20.6 0
      vertex 39.4 20.6 11.4
    endloop
  endfacet
  facet normal 0 1 -0
    outer loop
      vertex 39.4 20.6 0
      vertex 30.6 20.6 11.4
      vertex 39.4 20.6 11.4
    endloop
  endfacet
  facet normal 0 1 0
    outer loop
      vertex 30.6 20.6 11.4
      vertex 39.4 20.6 0
      vertex 30.6 20.6 0
    endloop
  endfacet
  facet normal 1 -0 0
    outer loop
      vertex 50.6 20.6 11.4
      vertex 50.6 29.4 0
      vertex 50.6 29.4 11.4
    endloop
  endfacet
  facet normal 1 0 0
    outer loop
      vertex 50.6 29.4 0
      vertex 50.6 20.6 11.4
      vertex 50.6 20.6 0
    endloop
  endfacet
  facet normal 0 -1 0
    outer loop
      vertex 50.6 29.4 0
      vertex 59.4 29.4 11.4
      vertex 50.6 29.4 11.4
    endloop
  endfacet
  facet normal 0 -1 -0
    outer loop
      vertex 59.4 29.4 11.4
      vertex 50.6 29.4 0
      vertex 59.4 29.4 0
    endloop
  endfacet
  facet normal -1 0 0
    outer loop
      vertex 59.4 20.6 0
      vertex 59.4 29.4 11.4
      vertex 59.4 29.4 0
    endloop
  endfacet
  facet normal -1 -0 0
    outer loop
      vertex 59.4 29.4 11.4
      vertex 59.4 20.6 0
      vertex 59.4 20.6 11.4
    endloop
  endfacet
  facet normal 0 1 -0
    outer loop
      vertex 59.4 20.6 0
      vertex 50.6 20.6 11.4
      vertex 59.4 20.6 11.4
    endloop
  endfacet
  facet normal 0 1 0
    outer loop
      vertex 50.6 20.6 11.4
      vertex 59.4 20.6 0
      vertex 50.6 20.6 0
    endloop
  endfacet
  facet normal 1 -0 0
    outer loop
      vertex 20.6 20.6 11.4
      vertex 20.6 29.4 0
      vertex 20.6 29.4 11.4
    endloop
  endfacet
  facet normal 1 0 0
    outer loop
      vertex 20.6 29.4 0
      vertex 20.6 20.6 11.4
      vertex 20.6 20.6 0
    endloop
  endfacet
  facet normal 0 -1 0
    outer loop
      vertex 20.6 29.4 0
      vertex 29.4 29.4 11.4
      vertex 20.6 29.4 11.4
    endloop
  endfacet
  facet normal 0 -1 -0
    outer loop
      vertex 29.4 29.4 11.4
      vertex 20.6 29.4 0
      vertex 29.4 29.4 0
    endloop
  endfacet
  facet normal -1 0 0
    outer loop
      vertex 29.4 20.6 0
      vertex 29.4 29.4 11.4
      vertex 29.4 29.4 0
    endloop
  endfacet
  facet normal -1 -0 0
    outer loop
      vertex 29.4 29.4 11.4
      vertex 29.4 20.6 0
      vertex 29.4 20.6 11.4
    endloop
  endfacet
  facet normal 0 1 -0
    outer loop
      vertex 29.4 20.6 0
      vertex 20.6 20.6 11.4
      vertex 29.4 20.6 11.4
    endloop
  endfacet
  facet normal 0 1 0
    outer loop
      vertex 20.6 20.6 11.4
      vertex 29.4 20.6 0
      vertex 20.6 20.6 0
    endloop
  endfacet
  facet normal 1 -0 0
    outer loop
      vertex 40.6 20.6 11.4
      vertex 40.6 29.4 0
      vertex 40.6 29.4 11.4
    endloop
  endfacet
  facet normal 1 0 0
    outer loop
      vertex 40.6 29.4 0
      vertex 40.6 20.6 11.4
      vertex 40.6 20.6 0
    endloop
  endfacet
  facet normal 0 -1 0
    outer loop
      vertex 40.6 29.4 0
      vertex 49.4 29.4 11.4
      vertex 40.6 29.4 11.4
    endloop
  endfacet
  facet normal 0 -1 -0
    outer loop
      vertex 49.4 29.4 11.4
      vertex 40.6 29.4 0
      vertex 49.4 29.4 0
    endloop
  endfacet
  facet normal -1 0 0
    outer loop
      vertex 49.4 20.6 0
      vertex 49.4 29.4 11.4
      vertex 49.4 29.4 0
    endloop
  endfacet
  facet normal -1 -0 0
    outer loop
      vertex 49.4 29.4 11.4
      vertex 49.4 20.6 0
      vertex 49.4 20.6 11.4
    endloop
  endfacet
  facet normal 0 1 -0
    outer loop
      vertex 49.4 20.6 0
      vertex 40.6 20.6 11.4
      vertex 49.4 20.6 11.4
    endloop
  endfacet
  facet normal 0 1 0
    outer loop
      vertex 40.6 20.6 11.4
      vertex 49.4 20.6 0
      vertex 40.6 20.6 0
    endloop
  endfacet
  facet normal 1 -0 0
    outer loop
      vertex 10.6 20.6 11.4
      vertex 10.6 29.4 0
      vertex 10.6 29.4 11.4
    endloop
  endfacet
  facet normal 1 0 0
    outer loop
      vertex 10.6 29.4 0
      vertex 10.6 20.6 11.4
      vertex 10.6 20.6 0
    endloop
  endfacet
  facet normal 0 -1 0
    outer loop
      vertex 10.6 29.4 0
      vertex 19.4 29.4 11.4
      vertex 10.6 29.4 11.4
    endloop
  endfacet
  facet normal 0 -1 -0
    outer loop
      vertex 19.4 29.4 11.4
      vertex 10.6 29.4 0
      vertex 19.4 29.4 0
    endloop
  endfacet
  facet normal -1 0 0
    outer loop
      vertex 19.4 20.6 0
      vertex 19.4 29.4 11.4
      vertex 19.4 29.4 0
    endloop
  endfacet
  facet normal -1 -0 0
    outer loop
      vertex 19.4 29.4 11.4
      vertex 19.4 20.6 0
      vertex 19.4 20.6 11.4
    endloop
  endfacet
  facet normal 0 1 -0
    outer loop
      vertex 19.4 20.6 0
      vertex 10.6 20.6 11.4
      vertex 19.4 20.6 11.4
    endloop
  endfacet
  facet normal 0 1 0
    outer loop
      vertex 10.6 20.6 11.4
      vertex 19.4 20.6 0
      vertex 10.6 20.6 0
    endloop
  endfacet
  facet normal 1 -0 0
    outer loop
      vertex -39.4 10.6 11.4
      vertex -39.4 19.4 0
      vertex -39.4 19.4 11.4
    endloop
  endfacet
  facet normal 1 0 0
    outer loop
      vertex -39.4 19.4 0
      vertex -39.4 10.6 11.4
      vertex -39.4 10.6 0
    endloop
  endfacet
  facet normal 0 -1 0
    outer loop
      vertex -39.4 19.4 0
      vertex -30.6 19.4 11.4
      vertex -39.4 19.4 11.4
    endloop
  endfacet
  facet normal 0 -1 -0
    outer loop
      vertex -30.6 19.4 11.4
      vertex -39.4 19.4 0
      vertex -30.6 19.4 0
    endloop
  endfacet
  facet normal -1 0 0
    outer loop
      vertex -30.6 10.6 0
      vertex -30.6 19.4 11.4
      vertex -30.6 19.4 0
    endloop
  endfacet
  facet normal -1 -0 0
    outer loop
      vertex -30.6 19.4 11.4
      vertex -30.6 10.6 0
      vertex -30.6 10.6 11.4
    endloop
  endfacet
  facet normal 0 1 -0
    outer loop
      vertex -30.6 10.6 0
      vertex -39.4 10.6 11.4
      vertex -30.6 10.6 11.4
    endloop
  endfacet
  facet normal 0 1 0
    outer loop
      vertex -39.4 10.6 11.4
      vertex -30.6 10.6 0
      vertex -39.4 10.6 0
    endloop
  endfacet
  facet normal 1 -0 0
    outer loop
      vertex -78.9 10.6 11.4
      vertex -78.9 19.4 0
      vertex -78.9 19.4 11.4
    endloop
  endfacet
  facet normal 1 0 0
    outer loop
      vertex -78.9 19.4 0
      vertex -78.9 10.6 11.4
      vertex -78.9 10.6 0
    endloop
  endfacet
  facet normal 0 -1 0
    outer loop
      vertex -78.9 19.4 0
      vertex -70.6 19.4 11.4
      vertex -78.9 19.4 11.4
    endloop
  endfacet
  facet normal 0 -1 -0
    outer loop
      vertex -70.6 19.4 11.4
      vertex -78.9 19.4 0
      vertex -70.6 19.4 0
    endloop
  endfacet
  facet normal -1 0 0
    outer loop
      vertex -70.6 10.6 0
      vertex -70.6 19.4 11.4
      vertex -70.6 19.4 0
    endloop
  endfacet
  facet normal -1 -0 0
    outer loop
      vertex -70.6 19.4 11.4
      vertex -70.6 10.6 0
      vertex -70.6 10.6 11.4
    endloop
  endfacet
  facet normal 0 1 -0
    outer loop
      vertex -70.6 10.6 0
      vertex -78.9 10.6 11.4
      vertex -70.6 10.6 11.4
    endloop
  endfacet
  facet normal 0 1 0
    outer loop
      vertex -78.9 10.6 11.4
      vertex -70.6 10.6 0
      vertex -78.9 10.6 0
    endloop
  endfacet
  facet normal 1 -0 0
    outer loop
      vertex 70.6 10.6 11.4
      vertex 70.6 19.4 0
      vertex 70.6 19.4 11.4
    endloop
  endfacet
  facet normal 1 0 0
    outer loop
      vertex 70.6 19.4 0
      vertex 70.6 10.6 11.4
      vertex 70.6 10.6 0
    endloop
  endfacet
  facet normal 0 -1 0
    outer loop
      vertex 70.6 19.4 0
      vertex 78.9 19.4 11.4
      vertex 70.6 19.4 11.4
    endloop
  endfacet
  facet normal 0 -1 -0
    outer loop
      vertex 78.9 19.4 11.4
      vertex 70.6 19.4 0
      vertex 78.9 19.4 0
    endloop
  endfacet
  facet normal -1 0 0
    outer loop
      vertex 78.9 10.6 0
      vertex 78.9 19.4 11.4
      vertex 78.9 19.4 0
    endloop
  endfacet
  facet normal -1 -0 0
    outer loop
      vertex 78.9 19.4 11.4
      vertex 78.9 10.6 0
      vertex 78.9 10.6 11.4
    endloop
  endfacet
  facet normal 0 1 -0
    outer loop
      vertex 78.9 10.6 0
      vertex 70.6 10.6 11.4
      vertex 78.9 10.6 11.4
    endloop
  endfacet
  facet normal 0 1 0
    outer loop
      vertex 70.6 10.6 11.4
      vertex 78.9 10.6 0
      vertex 70.6 10.6 0
    endloop
  endfacet
  facet normal 1 -0 0
    outer loop
      vertex -59.4 10.6 11.4
      vertex -59.4 19.4 0
      vertex -59.4 19.4 11.4
    endloop
  endfacet
  facet normal 1 0 0
    outer loop
      vertex -59.4 19.4 0
      vertex -59.4 10.6 11.4
      vertex -59.4 10.6 0
    endloop
  endfacet
  facet normal 0 -1 0
    outer loop
      vertex -59.4 19.4 0
      vertex -50.6 19.4 11.4
      vertex -59.4 19.4 11.4
    endloop
  endfacet
  facet normal 0 -1 -0
    outer loop
      vertex -50.6 19.4 11.4
      vertex -59.4 19.4 0
      vertex -50.6 19.4 0
    endloop
  endfacet
  facet normal -1 0 0
    outer loop
      vertex -50.6 10.6 0
      vertex -50.6 19.4 11.4
      vertex -50.6 19.4 0
    endloop
  endfacet
  facet normal -1 -0 0
    outer loop
      vertex -50.6 19.4 11.4
      vertex -50.6 10.6 0
      vertex -50.6 10.6 11.4
    endloop
  endfacet
  facet normal 0 1 -0
    outer loop
      vertex -50.6 10.6 0
      vertex -59.4 10.6 11.4
      vertex -50.6 10.6 11.4
    endloop
  endfacet
  facet normal 0 1 0
    outer loop
      vertex -59.4 10.6 11.4
      vertex -50.6 10.6 0
      vertex -59.4 10.6 0
    endloop
  endfacet
  facet normal 1 -0 0
    outer loop
      vertex 40.6 10.6 11.4
      vertex 40.6 19.4 0
      vertex 40.6 19.4 11.4
    endloop
  endfacet
  facet normal 1 0 0
    outer loop
      vertex 40.6 19.4 0
      vertex 40.6 10.6 11.4
      vertex 40.6 10.6 0
    endloop
  endfacet
  facet normal 0 -1 0
    outer loop
      vertex 40.6 19.4 0
      vertex 49.4 19.4 11.4
      vertex 40.6 19.4 11.4
    endloop
  endfacet
  facet normal 0 -1 -0
    outer loop
      vertex 49.4 19.4 11.4
      vertex 40.6 19.4 0
      vertex 49.4 19.4 0
    endloop
  endfacet
  facet normal -1 0 0
    outer loop
      vertex 49.4 10.6 0
      vertex 49.4 19.4 11.4
      vertex 49.4 19.4 0
    endloop
  endfacet
  facet normal -1 -0 0
    outer loop
      vertex 49.4 19.4 11.4
      vertex 49.4 10.6 0
      vertex 49.4 10.6 11.4
    endloop
  endfacet
  facet normal 0 1 -0
    outer loop
      vertex 49.4 10.6 0
      vertex 40.6 10.6 11.4
      vertex 49.4 10.6 11.4
    endloop
  endfacet
  facet normal 0 1 0
    outer loop
      vertex 40.6 10.6 11.4
      vertex 49.4 10.6 0
      vertex 40.6 10.6 0
    endloop
  endfacet
  facet normal 1 -0 0
    outer loop
      vertex 50.6 10.6 11.4
      vertex 50.6 19.4 0
      vertex 50.6 19.4 11.4
    endloop
  endfacet
  facet normal 1 0 0
    outer loop
      vertex 50.6 19.4 0
      vertex 50.6 10.6 11.4
      vertex 50.6 10.6 0
    endloop
  endfacet
  facet normal 0 -1 0
    outer loop
      vertex 50.6 19.4 0
      vertex 59.4 19.4 11.4
      vertex 50.6 19.4 11.4
    endloop
  endfacet
  facet normal 0 -1 -0
    outer loop
      vertex 59.4 19.4 11.4
      vertex 50.6 19.4 0
      vertex 59.4 19.4 0
    endloop
  endfacet
  facet normal -1 0 0
    outer loop
      vertex 59.4 10.6 0
      vertex 59.4 19.4 11.4
      vertex 59.4 19.4 0
    endloop
  endfacet
  facet normal -1 -0 0
    outer loop
      vertex 59.4 19.4 11.4
      vertex 59.4 10.6 0
      vertex 59.4 10.6 11.4
    endloop
  endfacet
  facet normal 0 1 -0
    outer loop
      vertex 59.4 10.6 0
      vertex 50.6 10.6 11.4
      vertex 59.4 10.6 11.4
    endloop
  endfacet
  facet normal 0 1 0
    outer loop
      vertex 50.6 10.6 11.4
      vertex 59.4 10.6 0
      vertex 50.6 10.6 0
    endloop
  endfacet
  facet normal 1 -0 0
    outer loop
      vertex -69.4 10.6 11.4
      vertex -69.4 19.4 0
      vertex -69.4 19.4 11.4
    endloop
  endfacet
  facet normal 1 0 0
    outer loop
      vertex -69.4 19.4 0
      vertex -69.4 10.6 11.4
      vertex -69.4 10.6 0
    endloop
  endfacet
  facet normal 0 -1 0
    outer loop
      vertex -69.4 19.4 0
      vertex -60.6 19.4 11.4
      vertex -69.4 19.4 11.4
    endloop
  endfacet
  facet normal 0 -1 -0
    outer loop
      vertex -60.6 19.4 11.4
      vertex -69.4 19.4 0
      vertex -60.6 19.4 0
    endloop
  endfacet
  facet normal -1 0 0
    outer loop
      vertex -60.6 10.6 0
      vertex -60.6 19.4 11.4
      vertex -60.6 19.4 0
    endloop
  endfacet
  facet normal -1 -0 0
    outer loop
      vertex -60.6 19.4 11.4
      vertex -60.6 10.6 0
      vertex -60.6 10.6 11.4
    endloop
  endfacet
  facet normal 0 1 -0
    outer loop
      vertex -60.6 10.6 0
      vertex -69.4 10.6 11.4
      vertex -60.6 10.6 11.4
    endloop
  endfacet
  facet normal 0 1 0
    outer loop
      vertex -69.4 10.6 11.4
      vertex -60.6 10.6 0
      vertex -69.4 10.6 0
    endloop
  endfacet
  facet normal 1 -0 0
    outer loop
      vertex 60.6 10.6 11.4
      vertex 60.6 19.4 0
      vertex 60.6 19.4 11.4
    endloop
  endfacet
  facet normal 1 0 0
    outer loop
      vertex 60.6 19.4 0
      vertex 60.6 10.6 11.4
      vertex 60.6 10.6 0
    endloop
  endfacet
  facet normal 0 -1 0
    outer loop
      vertex 60.6 19.4 0
      vertex 69.4 19.4 11.4
      vertex 60.6 19.4 11.4
    endloop
  endfacet
  facet normal 0 -1 -0
    outer loop
      vertex 69.4 19.4 11.4
      vertex 60.6 19.4 0
      vertex 69.4 19.4 0
    endloop
  endfacet
  facet normal -1 0 0
    outer loop
      vertex 69.4 10.6 0
      vertex 69.4 19.4 11.4
      vertex 69.4 19.4 0
    endloop
  endfacet
  facet normal -1 -0 0
    outer loop
      vertex 69.4 19.4 11.4
      vertex 69.4 10.6 0
      vertex 69.4 10.6 11.4
    endloop
  endfacet
  facet normal 0 1 -0
    outer loop
      vertex 69.4 10.6 0
      vertex 60.6 10.6 11.4
      vertex 69.4 10.6 11.4
    endloop
  endfacet
  facet normal 0 1 0
    outer loop
      vertex 60.6 10.6 11.4
      vertex 69.4 10.6 0
      vertex 60.6 10.6 0
    endloop
  endfacet
  facet normal 1 -0 0
    outer loop
      vertex -29.4 10.6 11.4
      vertex -29.4 19.4 0
      vertex -29.4 19.4 11.4
    endloop
  endfacet
  facet normal 1 0 0
    outer loop
      vertex -29.4 19.4 0
      vertex -29.4 10.6 11.4
      vertex -29.4 10.6 0
    endloop
  endfacet
  facet normal 0 -1 0
    outer loop
      vertex -29.4 19.4 0
      vertex -20.6 19.4 11.4
      vertex -29.4 19.4 11.4
    endloop
  endfacet
  facet normal 0 -1 -0
    outer loop
      vertex -20.6 19.4 11.4
      vertex -29.4 19.4 0
      vertex -20.6 19.4 0
    endloop
  endfacet
  facet normal -1 0 0
    outer loop
      vertex -20.6 10.6 0
      vertex -20.6 19.4 11.4
      vertex -20.6 19.4 0
    endloop
  endfacet
  facet normal -1 -0 0
    outer loop
      vertex -20.6 19.4 11.4
      vertex -20.6 10.6 0
      vertex -20.6 10.6 11.4
    endloop
  endfacet
  facet normal 0 1 -0
    outer loop
      vertex -20.6 10.6 0
      vertex -29.4 10.6 11.4
      vertex -20.6 10.6 11.4
    endloop
  endfacet
  facet normal 0 1 0
    outer loop
      vertex -29.4 10.6 11.4
      vertex -20.6 10.6 0
      vertex -29.4 10.6 0
    endloop
  endfacet
  facet normal 1 -0 0
    outer loop
      vertex -19.4 10.6 11.4
      vertex -19.4 19.4 0
      vertex -19.4 19.4 11.4
    endloop
  endfacet
  facet normal 1 0 0
    outer loop
      vertex -19.4 19.4 0
      vertex -19.4 10.6 11.4
      vertex -19.4 10.6 0
    endloop
  endfacet
  facet normal 0 -1 0
    outer loop
      vertex -19.4 19.4 0
      vertex -10.6 19.4 11.4
      vertex -19.4 19.4 11.4
    endloop
  endfacet
  facet normal 0 -1 -0
    outer loop
      vertex -10.6 19.4 11.4
      vertex -19.4 19.4 0
      vertex -10.6 19.4 0
    endloop
  endfacet
  facet normal -1 0 0
    outer loop
      vertex -10.6 10.6 0
      vertex -10.6 19.4 11.4
      vertex -10.6 19.4 0
    endloop
  endfacet
  facet normal -1 -0 0
    outer loop
      vertex -10.6 19.4 11.4
      vertex -10.6 10.6 0
      vertex -10.6 10.6 11.4
    endloop
  endfacet
  facet normal 0 1 -0
    outer loop
      vertex -10.6 10.6 0
      vertex -19.4 10.6 11.4
      vertex -10.6 10.6 11.4
    endloop
  endfacet
  facet normal 0 1 0
    outer loop
      vertex -19.4 10.6 11.4
      vertex -10.6 10.6 0
      vertex -19.4 10.6 0
    endloop
  endfacet
  facet normal 1 -0 0
    outer loop
      vertex 30.6 10.6 11.4
      vertex 30.6 19.4 0
      vertex 30.6 19.4 11.4
    endloop
  endfacet
  facet normal 1 0 0
    outer loop
      vertex 30.6 19.4 0
      vertex 30.6 10.6 11.4
      vertex 30.6 10.6 0
    endloop
  endfacet
  facet normal 0 -1 0
    outer loop
      vertex 30.6 19.4 0
      vertex 39.4 19.4 11.4
      vertex 30.6 19.4 11.4
    endloop
  endfacet
  facet normal 0 -1 -0
    outer loop
      vertex 39.4 19.4 11.4
      vertex 30.6 19.4 0
      vertex 39.4 19.4 0
    endloop
  endfacet
  facet normal -1 0 0
    outer loop
      vertex 39.4 10.6 0
      vertex 39.4 19.4 11.4
      vertex 39.4 19.4 0
    endloop
  endfacet
  facet normal -1 -0 0
    outer loop
      vertex 39.4 19.4 11.4
      vertex 39.4 10.6 0
      vertex 39.4 10.6 11.4
    endloop
  endfacet
  facet normal 0 1 -0
    outer loop
      vertex 39.4 10.6 0
      vertex 30.6 10.6 11.4
      vertex 39.4 10.6 11.4
    endloop
  endfacet
  facet normal 0 1 0
    outer loop
      vertex 30.6 10.6 11.4
      vertex 39.4 10.6 0
      vertex 30.6 10.6 0
    endloop
  endfacet
  facet normal 1 -0 0
    outer loop
      vertex 10.6 10.6 11.4
      vertex 10.6 19.4 0
      vertex 10.6 19.4 11.4
    endloop
  endfacet
  facet normal 1 0 0
    outer loop
      vertex 10.6 19.4 0
      vertex 10.6 10.6 11.4
      vertex 10.6 10.6 0
    endloop
  endfacet
  facet normal 0 -1 0
    outer loop
      vertex 10.6 19.4 0
      vertex 19.4 19.4 11.4
      vertex 10.6 19.4 11.4
    endloop
  endfacet
  facet normal 0 -1 -0
    outer loop
      vertex 19.4 19.4 11.4
      vertex 10.6 19.4 0
      vertex 19.4 19.4 0
    endloop
  endfacet
  facet normal -1 0 0
    outer loop
      vertex 19.4 10.6 0
      vertex 19.4 19.4 11.4
      vertex 19.4 19.4 0
    endloop
  endfacet
  facet normal -1 -0 0
    outer loop
      vertex 19.4 19.4 11.4
      vertex 19.4 10.6 0
      vertex 19.4 10.6 11.4
    endloop
  endfacet
  facet normal 0 1 -0
    outer loop
      vertex 19.4 10.6 0
      vertex 10.6 10.6 11.4
      vertex 19.4 10.6 11.4
    endloop
  endfacet
  facet normal 0 1 0
    outer loop
      vertex 10.6 10.6 11.4
      vertex 19.4 10.6 0
      vertex 10.6 10.6 0
    endloop
  endfacet
  facet normal 1 -0 0
    outer loop
      vertex 0.599991 10.6 11.4
      vertex 0.599991 19.4 0
      vertex 0.599991 19.4 11.4
    endloop
  endfacet
  facet normal 1 0 0
    outer loop
      vertex 0.599991 19.4 0
      vertex 0.599991 10.6 11.4
      vertex 0.599991 10.6 0
    endloop
  endfacet
  facet normal 0 -1 0
    outer loop
      vertex 0.599991 19.4 0
      vertex 9.39999 19.4 11.4
      vertex 0.599991 19.4 11.4
    endloop
  endfacet
  facet normal 0 -1 -0
    outer loop
      vertex 9.39999 19.4 11.4
      vertex 0.599991 19.4 0
      vertex 9.39999 19.4 0
    endloop
  endfacet
  facet normal -1 0 0
    outer loop
      vertex 9.39999 10.6 0
      vertex 9.39999 19.4 11.4
      vertex 9.39999 19.4 0
    endloop
  endfacet
  facet normal -1 -0 0
    outer loop
      vertex 9.39999 19.4 11.4
      vertex 9.39999 10.6 0
      vertex 9.39999 10.6 11.4
    endloop
  endfacet
  facet normal 0 1 -0
    outer loop
      vertex 9.39999 10.6 0
      vertex 0.599991 10.6 11.4
      vertex 9.39999 10.6 11.4
    endloop
  endfacet
  facet normal 0 1 0
    outer loop
      vertex 0.599991 10.6 11.4
      vertex 9.39999 10.6 0
      vertex 0.599991 10.6 0
    endloop
  endfacet
  facet normal 1 -0 0
    outer loop
      vertex -49.4 10.6 11.4
      vertex -49.4 19.4 0
      vertex -49.4 19.4 11.4
    endloop
  endfacet
  facet normal 1 0 0
    outer loop
      vertex -49.4 19.4 0
      vertex -49.4 10.6 11.4
      vertex -49.4 10.6 0
    endloop
  endfacet
  facet normal 0 -1 0
    outer loop
      vertex -49.4 19.4 0
      vertex -40.6 19.4 11.4
      vertex -49.4 19.4 11.4
    endloop
  endfacet
  facet normal 0 -1 -0
    outer loop
      vertex -40.6 19.4 11.4
      vertex -49.4 19.4 0
      vertex -40.6 19.4 0
    endloop
  endfacet
  facet normal -1 0 0
    outer loop
      vertex -40.6 10.6 0
      vertex -40.6 19.4 11.4
      vertex -40.6 19.4 0
    endloop
  endfacet
  facet normal -1 -0 0
    outer loop
      vertex -40.6 19.4 11.4
      vertex -40.6 10.6 0
      vertex -40.6 10.6 11.4
    endloop
  endfacet
  facet normal 0 1 -0
    outer loop
      vertex -40.6 10.6 0
      vertex -49.4 10.6 11.4
      vertex -40.6 10.6 11.4
    endloop
  endfacet
  facet normal 0 1 0
    outer loop
      vertex -49.4 10.6 11.4
      vertex -40.6 10.6 0
      vertex -49.4 10.6 0
    endloop
  endfacet
  facet normal 1 -0 0
    outer loop
      vertex 20.6 10.6 11.4
      vertex 20.6 19.4 0
      vertex 20.6 19.4 11.4
    endloop
  endfacet
  facet normal 1 0 0
    outer loop
      vertex 20.6 19.4 0
      vertex 20.6 10.6 11.4
      vertex 20.6 10.6 0
    endloop
  endfacet
  facet normal 0 -1 0
    outer loop
      vertex 20.6 19.4 0
      vertex 29.4 19.4 11.4
      vertex 20.6 19.4 11.4
    endloop
  endfacet
  facet normal 0 -1 -0
    outer loop
      vertex 29.4 19.4 11.4
      vertex 20.6 19.4 0
      vertex 29.4 19.4 0
    endloop
  endfacet
  facet normal -1 0 0
    outer loop
      vertex 29.4 10.6 0
      vertex 29.4 19.4 11.4
      vertex 29.4 19.4 0
    endloop
  endfacet
  facet normal -1 -0 0
    outer loop
      vertex 29.4 19.4 11.4
      vertex 29.4 10.6 0
      vertex 29.4 10.6 11.4
    endloop
  endfacet
  facet normal 0 1 -0
    outer loop
      vertex 29.4 10.6 0
      vertex 20.6 10.6 11.4
      vertex 29.4 10.6 11.4
    endloop
  endfacet
  facet normal 0 1 0
    outer loop
      vertex 20.6 10.6 11.4
      vertex 29.4 10.6 0
      vertex 20.6 10.6 0
    endloop
  endfacet
  facet normal 1 -0 0
    outer loop
      vertex -9.39999 10.6 11.4
      vertex -9.39999 19.4 0
      vertex -9.39999 19.4 11.4
    endloop
  endfacet
  facet normal 1 0 0
    outer loop
      vertex -9.39999 19.4 0
      vertex -9.39999 10.6 11.4
      vertex -9.39999 10.6 0
    endloop
  endfacet
  facet normal 0 -1 0
    outer loop
      vertex -9.39999 19.4 0
      vertex -0.599991 19.4 11.4
      vertex -9.39999 19.4 11.4
    endloop
  endfacet
  facet normal 0 -1 -0
    outer loop
      vertex -0.599991 19.4 11.4
      vertex -9.39999 19.4 0
      vertex -0.599991 19.4 0
    endloop
  endfacet
  facet normal -1 0 0
    outer loop
      vertex -0.599991 10.6 0
      vertex -0.599991 19.4 11.4
      vertex -0.599991 19.4 0
    endloop
  endfacet
  facet normal -1 -0 0
    outer loop
      vertex -0.599991 19.4 11.4
      vertex -0.599991 10.6 0
      vertex -0.599991 10.6 11.4
    endloop
  endfacet
  facet normal 0 1 -0
    outer loop
      vertex -0.599991 10.6 0
      vertex -9.39999 10.6 11.4
      vertex -0.599991 10.6 11.4
    endloop
  endfacet
  facet normal 0 1 0
    outer loop
      vertex -9.39999 10.6 11.4
      vertex -0.599991 10.6 0
      vertex -9.39999 10.6 0
    endloop
  endfacet
  facet normal 1 -0 0
    outer loop
      vertex -39.4 0.599991 11.4
      vertex -39.4 9.39999 0
      vertex -39.4 9.39999 11.4
    endloop
  endfacet
  facet normal 1 0 0
    outer loop
      vertex -39.4 9.39999 0
      vertex -39.4 0.599991 11.4
      vertex -39.4 0.599991 0
    endloop
  endfacet
  facet normal 0 -1 0
    outer loop
      vertex -39.4 9.39999 0
      vertex -30.6 9.39999 11.4
      vertex -39.4 9.39999 11.4
    endloop
  endfacet
  facet normal 0 -1 -0
    outer loop
      vertex -30.6 9.39999 11.4
      vertex -39.4 9.39999 0
      vertex -30.6 9.39999 0
    endloop
  endfacet
  facet normal -1 0 0
    outer loop
      vertex -30.6 0.599991 0
      vertex -30.6 9.39999 11.4
      vertex -30.6 9.39999 0
    endloop
  endfacet
  facet normal -1 -0 0
    outer loop
      vertex -30.6 9.39999 11.4
      vertex -30.6 0.599991 0
      vertex -30.6 0.599991 11.4
    endloop
  endfacet
  facet normal 0 1 -0
    outer loop
      vertex -30.6 0.599991 0
      vertex -39.4 0.599991 11.4
      vertex -30.6 0.599991 11.4
    endloop
  endfacet
  facet normal 0 1 0
    outer loop
      vertex -39.4 0.599991 11.4
      vertex -30.6 0.599991 0
      vertex -39.4 0.599991 0
    endloop
  endfacet
  facet normal 1 -0 0
    outer loop
      vertex -49.4 0.599991 11.4
      vertex -49.4 9.39999 0
      vertex -49.4 9.39999 11.4
    endloop
  endfacet
  facet normal 1 0 0
    outer loop
      vertex -49.4 9.39999 0
      vertex -49.4 0.599991 11.4
      vertex -49.4 0.599991 0
    endloop
  endfacet
  facet normal 0 -1 0
    outer loop
      vertex -49.4 9.39999 0
      vertex -40.6 9.39999 11.4
      vertex -49.4 9.39999 11.4
    endloop
  endfacet
  facet normal 0 -1 -0
    outer loop
      vertex -40.6 9.39999 11.4
      vertex -49.4 9.39999 0
      vertex -40.6 9.39999 0
    endloop
  endfacet
  facet normal -1 0 0
    outer loop
      vertex -40.6 0.599991 0
      vertex -40.6 9.39999 11.4
      vertex -40.6 9.39999 0
    endloop
  endfacet
  facet normal -1 -0 0
    outer loop
      vertex -40.6 9.39999 11.4
      vertex -40.6 0.599991 0
      vertex -40.6 0.599991 11.4
    endloop
  endfacet
  facet normal 0 1 -0
    outer loop
      vertex -40.6 0.599991 0
      vertex -49.4 0.599991 11.4
      vertex -40.6 0.599991 11.4
    endloop
  endfacet
  facet normal 0 1 0
    outer loop
      vertex -49.4 0.599991 11.4
      vertex -40.6 0.599991 0
      vertex -49.4 0.599991 0
    endloop
  endfacet
  facet normal 1 -0 0
    outer loop
      vertex -59.4 0.599991 11.4
      vertex -59.4 9.39999 0
      vertex -59.4 9.39999 11.4
    endloop
  endfacet
  facet normal 1 0 0
    outer loop
      vertex -59.4 9.39999 0
      vertex -59.4 0.599991 11.4
      vertex -59.4 0.599991 0
    endloop
  endfacet
  facet normal 0 -1 0
    outer loop
      vertex -59.4 9.39999 0
      vertex -50.6 9.39999 11.4
      vertex -59.4 9.39999 11.4
    endloop
  endfacet
  facet normal 0 -1 -0
    outer loop
      vertex -50.6 9.39999 11.4
      vertex -59.4 9.39999 0
      vertex -50.6 9.39999 0
    endloop
  endfacet
  facet normal -1 0 0
    outer loop
      vertex -50.6 0.599991 0
      vertex -50.6 9.39999 11.4
      vertex -50.6 9.39999 0
    endloop
  endfacet
  facet normal -1 -0 0
    outer loop
      vertex -50.6 9.39999 11.4
      vertex -50.6 0.599991 0
      vertex -50.6 0.599991 11.4
    endloop
  endfacet
  facet normal 0 1 -0
    outer loop
      vertex -50.6 0.599991 0
      vertex -59.4 0.599991 11.4
      vertex -50.6 0.599991 11.4
    endloop
  endfacet
  facet normal 0 1 0
    outer loop
      vertex -59.4 0.599991 11.4
      vertex -50.6 0.599991 0
      vertex -59.4 0.599991 0
    endloop
  endfacet
  facet normal 1 -0 0
    outer loop
      vertex -69.4 0.599991 11.4
      vertex -69.4 9.39999 0
      vertex -69.4 9.39999 11.4
    endloop
  endfacet
  facet normal 1 0 0
    outer loop
      vertex -69.4 9.39999 0
      vertex -69.4 0.599991 11.4
      vertex -69.4 0.599991 0
    endloop
  endfacet
  facet normal 0 -1 0
    outer loop
      vertex -69.4 9.39999 0
      vertex -60.6 9.39999 11.4
      vertex -69.4 9.39999 11.4
    endloop
  endfacet
  facet normal 0 -1 -0
    outer loop
      vertex -60.6 9.39999 11.4
      vertex -69.4 9.39999 0
      vertex -60.6 9.39999 0
    endloop
  endfacet
  facet normal -1 0 0
    outer loop
      vertex -60.6 0.599991 0
      vertex -60.6 9.39999 11.4
      vertex -60.6 9.39999 0
    endloop
  endfacet
  facet normal -1 -0 0
    outer loop
      vertex -60.6 9.39999 11.4
      vertex -60.6 0.599991 0
      vertex -60.6 0.599991 11.4
    endloop
  endfacet
  facet normal 0 1 -0
    outer loop
      vertex -60.6 0.599991 0
      vertex -69.4 0.599991 11.4
      vertex -60.6 0.599991 11.4
    endloop
  endfacet
  facet normal 0 1 0
    outer loop
      vertex -69.4 0.599991 11.4
      vertex -60.6 0.599991 0
      vertex -69.4 0.599991 0
    endloop
  endfacet
  facet normal 1 -0 0
    outer loop
      vertex -9.39999 0.599991 11.4
      vertex -9.39999 9.39999 0
      vertex -9.39999 9.39999 11.4
    endloop
  endfacet
  facet normal 1 0 0
    outer loop
      vertex -9.39999 9.39999 0
      vertex -9.39999 0.599991 11.4
      vertex -9.39999 0.599991 0
    endloop
  endfacet
  facet normal 0 -1 0
    outer loop
      vertex -9.39999 9.39999 0
      vertex -0.599991 9.39999 11.4
      vertex -9.39999 9.39999 11.4
    endloop
  endfacet
  facet normal 0 -1 -0
    outer loop
      vertex -0.599991 9.39999 11.4
      vertex -9.39999 9.39999 0
      vertex -0.599991 9.39999 0
    endloop
  endfacet
  facet normal -1 0 0
    outer loop
      vertex -0.599991 0.599991 0
      vertex -0.599991 9.39999 11.4
      vertex -0.599991 9.39999 0
    endloop
  endfacet
  facet normal -1 -0 0
    outer loop
      vertex -0.599991 9.39999 11.4
      vertex -0.599991 0.599991 0
      vertex -0.599991 0.599991 11.4
    endloop
  endfacet
  facet normal 0 1 -0
    outer loop
      vertex -0.599991 0.599991 0
      vertex -9.39999 0.599991 11.4
      vertex -0.599991 0.599991 11.4
    endloop
  endfacet
  facet normal 0 1 0
    outer loop
      vertex -9.39999 0.599991 11.4
      vertex -0.599991 0.599991 0
      vertex -9.39999 0.599991 0
    endloop
  endfacet
  facet normal 1 -0 0
    outer loop
      vertex -78.9 0.599991 11.4
      vertex -78.9 9.39999 0
      vertex -78.9 9.39999 11.4
    endloop
  endfacet
  facet normal 1 0 0
    outer loop
      vertex -78.9 9.39999 0
      vertex -78.9 0.599991 11.4
      vertex -78.9 0.599991 0
    endloop
  endfacet
  facet normal 0 -1 0
    outer loop
      vertex -78.9 9.39999 0
      vertex -70.6 9.39999 11.4
      vertex -78.9 9.39999 11.4
    endloop
  endfacet
  facet normal 0 -1 -0
    outer loop
      vertex -70.6 9.39999 11.4
      vertex -78.9 9.39999 0
      vertex -70.6 9.39999 0
    endloop
  endfacet
  facet normal -1 0 0
    outer loop
      vertex -70.6 0.599991 0
      vertex -70.6 9.39999 11.4
      vertex -70.6 9.39999 0
    endloop
  endfacet
  facet normal -1 -0 0
    outer loop
      vertex -70.6 9.39999 11.4
      vertex -70.6 0.599991 0
      vertex -70.6 0.599991 11.4
    endloop
  endfacet
  facet normal 0 1 -0
    outer loop
      vertex -70.6 0.599991 0
      vertex -78.9 0.599991 11.4
      vertex -70.6 0.599991 11.4
    endloop
  endfacet
  facet normal 0 1 0
    outer loop
      vertex -78.9 0.599991 11.4
      vertex -70.6 0.599991 0
      vertex -78.9 0.599991 0
    endloop
  endfacet
  facet normal 1 -0 0
    outer loop
      vertex 70.6 0.599991 11.4
      vertex 70.6 9.39999 0
      vertex 70.6 9.39999 11.4
    endloop
  endfacet
  facet normal 1 0 0
    outer loop
      vertex 70.6 9.39999 0
      vertex 70.6 0.599991 11.4
      vertex 70.6 0.599991 0
    endloop
  endfacet
  facet normal 0 -1 0
    outer loop
      vertex 70.6 9.39999 0
      vertex 78.9 9.39999 11.4
      vertex 70.6 9.39999 11.4
    endloop
  endfacet
  facet normal 0 -1 -0
    outer loop
      vertex 78.9 9.39999 11.4
      vertex 70.6 9.39999 0
      vertex 78.9 9.39999 0
    endloop
  endfacet
  facet normal -1 0 0
    outer loop
      vertex 78.9 0.599991 0
      vertex 78.9 9.39999 11.4
      vertex 78.9 9.39999 0
    endloop
  endfacet
  facet normal -1 -0 0
    outer loop
      vertex 78.9 9.39999 11.4
      vertex 78.9 0.599991 0
      vertex 78.9 0.599991 11.4
    endloop
  endfacet
  facet normal 0 1 -0
    outer loop
      vertex 78.9 0.599991 0
      vertex 70.6 0.599991 11.4
      vertex 78.9 0.599991 11.4
    endloop
  endfacet
  facet normal 0 1 0
    outer loop
      vertex 70.6 0.599991 11.4
      vertex 78.9 0.599991 0
      vertex 70.6 0.599991 0
    endloop
  endfacet
  facet normal 1 -0 0
    outer loop
      vertex 60.6 0.599991 11.4
      vertex 60.6 9.39999 0
      vertex 60.6 9.39999 11.4
    endloop
  endfacet
  facet normal 1 0 0
    outer loop
      vertex 60.6 9.39999 0
      vertex 60.6 0.599991 11.4
      vertex 60.6 0.599991 0
    endloop
  endfacet
  facet normal 0 -1 0
    outer loop
      vertex 60.6 9.39999 0
      vertex 69.4 9.39999 11.4
      vertex 60.6 9.39999 11.4
    endloop
  endfacet
  facet normal 0 -1 -0
    outer loop
      vertex 69.4 9.39999 11.4
      vertex 60.6 9.39999 0
      vertex 69.4 9.39999 0
    endloop
  endfacet
  facet normal -1 0 0
    outer loop
      vertex 69.4 0.599991 0
      vertex 69.4 9.39999 11.4
      vertex 69.4 9.39999 0
    endloop
  endfacet
  facet normal -1 -0 0
    outer loop
      vertex 69.4 9.39999 11.4
      vertex 69.4 0.599991 0
      vertex 69.4 0.599991 11.4
    endloop
  endfacet
  facet normal 0 1 -0
    outer loop
      vertex 69.4 0.599991 0
      vertex 60.6 0.599991 11.4
      vertex 69.4 0.599991 11.4
    endloop
  endfacet
  facet normal 0 1 0
    outer loop
      vertex 60.6 0.599991 11.4
      vertex 69.4 0.599991 0
      vertex 60.6 0.599991 0
    endloop
  endfacet
  facet normal 1 -0 0
    outer loop
      vertex 50.6 0.599991 11.4
      vertex 50.6 9.39999 0
      vertex 50.6 9.39999 11.4
    endloop
  endfacet
  facet normal 1 0 0
    outer loop
      vertex 50.6 9.39999 0
      vertex 50.6 0.599991 11.4
      vertex 50.6 0.599991 0
    endloop
  endfacet
  facet normal 0 -1 0
    outer loop
      vertex 50.6 9.39999 0
      vertex 59.4 9.39999 11.4
      vertex 50.6 9.39999 11.4
    endloop
  endfacet
  facet normal 0 -1 -0
    outer loop
      vertex 59.4 9.39999 11.4
      vertex 50.6 9.39999 0
      vertex 59.4 9.39999 0
    endloop
  endfacet
  facet normal -1 0 0
    outer loop
      vertex 59.4 0.599991 0
      vertex 59.4 9.39999 11.4
      vertex 59.4 9.39999 0
    endloop
  endfacet
  facet normal -1 -0 0
    outer loop
      vertex 59.4 9.39999 11.4
      vertex 59.4 0.599991 0
      vertex 59.4 0.599991 11.4
    endloop
  endfacet
  facet normal 0 1 -0
    outer loop
      vertex 59.4 0.599991 0
      vertex 50.6 0.599991 11.4
      vertex 59.4 0.599991 11.4
    endloop
  endfacet
  facet normal 0 1 0
    outer loop
      vertex 50.6 0.599991 11.4
      vertex 59.4 0.599991 0
      vertex 50.6 0.599991 0
    endloop
  endfacet
  facet normal 1 -0 0
    outer loop
      vertex 40.6 0.599991 11.4
      vertex 40.6 9.39999 0
      vertex 40.6 9.39999 11.4
    endloop
  endfacet
  facet normal 1 0 0
    outer loop
      vertex 40.6 9.39999 0
      vertex 40.6 0.599991 11.4
      vertex 40.6 0.599991 0
    endloop
  endfacet
  facet normal 0 -1 0
    outer loop
      vertex 40.6 9.39999 0
      vertex 49.4 9.39999 11.4
      vertex 40.6 9.39999 11.4
    endloop
  endfacet
  facet normal 0 -1 -0
    outer loop
      vertex 49.4 9.39999 11.4
      vertex 40.6 9.39999 0
      vertex 49.4 9.39999 0
    endloop
  endfacet
  facet normal -1 0 0
    outer loop
      vertex 49.4 0.599991 0
      vertex 49.4 9.39999 11.4
      vertex 49.4 9.39999 0
    endloop
  endfacet
  facet normal -1 -0 0
    outer loop
      vertex 49.4 9.39999 11.4
      vertex 49.4 0.599991 0
      vertex 49.4 0.599991 11.4
    endloop
  endfacet
  facet normal 0 1 -0
    outer loop
      vertex 49.4 0.599991 0
      vertex 40.6 0.599991 11.4
      vertex 49.4 0.599991 11.4
    endloop
  endfacet
  facet normal 0 1 0
    outer loop
      vertex 40.6 0.599991 11.4
      vertex 49.4 0.599991 0
      vertex 40.6 0.599991 0
    endloop
  endfacet
  facet normal 1 -0 0
    outer loop
      vertex 30.6 0.599991 11.4
      vertex 30.6 9.39999 0
      vertex 30.6 9.39999 11.4
    endloop
  endfacet
  facet normal 1 0 0
    outer loop
      vertex 30.6 9.39999 0
      vertex 30.6 0.599991 11.4
      vertex 30.6 0.599991 0
    endloop
  endfacet
  facet normal 0 -1 0
    outer loop
      vertex 30.6 9.39999 0
      vertex 39.4 9.39999 11.4
      vertex 30.6 9.39999 11.4
    endloop
  endfacet
  facet normal 0 -1 -0
    outer loop
      vertex 39.4 9.39999 11.4
      vertex 30.6 9.39999 0
      vertex 39.4 9.39999 0
    endloop
  endfacet
  facet normal -1 0 0
    outer loop
      vertex 39.4 0.599991 0
      vertex 39.4 9.39999 11.4
      vertex 39.4 9.39999 0
    endloop
  endfacet
  facet normal -1 -0 0
    outer loop
      vertex 39.4 9.39999 11.4
      vertex 39.4 0.599991 0
      vertex 39.4 0.599991 11.4
    endloop
  endfacet
  facet normal 0 1 -0
    outer loop
      vertex 39.4 0.599991 0
      vertex 30.6 0.599991 11.4
      vertex 39.4 0.599991 11.4
    endloop
  endfacet
  facet normal 0 1 0
    outer loop
      vertex 30.6 0.599991 11.4
      vertex 39.4 0.599991 0
      vertex 30.6 0.599991 0
    endloop
  endfacet
  facet normal 1 -0 0
    outer loop
      vertex -29.4 0.599991 11.4
      vertex -29.4 9.39999 0
      vertex -29.4 9.39999 11.4
    endloop
  endfacet
  facet normal 1 0 0
    outer loop
      vertex -29.4 9.39999 0
      vertex -29.4 0.599991 11.4
      vertex -29.4 0.599991 0
    endloop
  endfacet
  facet normal 0 -1 0
    outer loop
      vertex -29.4 9.39999 0
      vertex -20.6 9.39999 11.4
      vertex -29.4 9.39999 11.4
    endloop
  endfacet
  facet normal 0 -1 -0
    outer loop
      vertex -20.6 9.39999 11.4
      vertex -29.4 9.39999 0
      vertex -20.6 9.39999 0
    endloop
  endfacet
  facet normal -1 0 0
    outer loop
      vertex -20.6 0.599991 0
      vertex -20.6 9.39999 11.4
      vertex -20.6 9.39999 0
    endloop
  endfacet
  facet normal -1 -0 0
    outer loop
      vertex -20.6 9.39999 11.4
      vertex -20.6 0.599991 0
      vertex -20.6 0.599991 11.4
    endloop
  endfacet
  facet normal 0 1 -0
    outer loop
      vertex -20.6 0.599991 0
      vertex -29.4 0.599991 11.4
      vertex -20.6 0.599991 11.4
    endloop
  endfacet
  facet normal 0 1 0
    outer loop
      vertex -29.4 0.599991 11.4
      vertex -20.6 0.599991 0
      vertex -29.4 0.599991 0
    endloop
  endfacet
  facet normal 1 -0 0
    outer loop
      vertex 20.6 0.599991 11.4
      vertex 20.6 9.39999 0
      vertex 20.6 9.39999 11.4
    endloop
  endfacet
  facet normal 1 0 0
    outer loop
      vertex 20.6 9.39999 0
      vertex 20.6 0.599991 11.4
      vertex 20.6 0.599991 0
    endloop
  endfacet
  facet normal 0 -1 0
    outer loop
      vertex 20.6 9.39999 0
      vertex 29.4 9.39999 11.4
      vertex 20.6 9.39999 11.4
    endloop
  endfacet
  facet normal 0 -1 -0
    outer loop
      vertex 29.4 9.39999 11.4
      vertex 20.6 9.39999 0
      vertex 29.4 9.39999 0
    endloop
  endfacet
  facet normal -1 0 0
    outer loop
      vertex 29.4 0.599991 0
      vertex 29.4 9.39999 11.4
      vertex 29.4 9.39999 0
    endloop
  endfacet
  facet normal -1 -0 0
    outer loop
      vertex 29.4 9.39999 11.4
      vertex 29.4 0.599991 0
      vertex 29.4 0.599991 11.4
    endloop
  endfacet
  facet normal 0 1 -0
    outer loop
      vertex 29.4 0.599991 0
      vertex 20.6 0.599991 11.4
      vertex 29.4 0.599991 11.4
    endloop
  endfacet
  facet normal 0 1 0
    outer loop
      vertex 20.6 0.599991 11.4
      vertex 29.4 0.599991 0
      vertex 20.6 0.599991 0
    endloop
  endfacet
  facet normal 1 -0 0
    outer loop
      vertex -19.4 0.599991 11.4
      vertex -19.4 9.39999 0
      vertex -19.4 9.39999 11.4
    endloop
  endfacet
  facet normal 1 0 0
    outer loop
      vertex -19.4 9.39999 0
      vertex -19.4 0.599991 11.4
      vertex -19.4 0.599991 0
    endloop
  endfacet
  facet normal 0 -1 0
    outer loop
      vertex -19.4 9.39999 0
      vertex -10.6 9.39999 11.4
      vertex -19.4 9.39999 11.4
    endloop
  endfacet
  facet normal 0 -1 -0
    outer loop
      vertex -10.6 9.39999 11.4
      vertex -19.4 9.39999 0
      vertex -10.6 9.39999 0
    endloop
  endfacet
  facet normal -1 0 0
    outer loop
      vertex -10.6 0.599991 0
      vertex -10.6 9.39999 11.4
      vertex -10.6 9.39999 0
    endloop
  endfacet
  facet normal -1 -0 0
    outer loop
      vertex -10.6 9.39999 11.4
      vertex -10.6 0.599991 0
      vertex -10.6 0.599991 11.4
    endloop
  endfacet
  facet normal 0 1 -0
    outer loop
      vertex -10.6 0.599991 0
      vertex -19.4 0.599991 11.4
      vertex -10.6 0.599991 11.4
    endloop
  endfacet
  facet normal 0 1 0
    outer loop
      vertex -19.4 0.599991 11.4
      vertex -10.6 0.599991 0
      vertex -19.4 0.599991 0
    endloop
  endfacet
  facet normal 1 -0 0
    outer loop
      vertex 10.6 0.599991 11.4
      vertex 10.6 9.39999 0
      vertex 10.6 9.39999 11.4
    endloop
  endfacet
  facet normal 1 0 0
    outer loop
      vertex 10.6 9.39999 0
      vertex 10.6 0.599991 11.4
      vertex 10.6 0.599991 0
    endloop
  endfacet
  facet normal 0 -1 0
    outer loop
      vertex 10.6 9.39999 0
      vertex 19.4 9.39999 11.4
      vertex 10.6 9.39999 11.4
    endloop
  endfacet
  facet normal 0 -1 -0
    outer loop
      vertex 19.4 9.39999 11.4
      vertex 10.6 9.39999 0
      vertex 19.4 9.39999 0
    endloop
  endfacet
  facet normal -1 0 0
    outer loop
      vertex 19.4 0.599991 0
      vertex 19.4 9.39999 11.4
      vertex 19.4 9.39999 0
    endloop
  endfacet
  facet normal -1 -0 0
    outer loop
      vertex 19.4 9.39999 11.4
      vertex 19.4 0.599991 0
      vertex 19.4 0.599991 11.4
    endloop
  endfacet
  facet normal 0 1 -0
    outer loop
      vertex 19.4 0.599991 0
      vertex 10.6 0.599991 11.4
      vertex 19.4 0.599991 11.4
    endloop
  endfacet
  facet normal 0 1 0
    outer loop
      vertex 10.6 0.599991 11.4
      vertex 19.4 0.599991 0
      vertex 10.6 0.599991 0
    endloop
  endfacet
  facet normal 1 -0 0
    outer loop
      vertex 0.599991 0.599991 11.4
      vertex 0.599991 9.39999 0
      vertex 0.599991 9.39999 11.4
    endloop
  endfacet
  facet normal 1 0 0
    outer loop
      vertex 0.599991 9.39999 0
      vertex 0.599991 0.599991 11.4
      vertex 0.599991 0.599991 0
    endloop
  endfacet
  facet normal 0 -1 0
    outer loop
      vertex 0.599991 9.39999 0
      vertex 9.39999 9.39999 11.4
      vertex 0.599991 9.39999 11.4
    endloop
  endfacet
  facet normal 0 -1 -0
    outer loop
      vertex 9.39999 9.39999 11.4
      vertex 0.599991 9.39999 0
      vertex 9.39999 9.39999 0
    endloop
  endfacet
  facet normal -1 0 0
    outer loop
      vertex 9.39999 0.599991 0
      vertex 9.39999 9.39999 11.4
      vertex 9.39999 9.39999 0
    endloop
  endfacet
  facet normal -1 -0 0
    outer loop
      vertex 9.39999 9.39999 11.4
      vertex 9.39999 0.599991 0
      vertex 9.39999 0.599991 11.4
    endloop
  endfacet
  facet normal 0 1 -0
    outer loop
      vertex 9.39999 0.599991 0
      vertex 0.599991 0.599991 11.4
      vertex 9.39999 0.599991 11.4
    endloop
  endfacet
  facet normal 0 1 0
    outer loop
      vertex 0.599991 0.599991 11.4
      vertex 9.39999 0.599991 0
      vertex 0.599991 0.599991 0
    endloop
  endfacet
  facet normal 1 -0 0
    outer loop
      vertex 0.599991 -9.39999 11.4
      vertex 0.599991 -0.599991 0
      vertex 0.599991 -0.599991 11.4
    endloop
  endfacet
  facet normal 1 0 0
    outer loop
      vertex 0.599991 -0.599991 0
      vertex 0.599991 -9.39999 11.4
      vertex 0.599991 -9.39999 0
    endloop
  endfacet
  facet normal 0 -1 0
    outer loop
      vertex 0.599991 -0.599991 0
      vertex 9.39999 -0.599991 11.4
      vertex 0.599991 -0.599991 11.4
    endloop
  endfacet
  facet normal 0 -1 -0
    outer loop
      vertex 9.39999 -0.599991 11.4
      vertex 0.599991 -0.599991 0
      vertex 9.39999 -0.599991 0
    endloop
  endfacet
  facet normal -1 0 0
    outer loop
      vertex 9.39999 -9.39999 0
      vertex 9.39999 -0.599991 11.4
      vertex 9.39999 -0.599991 0
    endloop
  endfacet
  facet normal -1 -0 0
    outer loop
      vertex 9.39999 -0.599991 11.4
      vertex 9.39999 -9.39999 0
      vertex 9.39999 -9.39999 11.4
    endloop
  endfacet
  facet normal 0 1 -0
    outer loop
      vertex 9.39999 -9.39999 0
      vertex 0.599991 -9.39999 11.4
      vertex 9.39999 -9.39999 11.4
    endloop
  endfacet
  facet normal 0 1 0
    outer loop
      vertex 0.599991 -9.39999 11.4
      vertex 9.39999 -9.39999 0
      vertex 0.599991 -9.39999 0
    endloop
  endfacet
  facet normal 1 -0 0
    outer loop
      vertex 70.6 -9.39999 11.4
      vertex 70.6 -0.599991 0
      vertex 70.6 -0.599991 11.4
    endloop
  endfacet
  facet normal 1 0 0
    outer loop
      vertex 70.6 -0.599991 0
      vertex 70.6 -9.39999 11.4
      vertex 70.6 -9.39999 0
    endloop
  endfacet
  facet normal 0 -1 0
    outer loop
      vertex 70.6 -0.599991 0
      vertex 78.9 -0.599991 11.4
      vertex 70.6 -0.599991 11.4
    endloop
  endfacet
  facet normal 0 -1 -0
    outer loop
      vertex 78.9 -0.599991 11.4
      vertex 70.6 -0.599991 0
      vertex 78.9 -0.599991 0
    endloop
  endfacet
  facet normal -1 0 0
    outer loop
      vertex 78.9 -9.39999 0
      vertex 78.9 -0.599991 11.4
      vertex 78.9 -0.599991 0
    endloop
  endfacet
  facet normal -1 -0 0
    outer loop
      vertex 78.9 -0.599991 11.4
      vertex 78.9 -9.39999 0
      vertex 78.9 -9.39999 11.4
    endloop
  endfacet
  facet normal 0 1 -0
    outer loop
      vertex 78.9 -9.39999 0
      vertex 70.6 -9.39999 11.4
      vertex 78.9 -9.39999 11.4
    endloop
  endfacet
  facet normal 0 1 0
    outer loop
      vertex 70.6 -9.39999 11.4
      vertex 78.9 -9.39999 0
      vertex 70.6 -9.39999 0
    endloop
  endfacet
  facet normal 1 -0 0
    outer loop
      vertex 60.6 -9.39999 11.4
      vertex 60.6 -0.599991 0
      vertex 60.6 -0.599991 11.4
    endloop
  endfacet
  facet normal 1 0 0
    outer loop
      vertex 60.6 -0.599991 0
      vertex 60.6 -9.39999 11.4
      vertex 60.6 -9.39999 0
    endloop
  endfacet
  facet normal 0 -1 0
    outer loop
      vertex 60.6 -0.599991 0
      vertex 69.4 -0.599991 11.4
      vertex 60.6 -0.599991 11.4
    endloop
  endfacet
  facet normal 0 -1 -0
    outer loop
      vertex 69.4 -0.599991 11.4
      vertex 60.6 -0.599991 0
      vertex 69.4 -0.599991 0
    endloop
  endfacet
  facet normal -1 0 0
    outer loop
      vertex 69.4 -9.39999 0
      vertex 69.4 -0.599991 11.4
      vertex 69.4 -0.599991 0
    endloop
  endfacet
  facet normal -1 -0 0
    outer loop
      vertex 69.4 -0.599991 11.4
      vertex 69.4 -9.39999 0
      vertex 69.4 -9.39999 11.4
    endloop
  endfacet
  facet normal 0 1 -0
    outer loop
      vertex 69.4 -9.39999 0
      vertex 60.6 -9.39999 11.4
      vertex 69.4 -9.39999 11.4
    endloop
  endfacet
  facet normal 0 1 0
    outer loop
      vertex 60.6 -9.39999 11.4
      vertex 69.4 -9.39999 0
      vertex 60.6 -9.39999 0
    endloop
  endfacet
  facet normal 1 -0 0
    outer loop
      vertex 50.6 -9.39999 11.4
      vertex 50.6 -0.599991 0
      vertex 50.6 -0.599991 11.4
    endloop
  endfacet
  facet normal 1 0 0
    outer loop
      vertex 50.6 -0.599991 0
      vertex 50.6 -9.39999 11.4
      vertex 50.6 -9.39999 0
    endloop
  endfacet
  facet normal 0 -1 0
    outer loop
      vertex 50.6 -0.599991 0
      vertex 59.4 -0.599991 11.4
      vertex 50.6 -0.599991 11.4
    endloop
  endfacet
  facet normal 0 -1 -0
    outer loop
      vertex 59.4 -0.599991 11.4
      vertex 50.6 -0.599991 0
      vertex 59.4 -0.599991 0
    endloop
  endfacet
  facet normal -1 0 0
    outer loop
      vertex 59.4 -9.39999 0
      vertex 59.4 -0.599991 11.4
      vertex 59.4 -0.599991 0
    endloop
  endfacet
  facet normal -1 -0 0
    outer loop
      vertex 59.4 -0.599991 11.4
      vertex 59.4 -9.39999 0
      vertex 59.4 -9.39999 11.4
    endloop
  endfacet
  facet normal 0 1 -0
    outer loop
      vertex 59.4 -9.39999 0
      vertex 50.6 -9.39999 11.4
      vertex 59.4 -9.39999 11.4
    endloop
  endfacet
  facet normal 0 1 0
    outer loop
      vertex 50.6 -9.39999 11.4
      vertex 59.4 -9.39999 0
      vertex 50.6 -9.39999 0
    endloop
  endfacet
  facet normal 1 -0 0
    outer loop
      vertex 40.6 -9.39999 11.4
      vertex 40.6 -0.599991 0
      vertex 40.6 -0.599991 11.4
    endloop
  endfacet
  facet normal 1 0 0
    outer loop
      vertex 40.6 -0.599991 0
      vertex 40.6 -9.39999 11.4
      vertex 40.6 -9.39999 0
    endloop
  endfacet
  facet normal 0 -1 0
    outer loop
      vertex 40.6 -0.599991 0
      vertex 49.4 -0.599991 11.4
      vertex 40.6 -0.599991 11.4
    endloop
  endfacet
  facet normal 0 -1 -0
    outer loop
      vertex 49.4 -0.599991 11.4
      vertex 40.6 -0.599991 0
      vertex 49.4 -0.599991 0
    endloop
  endfacet
  facet normal -1 0 0
    outer loop
      vertex 49.4 -9.39999 0
      vertex 49.4 -0.599991 11.4
      vertex 49.4 -0.599991 0
    endloop
  endfacet
  facet normal -1 -0 0
    outer loop
      vertex 49.4 -0.599991 11.4
      vertex 49.4 -9.39999 0
      vertex 49.4 -9.39999 11.4
    endloop
  endfacet
  facet normal 0 1 -0
    outer loop
      vertex 49.4 -9.39999 0
      vertex 40.6 -9.39999 11.4
      vertex 49.4 -9.39999 11.4
    endloop
  endfacet
  facet normal 0 1 0
    outer loop
      vertex 40.6 -9.39999 11.4
      vertex 49.4 -9.39999 0
      vertex 40.6 -9.39999 0
    endloop
  endfacet
  facet normal 1 -0 0
    outer loop
      vertex 30.6 -9.39999 11.4
      vertex 30.6 -0.599991 0
      vertex 30.6 -0.599991 11.4
    endloop
  endfacet
  facet normal 1 0 0
    outer loop
      vertex 30.6 -0.599991 0
      vertex 30.6 -9.39999 11.4
      vertex 30.6 -9.39999 0
    endloop
  endfacet
  facet normal 0 -1 0
    outer loop
      vertex 30.6 -0.599991 0
      vertex 39.4 -0.599991 11.4
      vertex 30.6 -0.599991 11.4
    endloop
  endfacet
  facet normal 0 -1 -0
    outer loop
      vertex 39.4 -0.599991 11.4
      vertex 30.6 -0.599991 0
      vertex 39.4 -0.599991 0
    endloop
  endfacet
  facet normal -1 0 0
    outer loop
      vertex 39.4 -9.39999 0
      vertex 39.4 -0.599991 11.4
      vertex 39.4 -0.599991 0
    endloop
  endfacet
  facet normal -1 -0 0
    outer loop
      vertex 39.4 -0.599991 11.4
      vertex 39.4 -9.39999 0
      vertex 39.4 -9.39999 11.4
    endloop
  endfacet
  facet normal 0 1 -0
    outer loop
      vertex 39.4 -9.39999 0
      vertex 30.6 -9.39999 11.4
      vertex 39.4 -9.39999 11.4
    endloop
  endfacet
  facet normal 0 1 0
    outer loop
      vertex 30.6 -9.39999 11.4
      vertex 39.4 -9.39999 0
      vertex 30.6 -9.39999 0
    endloop
  endfacet
  facet normal 1 -0 0
    outer loop
      vertex 20.6 -9.39999 11.4
      vertex 20.6 -0.599991 0
      vertex 20.6 -0.599991 11.4
    endloop
  endfacet
  facet normal 1 0 0
    outer loop
      vertex 20.6 -0.599991 0
      vertex 20.6 -9.39999 11.4
      vertex 20.6 -9.39999 0
    endloop
  endfacet
  facet normal 0 -1 0
    outer loop
      vertex 20.6 -0.599991 0
      vertex 29.4 -0.599991 11.4
      vertex 20.6 -0.599991 11.4
    endloop
  endfacet
  facet normal 0 -1 -0
    outer loop
      vertex 29.4 -0.599991 11.4
      vertex 20.6 -0.599991 0
      vertex 29.4 -0.599991 0
    endloop
  endfacet
  facet normal -1 0 0
    outer loop
      vertex 29.4 -9.39999 0
      vertex 29.4 -0.599991 11.4
      vertex 29.4 -0.599991 0
    endloop
  endfacet
  facet normal -1 -0 0
    outer loop
      vertex 29.4 -0.599991 11.4
      vertex 29.4 -9.39999 0
      vertex 29.4 -9.39999 11.4
    endloop
  endfacet
  facet normal 0 1 -0
    outer loop
      vertex 29.4 -9.39999 0
      vertex 20.6 -9.39999 11.4
      vertex 29.4 -9.39999 11.4
    endloop
  endfacet
  facet normal 0 1 0
    outer loop
      vertex 20.6 -9.39999 11.4
      vertex 29.4 -9.39999 0
      vertex 20.6 -9.39999 0
    endloop
  endfacet
  facet normal 1 -0 0
    outer loop
      vertex 10.6 -9.39999 11.4
      vertex 10.6 -0.599991 0
      vertex 10.6 -0.599991 11.4
    endloop
  endfacet
  facet normal 1 0 0
    outer loop
      vertex 10.6 -0.599991 0
      vertex 10.6 -9.39999 11.4
      vertex 10.6 -9.39999 0
    endloop
  endfacet
  facet normal 0 -1 0
    outer loop
      vertex 10.6 -0.599991 0
      vertex 19.4 -0.599991 11.4
      vertex 10.6 -0.599991 11.4
    endloop
  endfacet
  facet normal 0 -1 -0
    outer loop
      vertex 19.4 -0.599991 11.4
      vertex 10.6 -0.599991 0
      vertex 19.4 -0.599991 0
    endloop
  endfacet
  facet normal -1 0 0
    outer loop
      vertex 19.4 -9.39999 0
      vertex 19.4 -0.599991 11.4
      vertex 19.4 -0.599991 0
    endloop
  endfacet
  facet normal -1 -0 0
    outer loop
      vertex 19.4 -0.599991 11.4
      vertex 19.4 -9.39999 0
      vertex 19.4 -9.39999 11.4
    endloop
  endfacet
  facet normal 0 1 -0
    outer loop
      vertex 19.4 -9.39999 0
      vertex 10.6 -9.39999 11.4
      vertex 19.4 -9.39999 11.4
    endloop
  endfacet
  facet normal 0 1 0
    outer loop
      vertex 10.6 -9.39999 11.4
      vertex 19.4 -9.39999 0
      vertex 10.6 -9.39999 0
    endloop
  endfacet
  facet normal 1 -0 0
    outer loop
      vertex -9.39999 -9.39999 11.4
      vertex -9.39999 -0.599991 0
      vertex -9.39999 -0.599991 11.4
    endloop
  endfacet
  facet normal 1 0 0
    outer loop
      vertex -9.39999 -0.599991 0
      vertex -9.39999 -9.39999 11.4
      vertex -9.39999 -9.39999 0
    endloop
  endfacet
  facet normal 0 -1 0
    outer loop
      vertex -9.39999 -0.599991 0
      vertex -0.599991 -0.599991 11.4
      vertex -9.39999 -0.599991 11.4
    endloop
  endfacet
  facet normal 0 -1 -0
    outer loop
      vertex -0.599991 -0.599991 11.4
      vertex -9.39999 -0.599991 0
      vertex -0.599991 -0.599991 0
    endloop
  endfacet
  facet normal -1 0 0
    outer loop
      vertex -0.599991 -9.39999 0
      vertex -0.599991 -0.599991 11.4
      vertex -0.599991 -0.599991 0
    endloop
  endfacet
  facet normal -1 -0 0
    outer loop
      vertex -0.599991 -0.599991 11.4
      vertex -0.599991 -9.39999 0
      vertex -0.599991 -9.39999 11.4
    endloop
  endfacet
  facet normal 0 1 -0
    outer loop
      vertex -0.599991 -9.39999 0
      vertex -9.39999 -9.39999 11.4
      vertex -0.599991 -9.39999 11.4
    endloop
  endfacet
  facet normal 0 1 0
    outer loop
      vertex -9.39999 -9.39999 11.4
      vertex -0.599991 -9.39999 0
      vertex -9.39999 -9.39999 0
    endloop
  endfacet
  facet normal 1 -0 0
    outer loop
      vertex -19.4 -9.39999 11.4
      vertex -19.4 -0.599991 0
      vertex -19.4 -0.599991 11.4
    endloop
  endfacet
  facet normal 1 0 0
    outer loop
      vertex -19.4 -0.599991 0
      vertex -19.4 -9.39999 11.4
      vertex -19.4 -9.39999 0
    endloop
  endfacet
  facet normal 0 -1 0
    outer loop
      vertex -19.4 -0.599991 0
      vertex -10.6 -0.599991 11.4
      vertex -19.4 -0.599991 11.4
    endloop
  endfacet
  facet normal 0 -1 -0
    outer loop
      vertex -10.6 -0.599991 11.4
      vertex -19.4 -0.599991 0
      vertex -10.6 -0.599991 0
    endloop
  endfacet
  facet normal -1 0 0
    outer loop
      vertex -10.6 -9.39999 0
      vertex -10.6 -0.599991 11.4
      vertex -10.6 -0.599991 0
    endloop
  endfacet
  facet normal -1 -0 0
    outer loop
      vertex -10.6 -0.599991 11.4
      vertex -10.6 -9.39999 0
      vertex -10.6 -9.39999 11.4
    endloop
  endfacet
  facet normal 0 1 -0
    outer loop
      vertex -10.6 -9.39999 0
      vertex -19.4 -9.39999 11.4
      vertex -10.6 -9.39999 11.4
    endloop
  endfacet
  facet normal 0 1 0
    outer loop
      vertex -19.4 -9.39999 11.4
      vertex -10.6 -9.39999 0
      vertex -19.4 -9.39999 0
    endloop
  endfacet
  facet normal 1 -0 0
    outer loop
      vertex -29.4 -9.39999 11.4
      vertex -29.4 -0.599991 0
      vertex -29.4 -0.599991 11.4
    endloop
  endfacet
  facet normal 1 0 0
    outer loop
      vertex -29.4 -0.599991 0
      vertex -29.4 -9.39999 11.4
      vertex -29.4 -9.39999 0
    endloop
  endfacet
  facet normal 0 -1 0
    outer loop
      vertex -29.4 -0.599991 0
      vertex -20.6 -0.599991 11.4
      vertex -29.4 -0.599991 11.4
    endloop
  endfacet
  facet normal 0 -1 -0
    outer loop
      vertex -20.6 -0.599991 11.4
      vertex -29.4 -0.599991 0
      vertex -20.6 -0.599991 0
    endloop
  endfacet
  facet normal -1 0 0
    outer loop
      vertex -20.6 -9.39999 0
      vertex -20.6 -0.599991 11.4
      vertex -20.6 -0.599991 0
    endloop
  endfacet
  facet normal -1 -0 0
    outer loop
      vertex -20.6 -0.599991 11.4
      vertex -20.6 -9.39999 0
      vertex -20.6 -9.39999 11.4
    endloop
  endfacet
  facet normal 0 1 -0
    outer loop
      vertex -20.6 -9.39999 0
      vertex -29.4 -9.39999 11.4
      vertex -20.6 -9.39999 11.4
    endloop
  endfacet
  facet normal 0 1 0
    outer loop
      vertex -29.4 -9.39999 11.4
      vertex -20.6 -9.39999 0
      vertex -29.4 -9.39999 0
    endloop
  endfacet
  facet normal 1 -0 0
    outer loop
      vertex -39.4 -9.39999 11.4
      vertex -39.4 -0.599991 0
      vertex -39.4 -0.599991 11.4
    endloop
  endfacet
  facet normal 1 0 0
    outer loop
      vertex -39.4 -0.599991 0
      vertex -39.4 -9.39999 11.4
      vertex -39.4 -9.39999 0
    endloop
  endfacet
  facet normal 0 -1 0
    outer loop
      vertex -39.4 -0.599991 0
      vertex -30.6 -0.599991 11.4
      vertex -39.4 -0.599991 11.4
    endloop
  endfacet
  facet normal 0 -1 -0
    outer loop
      vertex -30.6 -0.599991 11.4
      vertex -39.4 -0.599991 0
      vertex -30.6 -0.599991 0
    endloop
  endfacet
  facet normal -1 0 0
    outer loop
      vertex -30.6 -9.39999 0
      vertex -30.6 -0.599991 11.4
      vertex -30.6 -0.599991 0
    endloop
  endfacet
  facet normal -1 -0 0
    outer loop
      vertex -30.6 -0.599991 11.4
      vertex -30.6 -9.39999 0
      vertex -30.6 -9.39999 11.4
    endloop
  endfacet
  facet normal 0 1 -0
    outer loop
      vertex -30.6 -9.39999 0
      vertex -39.4 -9.39999 11.4
      vertex -30.6 -9.39999 11.4
    endloop
  endfacet
  facet normal 0 1 0
    outer loop
      vertex -39.4 -9.39999 11.4
      vertex -30.6 -9.39999 0
      vertex -39.4 -9.39999 0
    endloop
  endfacet
  facet normal 1 -0 0
    outer loop
      vertex -49.4 -9.39999 11.4
      vertex -49.4 -0.599991 0
      vertex -49.4 -0.599991 11.4
    endloop
  endfacet
  facet normal 1 0 0
    outer loop
      vertex -49.4 -0.599991 0
      vertex -49.4 -9.39999 11.4
      vertex -49.4 -9.39999 0
    endloop
  endfacet
  facet normal 0 -1 0
    outer loop
      vertex -49.4 -0.599991 0
      vertex -40.6 -0.599991 11.4
      vertex -49.4 -0.599991 11.4
    endloop
  endfacet
  facet normal 0 -1 -0
    outer loop
      vertex -40.6 -0.599991 11.4
      vertex -49.4 -0.599991 0
      vertex -40.6 -0.599991 0
    endloop
  endfacet
  facet normal -1 0 0
    outer loop
      vertex -40.6 -9.39999 0
      vertex -40.6 -0.599991 11.4
      vertex -40.6 -0.599991 0
    endloop
  endfacet
  facet normal -1 -0 0
    outer loop
      vertex -40.6 -0.599991 11.4
      vertex -40.6 -9.39999 0
      vertex -40.6 -9.39999 11.4
    endloop
  endfacet
  facet normal 0 1 -0
    outer loop
      vertex -40.6 -9.39999 0
      vertex -49.4 -9.39999 11.4
      vertex -40.6 -9.39999 11.4
    endloop
  endfacet
  facet normal 0 1 0
    outer loop
      vertex -49.4 -9.39999 11.4
      vertex -40.6 -9.39999 0
      vertex -49.4 -9.39999 0
    endloop
  endfacet
  facet normal 1 -0 0
    outer loop
      vertex -59.4 -9.39999 11.4
      vertex -59.4 -0.599991 0
      vertex -59.4 -0.599991 11.4
    endloop
  endfacet
  facet normal 1 0 0
    outer loop
      vertex -59.4 -0.599991 0
      vertex -59.4 -9.39999 11.4
      vertex -59.4 -9.39999 0
    endloop
  endfacet
  facet normal 0 -1 0
    outer loop
      vertex -59.4 -0.599991 0
      vertex -50.6 -0.599991 11.4
      vertex -59.4 -0.599991 11.4
    endloop
  endfacet
  facet normal 0 -1 -0
    outer loop
      vertex -50.6 -0.599991 11.4
      vertex -59.4 -0.599991 0
      vertex -50.6 -0.599991 0
    endloop
  endfacet
  facet normal -1 0 0
    outer loop
      vertex -50.6 -9.39999 0
      vertex -50.6 -0.599991 11.4
      vertex -50.6 -0.599991 0
    endloop
  endfacet
  facet normal -1 -0 0
    outer loop
      vertex -50.6 -0.599991 11.4
      vertex -50.6 -9.39999 0
      vertex -50.6 -9.39999 11.4
    endloop
  endfacet
  facet normal 0 1 -0
    outer loop
      vertex -50.6 -9.39999 0
      vertex -59.4 -9.39999 11.4
      vertex -50.6 -9.39999 11.4
    endloop
  endfacet
  facet normal 0 1 0
    outer loop
      vertex -59.4 -9.39999 11.4
      vertex -50.6 -9.39999 0
      vertex -59.4 -9.39999 0
    endloop
  endfacet
  facet normal 1 -0 0
    outer loop
      vertex -69.4 -9.39999 11.4
      vertex -69.4 -0.599991 0
      vertex -69.4 -0.599991 11.4
    endloop
  endfacet
  facet normal 1 0 0
    outer loop
      vertex -69.4 -0.599991 0
      vertex -69.4 -9.39999 11.4
      vertex -69.4 -9.39999 0
    endloop
  endfacet
  facet normal 0 -1 0
    outer loop
      vertex -69.4 -0.599991 0
      vertex -60.6 -0.599991 11.4
      vertex -69.4 -0.599991 11.4
    endloop
  endfacet
  facet normal 0 -1 -0
    outer loop
      vertex -60.6 -0.599991 11.4
      vertex -69.4 -0.599991 0
      vertex -60.6 -0.599991 0
    endloop
  endfacet
  facet normal -1 0 0
    outer loop
      vertex -60.6 -9.39999 0
      vertex -60.6 -0.599991 11.4
      vertex -60.6 -0.599991 0
    endloop
  endfacet
  facet normal -1 -0 0
    outer loop
      vertex -60.6 -0.599991 11.4
      vertex -60.6 -9.39999 0
      vertex -60.6 -9.39999 11.4
    endloop
  endfacet
  facet normal 0 1 -0
    outer loop
      vertex -60.6 -9.39999 0
      vertex -69.4 -9.39999 11.4
      vertex -60.6 -9.39999 11.4
    endloop
  endfacet
  facet normal 0 1 0
    outer loop
      vertex -69.4 -9.39999 11.4
      vertex -60.6 -9.39999 0
      vertex -69.4 -9.39999 0
    endloop
  endfacet
  facet normal 1 -0 0
    outer loop
      vertex -78.9 -9.39999 11.4
      vertex -78.9 -0.599991 0
      vertex -78.9 -0.599991 11.4
    endloop
  endfacet
  facet normal 1 0 0
    outer loop
      vertex -78.9 -0.599991 0
      vertex -78.9 -9.39999 11.4
      vertex -78.9 -9.39999 0
    endloop
  endfacet
  facet normal 0 -1 0
    outer loop
      vertex -78.9 -0.599991 0
      vertex -70.6 -0.599991 11.4
      vertex -78.9 -0.599991 11.4
    endloop
  endfacet
  facet normal 0 -1 -0
    outer loop
      vertex -70.6 -0.599991 11.4
      vertex -78.9 -0.599991 0
      vertex -70.6 -0.599991 0
    endloop
  endfacet
  facet normal -1 0 0
    outer loop
      vertex -70.6 -9.39999 0
      vertex -70.6 -0.599991 11.4
      vertex -70.6 -0.599991 0
    endloop
  endfacet
  facet normal -1 -0 0
    outer loop
      vertex -70.6 -0.599991 11.4
      vertex -70.6 -9.39999 0
      vertex -70.6 -9.39999 11.4
    endloop
  endfacet
  facet normal 0 1 -0
    outer loop
      vertex -70.6 -9.39999 0
      vertex -78.9 -9.39999 11.4
      vertex -70.6 -9.39999 11.4
    endloop
  endfacet
  facet normal 0 1 0
    outer loop
      vertex -78.9 -9.39999 11.4
      vertex -70.6 -9.39999 0
      vertex -78.9 -9.39999 0
    endloop
  endfacet
  facet normal 1 -0 0
    outer loop
      vertex -9.39999 -19.4 11.4
      vertex -9.39999 -10.6 0
      vertex -9.39999 -10.6 11.4
    endloop
  endfacet
  facet normal 1 0 0
    outer loop
      vertex -9.39999 -10.6 0
      vertex -9.39999 -19.4 11.4
      vertex -9.39999 -19.4 0
    endloop
  endfacet
  facet normal 0 -1 0
    outer loop
      vertex -9.39999 -10.6 0
      vertex -0.599991 -10.6 11.4
      vertex -9.39999 -10.6 11.4
    endloop
  endfacet
  facet normal 0 -1 -0
    outer loop
      vertex -0.599991 -10.6 11.4
      vertex -9.39999 -10.6 0
      vertex -0.599991 -10.6 0
    endloop
  endfacet
  facet normal -1 0 0
    outer loop
      vertex -0.599991 -19.4 0
      vertex -0.599991 -10.6 11.4
      vertex -0.599991 -10.6 0
    endloop
  endfacet
  facet normal -1 -0 0
    outer loop
      vertex -0.599991 -10.6 11.4
      vertex -0.599991 -19.4 0
      vertex -0.599991 -19.4 11.4
    endloop
  endfacet
  facet normal 0 1 -0
    outer loop
      vertex -0.599991 -19.4 0
      vertex -9.39999 -19.4 11.4
      vertex -0.599991 -19.4 11.4
    endloop
  endfacet
  facet normal 0 1 0
    outer loop
      vertex -9.39999 -19.4 11.4
      vertex -0.599991 -19.4 0
      vertex -9.39999 -19.4 0
    endloop
  endfacet
  facet normal 1 -0 0
    outer loop
      vertex -29.4 -19.4 11.4
      vertex -29.4 -10.6 0
      vertex -29.4 -10.6 11.4
    endloop
  endfacet
  facet normal 1 0 0
    outer loop
      vertex -29.4 -10.6 0
      vertex -29.4 -19.4 11.4
      vertex -29.4 -19.4 0
    endloop
  endfacet
  facet normal 0 -1 0
    outer loop
      vertex -29.4 -10.6 0
      vertex -20.6 -10.6 11.4
      vertex -29.4 -10.6 11.4
    endloop
  endfacet
  facet normal 0 -1 -0
    outer loop
      vertex -20.6 -10.6 11.4
      vertex -29.4 -10.6 0
      vertex -20.6 -10.6 0
    endloop
  endfacet
  facet normal -1 0 0
    outer loop
      vertex -20.6 -19.4 0
      vertex -20.6 -10.6 11.4
      vertex -20.6 -10.6 0
    endloop
  endfacet
  facet normal -1 -0 0
    outer loop
      vertex -20.6 -10.6 11.4
      vertex -20.6 -19.4 0
      vertex -20.6 -19.4 11.4
    endloop
  endfacet
  facet normal 0 1 -0
    outer loop
      vertex -20.6 -19.4 0
      vertex -29.4 -19.4 11.4
      vertex -20.6 -19.4 11.4
    endloop
  endfacet
  facet normal 0 1 0
    outer loop
      vertex -29.4 -19.4 11.4
      vertex -20.6 -19.4 0
      vertex -29.4 -19.4 0
    endloop
  endfacet
  facet normal 1 -0 0
    outer loop
      vertex -39.4 -19.4 11.4
      vertex -39.4 -10.6 0
      vertex -39.4 -10.6 11.4
    endloop
  endfacet
  facet normal 1 0 0
    outer loop
      vertex -39.4 -10.6 0
      vertex -39.4 -19.4 11.4
      vertex -39.4 -19.4 0
    endloop
  endfacet
  facet normal 0 -1 0
    outer loop
      vertex -39.4 -10.6 0
      vertex -30.6 -10.6 11.4
      vertex -39.4 -10.6 11.4
    endloop
  endfacet
  facet normal 0 -1 -0
    outer loop
      vertex -30.6 -10.6 11.4
      vertex -39.4 -10.6 0
      vertex -30.6 -10.6 0
    endloop
  endfacet
  facet normal -1 0 0
    outer loop
      vertex -30.6 -19.4 0
      vertex -30.6 -10.6 11.4
      vertex -30.6 -10.6 0
    endloop
  endfacet
  facet normal -1 -0 0
    outer loop
      vertex -30.6 -10.6 11.4
      vertex -30.6 -19.4 0
      vertex -30.6 -19.4 11.4
    endloop
  endfacet
  facet normal 0 1 -0
    outer loop
      vertex -30.6 -19.4 0
      vertex -39.4 -19.4 11.4
      vertex -30.6 -19.4 11.4
    endloop
  endfacet
  facet normal 0 1 0
    outer loop
      vertex -39.4 -19.4 11.4
      vertex -30.6 -19.4 0
      vertex -39.4 -19.4 0
    endloop
  endfacet
  facet normal 1 -0 0
    outer loop
      vertex -49.4 -19.4 11.4
      vertex -49.4 -10.6 0
      vertex -49.4 -10.6 11.4
    endloop
  endfacet
  facet normal 1 0 0
    outer loop
      vertex -49.4 -10.6 0
      vertex -49.4 -19.4 11.4
      vertex -49.4 -19.4 0
    endloop
  endfacet
  facet normal 0 -1 0
    outer loop
      vertex -49.4 -10.6 0
      vertex -40.6 -10.6 11.4
      vertex -49.4 -10.6 11.4
    endloop
  endfacet
  facet normal 0 -1 -0
    outer loop
      vertex -40.6 -10.6 11.4
      vertex -49.4 -10.6 0
      vertex -40.6 -10.6 0
    endloop
  endfacet
  facet normal -1 0 0
    outer loop
      vertex -40.6 -19.4 0
      vertex -40.6 -10.6 11.4
      vertex -40.6 -10.6 0
    endloop
  endfacet
  facet normal -1 -0 0
    outer loop
      vertex -40.6 -10.6 11.4
      vertex -40.6 -19.4 0
      vertex -40.6 -19.4 11.4
    endloop
  endfacet
  facet normal 0 1 -0
    outer loop
      vertex -40.6 -19.4 0
      vertex -49.4 -19.4 11.4
      vertex -40.6 -19.4 11.4
    endloop
  endfacet
  facet normal 0 1 0
    outer loop
      vertex -49.4 -19.4 11.4
      vertex -40.6 -19.4 0
      vertex -49.4 -19.4 0
    endloop
  endfacet
  facet normal 1 -0 0
    outer loop
      vertex -59.4 -19.4 11.4
      vertex -59.4 -10.6 0
      vertex -59.4 -10.6 11.4
    endloop
  endfacet
  facet normal 1 0 0
    outer loop
      vertex -59.4 -10.6 0
      vertex -59.4 -19.4 11.4
      vertex -59.4 -19.4 0
    endloop
  endfacet
  facet normal 0 -1 0
    outer loop
      vertex -59.4 -10.6 0
      vertex -50.6 -10.6 11.4
      vertex -59.4 -10.6 11.4
    endloop
  endfacet
  facet normal 0 -1 -0
    outer loop
      vertex -50.6 -10.6 11.4
      vertex -59.4 -10.6 0
      vertex -50.6 -10.6 0
    endloop
  endfacet
  facet normal -1 0 0
    outer loop
      vertex -50.6 -19.4 0
      vertex -50.6 -10.6 11.4
      vertex -50.6 -10.6 0
    endloop
  endfacet
  facet normal -1 -0 0
    outer loop
      vertex -50.6 -10.6 11.4
      vertex -50.6 -19.4 0
      vertex -50.6 -19.4 11.4
    endloop
  endfacet
  facet normal 0 1 -0
    outer loop
      vertex -50.6 -19.4 0
      vertex -59.4 -19.4 11.4
      vertex -50.6 -19.4 11.4
    endloop
  endfacet
  facet normal 0 1 0
    outer loop
      vertex -59.4 -19.4 11.4
      vertex -50.6 -19.4 0
      vertex -59.4 -19.4 0
    endloop
  endfacet
  facet normal 1 -0 0
    outer loop
      vertex -69.4 -19.4 11.4
      vertex -69.4 -10.6 0
      vertex -69.4 -10.6 11.4
    endloop
  endfacet
  facet normal 1 0 0
    outer loop
      vertex -69.4 -10.6 0
      vertex -69.4 -19.4 11.4
      vertex -69.4 -19.4 0
    endloop
  endfacet
  facet normal 0 -1 0
    outer loop
      vertex -69.4 -10.6 0
      vertex -60.6 -10.6 11.4
      vertex -69.4 -10.6 11.4
    endloop
  endfacet
  facet normal 0 -1 -0
    outer loop
      vertex -60.6 -10.6 11.4
      vertex -69.4 -10.6 0
      vertex -60.6 -10.6 0
    endloop
  endfacet
  facet normal -1 0 0
    outer loop
      vertex -60.6 -19.4 0
      vertex -60.6 -10.6 11.4
      vertex -60.6 -10.6 0
    endloop
  endfacet
  facet normal -1 -0 0
    outer loop
      vertex -60.6 -10.6 11.4
      vertex -60.6 -19.4 0
      vertex -60.6 -19.4 11.4
    endloop
  endfacet
  facet normal 0 1 -0
    outer loop
      vertex -60.6 -19.4 0
      vertex -69.4 -19.4 11.4
      vertex -60.6 -19.4 11.4
    endloop
  endfacet
  facet normal 0 1 0
    outer loop
      vertex -69.4 -19.4 11.4
      vertex -60.6 -19.4 0
      vertex -69.4 -19.4 0
    endloop
  endfacet
  facet normal 1 -0 0
    outer loop
      vertex -78.9 -19.4 11.4
      vertex -78.9 -10.6 0
      vertex -78.9 -10.6 11.4
    endloop
  endfacet
  facet normal 1 0 0
    outer loop
      vertex -78.9 -10.6 0
      vertex -78.9 -19.4 11.4
      vertex -78.9 -19.4 0
    endloop
  endfacet
  facet normal 0 -1 0
    outer loop
      vertex -78.9 -10.6 0
      vertex -70.6 -10.6 11.4
      vertex -78.9 -10.6 11.4
    endloop
  endfacet
  facet normal 0 -1 -0
    outer loop
      vertex -70.6 -10.6 11.4
      vertex -78.9 -10.6 0
      vertex -70.6 -10.6 0
    endloop
  endfacet
  facet normal -1 0 0
    outer loop
      vertex -70.6 -19.4 0
      vertex -70.6 -10.6 11.4
      vertex -70.6 -10.6 0
    endloop
  endfacet
  facet normal -1 -0 0
    outer loop
      vertex -70.6 -10.6 11.4
      vertex -70.6 -19.4 0
      vertex -70.6 -19.4 11.4
    endloop
  endfacet
  facet normal 0 1 -0
    outer loop
      vertex -70.6 -19.4 0
      vertex -78.9 -19.4 11.4
      vertex -70.6 -19.4 11.4
    endloop
  endfacet
  facet normal 0 1 0
    outer loop
      vertex -78.9 -19.4 11.4
      vertex -70.6 -19.4 0
      vertex -78.9 -19.4 0
    endloop
  endfacet
  facet normal 1 -0 0
    outer loop
      vertex 0.599991 -19.4 11.4
      vertex 0.599991 -10.6 0
      vertex 0.599991 -10.6 11.4
    endloop
  endfacet
  facet normal 1 0 0
    outer loop
      vertex 0.599991 -10.6 0
      vertex 0.599991 -19.4 11.4
      vertex 0.599991 -19.4 0
    endloop
  endfacet
  facet normal 0 -1 0
    outer loop
      vertex 0.599991 -10.6 0
      vertex 9.39999 -10.6 11.4
      vertex 0.599991 -10.6 11.4
    endloop
  endfacet
  facet normal 0 -1 -0
    outer loop
      vertex 9.39999 -10.6 11.4
      vertex 0.599991 -10.6 0
      vertex 9.39999 -10.6 0
    endloop
  endfacet
  facet normal -1 0 0
    outer loop
      vertex 9.39999 -19.4 0
      vertex 9.39999 -10.6 11.4
      vertex 9.39999 -10.6 0
    endloop
  endfacet
  facet normal -1 -0 0
    outer loop
      vertex 9.39999 -10.6 11.4
      vertex 9.39999 -19.4 0
      vertex 9.39999 -19.4 11.4
    endloop
  endfacet
  facet normal 0 1 -0
    outer loop
      vertex 9.39999 -19.4 0
      vertex 0.599991 -19.4 11.4
      vertex 9.39999 -19.4 11.4
    endloop
  endfacet
  facet normal 0 1 0
    outer loop
      vertex 0.599991 -19.4 11.4
      vertex 9.39999 -19.4 0
      vertex 0.599991 -19.4 0
    endloop
  endfacet
  facet normal 1 -0 0
    outer loop
      vertex 70.6 -19.4 11.4
      vertex 70.6 -10.6 0
      vertex 70.6 -10.6 11.4
    endloop
  endfacet
  facet normal 1 0 0
    outer loop
      vertex 70.6 -10.6 0
      vertex 70.6 -19.4 11.4
      vertex 70.6 -19.4 0
    endloop
  endfacet
  facet normal 0 -1 0
    outer loop
      vertex 70.6 -10.6 0
      vertex 78.9 -10.6 11.4
      vertex 70.6 -10.6 11.4
    endloop
  endfacet
  facet normal 0 -1 -0
    outer loop
      vertex 78.9 -10.6 11.4
      vertex 70.6 -10.6 0
      vertex 78.9 -10.6 0
    endloop
  endfacet
  facet normal -1 0 0
    outer loop
      vertex 78.9 -19.4 0
      vertex 78.9 -10.6 11.4
      vertex 78.9 -10.6 0
    endloop
  endfacet
  facet normal -1 -0 0
    outer loop
      vertex 78.9 -10.6 11.4
      vertex 78.9 -19.4 0
      vertex 78.9 -19.4 11.4
    endloop
  endfacet
  facet normal 0 1 -0
    outer loop
      vertex 78.9 -19.4 0
      vertex 70.6 -19.4 11.4
      vertex 78.9 -19.4 11.4
    endloop
  endfacet
  facet normal 0 1 0
    outer loop
      vertex 70.6 -19.4 11.4
      vertex 78.9 -19.4 0
      vertex 70.6 -19.4 0
    endloop
  endfacet
  facet normal 1 -0 0
    outer loop
      vertex -19.4 -19.4 11.4
      vertex -19.4 -10.6 0
      vertex -19.4 -10.6 11.4
    endloop
  endfacet
  facet normal 1 0 0
    outer loop
      vertex -19.4 -10.6 0
      vertex -19.4 -19.4 11.4
      vertex -19.4 -19.4 0
    endloop
  endfacet
  facet normal 0 -1 0
    outer loop
      vertex -19.4 -10.6 0
      vertex -10.6 -10.6 11.4
      vertex -19.4 -10.6 11.4
    endloop
  endfacet
  facet normal 0 -1 -0
    outer loop
      vertex -10.6 -10.6 11.4
      vertex -19.4 -10.6 0
      vertex -10.6 -10.6 0
    endloop
  endfacet
  facet normal -1 0 0
    outer loop
      vertex -10.6 -19.4 0
      vertex -10.6 -10.6 11.4
      vertex -10.6 -10.6 0
    endloop
  endfacet
  facet normal -1 -0 0
    outer loop
      vertex -10.6 -10.6 11.4
      vertex -10.6 -19.4 0
      vertex -10.6 -19.4 11.4
    endloop
  endfacet
  facet normal 0 1 -0
    outer loop
      vertex -10.6 -19.4 0
      vertex -19.4 -19.4 11.4
      vertex -10.6 -19.4 11.4
    endloop
  endfacet
  facet normal 0 1 0
    outer loop
      vertex -19.4 -19.4 11.4
      vertex -10.6 -19.4 0
      vertex -19.4 -19.4 0
    endloop
  endfacet
  facet normal 1 -0 0
    outer loop
      vertex 60.6 -19.4 11.4
      vertex 60.6 -10.6 0
      vertex 60.6 -10.6 11.4
    endloop
  endfacet
  facet normal 1 0 0
    outer loop
      vertex 60.6 -10.6 0
      vertex 60.6 -19.4 11.4
      vertex 60.6 -19.4 0
    endloop
  endfacet
  facet normal 0 -1 0
    outer loop
      vertex 60.6 -10.6 0
      vertex 69.4 -10.6 11.4
      vertex 60.6 -10.6 11.4
    endloop
  endfacet
  facet normal 0 -1 -0
    outer loop
      vertex 69.4 -10.6 11.4
      vertex 60.6 -10.6 0
      vertex 69.4 -10.6 0
    endloop
  endfacet
  facet normal -1 0 0
    outer loop
      vertex 69.4 -19.4 0
      vertex 69.4 -10.6 11.4
      vertex 69.4 -10.6 0
    endloop
  endfacet
  facet normal -1 -0 0
    outer loop
      vertex 69.4 -10.6 11.4
      vertex 69.4 -19.4 0
      vertex 69.4 -19.4 11.4
    endloop
  endfacet
  facet normal 0 1 -0
    outer loop
      vertex 69.4 -19.4 0
      vertex 60.6 -19.4 11.4
      vertex 69.4 -19.4 11.4
    endloop
  endfacet
  facet normal 0 1 0
    outer loop
      vertex 60.6 -19.4 11.4
      vertex 69.4 -19.4 0
      vertex 60.6 -19.4 0
    endloop
  endfacet
  facet normal 1 -0 0
    outer loop
      vertex 50.6 -19.4 11.4
      vertex 50.6 -10.6 0
      vertex 50.6 -10.6 11.4
    endloop
  endfacet
  facet normal 1 0 0
    outer loop
      vertex 50.6 -10.6 0
      vertex 50.6 -19.4 11.4
      vertex 50.6 -19.4 0
    endloop
  endfacet
  facet normal 0 -1 0
    outer loop
      vertex 50.6 -10.6 0
      vertex 59.4 -10.6 11.4
      vertex 50.6 -10.6 11.4
    endloop
  endfacet
  facet normal 0 -1 -0
    outer loop
      vertex 59.4 -10.6 11.4
      vertex 50.6 -10.6 0
      vertex 59.4 -10.6 0
    endloop
  endfacet
  facet normal -1 0 0
    outer loop
      vertex 59.4 -19.4 0
      vertex 59.4 -10.6 11.4
      vertex 59.4 -10.6 0
    endloop
  endfacet
  facet normal -1 -0 0
    outer loop
      vertex 59.4 -10.6 11.4
      vertex 59.4 -19.4 0
      vertex 59.4 -19.4 11.4
    endloop
  endfacet
  facet normal 0 1 -0
    outer loop
      vertex 59.4 -19.4 0
      vertex 50.6 -19.4 11.4
      vertex 59.4 -19.4 11.4
    endloop
  endfacet
  facet normal 0 1 0
    outer loop
      vertex 50.6 -19.4 11.4
      vertex 59.4 -19.4 0
      vertex 50.6 -19.4 0
    endloop
  endfacet
  facet normal 1 -0 0
    outer loop
      vertex 40.6 -19.4 11.4
      vertex 40.6 -10.6 0
      vertex 40.6 -10.6 11.4
    endloop
  endfacet
  facet normal 1 0 0
    outer loop
      vertex 40.6 -10.6 0
      vertex 40.6 -19.4 11.4
      vertex 40.6 -19.4 0
    endloop
  endfacet
  facet normal 0 -1 0
    outer loop
      vertex 40.6 -10.6 0
      vertex 49.4 -10.6 11.4
      vertex 40.6 -10.6 11.4
    endloop
  endfacet
  facet normal 0 -1 -0
    outer loop
      vertex 49.4 -10.6 11.4
      vertex 40.6 -10.6 0
      vertex 49.4 -10.6 0
    endloop
  endfacet
  facet normal -1 0 0
    outer loop
      vertex 49.4 -19.4 0
      vertex 49.4 -10.6 11.4
      vertex 49.4 -10.6 0
    endloop
  endfacet
  facet normal -1 -0 0
    outer loop
      vertex 49.4 -10.6 11.4
      vertex 49.4 -19.4 0
      vertex 49.4 -19.4 11.4
    endloop
  endfacet
  facet normal 0 1 -0
    outer loop
      vertex 49.4 -19.4 0
      vertex 40.6 -19.4 11.4
      vertex 49.4 -19.4 11.4
    endloop
  endfacet
  facet normal 0 1 0
    outer loop
      vertex 40.6 -19.4 11.4
      vertex 49.4 -19.4 0
      vertex 40.6 -19.4 0
    endloop
  endfacet
  facet normal 1 -0 0
    outer loop
      vertex 30.6 -19.4 11.4
      vertex 30.6 -10.6 0
      vertex 30.6 -10.6 11.4
    endloop
  endfacet
  facet normal 1 0 0
    outer loop
      vertex 30.6 -10.6 0
      vertex 30.6 -19.4 11.4
      vertex 30.6 -19.4 0
    endloop
  endfacet
  facet normal 0 -1 0
    outer loop
      vertex 30.6 -10.6 0
      vertex 39.4 -10.6 11.4
      vertex 30.6 -10.6 11.4
    endloop
  endfacet
  facet normal 0 -1 -0
    outer loop
      vertex 39.4 -10.6 11.4
      vertex 30.6 -10.6 0
      vertex 39.4 -10.6 0
    endloop
  endfacet
  facet normal -1 0 0
    outer loop
      vertex 39.4 -19.4 0
      vertex 39.4 -10.6 11.4
      vertex 39.4 -10.6 0
    endloop
  endfacet
  facet normal -1 -0 0
    outer loop
      vertex 39.4 -10.6 11.4
      vertex 39.4 -19.4 0
      vertex 39.4 -19.4 11.4
    endloop
  endfacet
  facet normal 0 1 -0
    outer loop
      vertex 39.4 -19.4 0
      vertex 30.6 -19.4 11.4
      vertex 39.4 -19.4 11.4
    endloop
  endfacet
  facet normal 0 1 0
    outer loop
      vertex 30.6 -19.4 11.4
      vertex 39.4 -19.4 0
      vertex 30.6 -19.4 0
    endloop
  endfacet
  facet normal 1 -0 0
    outer loop
      vertex 20.6 -19.4 11.4
      vertex 20.6 -10.6 0
      vertex 20.6 -10.6 11.4
    endloop
  endfacet
  facet normal 1 0 0
    outer loop
      vertex 20.6 -10.6 0
      vertex 20.6 -19.4 11.4
      vertex 20.6 -19.4 0
    endloop
  endfacet
  facet normal 0 -1 0
    outer loop
      vertex 20.6 -10.6 0
      vertex 29.4 -10.6 11.4
      vertex 20.6 -10.6 11.4
    endloop
  endfacet
  facet normal 0 -1 -0
    outer loop
      vertex 29.4 -10.6 11.4
      vertex 20.6 -10.6 0
      vertex 29.4 -10.6 0
    endloop
  endfacet
  facet normal -1 0 0
    outer loop
      vertex 29.4 -19.4 0
      vertex 29.4 -10.6 11.4
      vertex 29.4 -10.6 0
    endloop
  endfacet
  facet normal -1 -0 0
    outer loop
      vertex 29.4 -10.6 11.4
      vertex 29.4 -19.4 0
      vertex 29.4 -19.4 11.4
    endloop
  endfacet
  facet normal 0 1 -0
    outer loop
      vertex 29.4 -19.4 0
      vertex 20.6 -19.4 11.4
      vertex 29.4 -19.4 11.4
    endloop
  endfacet
  facet normal 0 1 0
    outer loop
      vertex 20.6 -19.4 11.4
      vertex 29.4 -19.4 0
      vertex 20.6 -19.4 0
    endloop
  endfacet
  facet normal 1 -0 0
    outer loop
      vertex 10.6 -19.4 11.4
      vertex 10.6 -10.6 0
      vertex 10.6 -10.6 11.4
    endloop
  endfacet
  facet normal 1 0 0
    outer loop
      vertex 10.6 -10.6 0
      vertex 10.6 -19.4 11.4
      vertex 10.6 -19.4 0
    endloop
  endfacet
  facet normal 0 -1 0
    outer loop
      vertex 10.6 -10.6 0
      vertex 19.4 -10.6 11.4
      vertex 10.6 -10.6 11.4
    endloop
  endfacet
  facet normal 0 -1 -0
    outer loop
      vertex 19.4 -10.6 11.4
      vertex 10.6 -10.6 0
      vertex 19.4 -10.6 0
    endloop
  endfacet
  facet normal -1 0 0
    outer loop
      vertex 19.4 -19.4 0
      vertex 19.4 -10.6 11.4
      vertex 19.4 -10.6 0
    endloop
  endfacet
  facet normal -1 -0 0
    outer loop
      vertex 19.4 -10.6 11.4
      vertex 19.4 -19.4 0
      vertex 19.4 -19.4 11.4
    endloop
  endfacet
  facet normal 0 1 -0
    outer loop
      vertex 19.4 -19.4 0
      vertex 10.6 -19.4 11.4
      vertex 19.4 -19.4 11.4
    endloop
  endfacet
  facet normal 0 1 0
    outer loop
      vertex 10.6 -19.4 11.4
      vertex 19.4 -19.4 0
      vertex 10.6 -19.4 0
    endloop
  endfacet
  facet normal 1 -0 0
    outer loop
      vertex 0.599991 -29.4 11.4
      vertex 0.599991 -20.6 0
      vertex 0.599991 -20.6 11.4
    endloop
  endfacet
  facet normal 1 0 0
    outer loop
      vertex 0.599991 -20.6 0
      vertex 0.599991 -29.4 11.4
      vertex 0.599991 -29.4 0
    endloop
  endfacet
  facet normal 0 -1 0
    outer loop
      vertex 0.599991 -20.6 0
      vertex 9.39999 -20.6 11.4
      vertex 0.599991 -20.6 11.4
    endloop
  endfacet
  facet normal 0 -1 -0
    outer loop
      vertex 9.39999 -20.6 11.4
      vertex 0.599991 -20.6 0
      vertex 9.39999 -20.6 0
    endloop
  endfacet
  facet normal -1 0 0
    outer loop
      vertex 9.39999 -29.4 0
      vertex 9.39999 -20.6 11.4
      vertex 9.39999 -20.6 0
    endloop
  endfacet
  facet normal -1 -0 0
    outer loop
      vertex 9.39999 -20.6 11.4
      vertex 9.39999 -29.4 0
      vertex 9.39999 -29.4 11.4
    endloop
  endfacet
  facet normal 0 1 -0
    outer loop
      vertex 9.39999 -29.4 0
      vertex 0.599991 -29.4 11.4
      vertex 9.39999 -29.4 11.4
    endloop
  endfacet
  facet normal 0 1 0
    outer loop
      vertex 0.599991 -29.4 11.4
      vertex 9.39999 -29.4 0
      vertex 0.599991 -29.4 0
    endloop
  endfacet
  facet normal 1 -0 0
    outer loop
      vertex 70.6 -29.4 11.4
      vertex 70.6 -20.6 0
      vertex 70.6 -20.6 11.4
    endloop
  endfacet
  facet normal 1 0 0
    outer loop
      vertex 70.6 -20.6 0
      vertex 70.6 -29.4 11.4
      vertex 70.6 -29.4 0
    endloop
  endfacet
  facet normal 0 -1 0
    outer loop
      vertex 70.6 -20.6 0
      vertex 78.9 -20.6 11.4
      vertex 70.6 -20.6 11.4
    endloop
  endfacet
  facet normal 0 -1 -0
    outer loop
      vertex 78.9 -20.6 11.4
      vertex 70.6 -20.6 0
      vertex 78.9 -20.6 0
    endloop
  endfacet
  facet normal -1 0 0
    outer loop
      vertex 78.9 -29.4 0
      vertex 78.9 -20.6 11.4
      vertex 78.9 -20.6 0
    endloop
  endfacet
  facet normal -1 -0 0
    outer loop
      vertex 78.9 -20.6 11.4
      vertex 78.9 -29.4 0
      vertex 78.9 -29.4 11.4
    endloop
  endfacet
  facet normal 0 1 -0
    outer loop
      vertex 78.9 -29.4 0
      vertex 70.6 -29.4 11.4
      vertex 78.9 -29.4 11.4
    endloop
  endfacet
  facet normal 0 1 0
    outer loop
      vertex 70.6 -29.4 11.4
      vertex 78.9 -29.4 0
      vertex 70.6 -29.4 0
    endloop
  endfacet
  facet normal 1 -0 0
    outer loop
      vertex 60.6 -29.4 11.4
      vertex 60.6 -20.6 0
      vertex 60.6 -20.6 11.4
    endloop
  endfacet
  facet normal 1 0 0
    outer loop
      vertex 60.6 -20.6 0
      vertex 60.6 -29.4 11.4
      vertex 60.6 -29.4 0
    endloop
  endfacet
  facet normal 0 -1 0
    outer loop
      vertex 60.6 -20.6 0
      vertex 69.4 -20.6 11.4
      vertex 60.6 -20.6 11.4
    endloop
  endfacet
  facet normal 0 -1 -0
    outer loop
      vertex 69.4 -20.6 11.4
      vertex 60.6 -20.6 0
      vertex 69.4 -20.6 0
    endloop
  endfacet
  facet normal -1 0 0
    outer loop
      vertex 69.4 -29.4 0
      vertex 69.4 -20.6 11.4
      vertex 69.4 -20.6 0
    endloop
  endfacet
  facet normal -1 -0 0
    outer loop
      vertex 69.4 -20.6 11.4
      vertex 69.4 -29.4 0
      vertex 69.4 -29.4 11.4
    endloop
  endfacet
  facet normal 0 1 -0
    outer loop
      vertex 69.4 -29.4 0
      vertex 60.6 -29.4 11.4
      vertex 69.4 -29.4 11.4
    endloop
  endfacet
  facet normal 0 1 0
    outer loop
      vertex 60.6 -29.4 11.4
      vertex 69.4 -29.4 0
      vertex 60.6 -29.4 0
    endloop
  endfacet
  facet normal 1 -0 0
    outer loop
      vertex 50.6 -29.4 11.4
      vertex 50.6 -20.6 0
      vertex 50.6 -20.6 11.4
    endloop
  endfacet
  facet normal 1 0 0
    outer loop
      vertex 50.6 -20.6 0
      vertex 50.6 -29.4 11.4
      vertex 50.6 -29.4 0
    endloop
  endfacet
  facet normal 0 -1 0
    outer loop
      vertex 50.6 -20.6 0
      vertex 59.4 -20.6 11.4
      vertex 50.6 -20.6 11.4
    endloop
  endfacet
  facet normal 0 -1 -0
    outer loop
      vertex 59.4 -20.6 11.4
      vertex 50.6 -20.6 0
      vertex 59.4 -20.6 0
    endloop
  endfacet
  facet normal -1 0 0
    outer loop
      vertex 59.4 -29.4 0
      vertex 59.4 -20.6 11.4
      vertex 59.4 -20.6 0
    endloop
  endfacet
  facet normal -1 -0 0
    outer loop
      vertex 59.4 -20.6 11.4
      vertex 59.4 -29.4 0
      vertex 59.4 -29.4 11.4
    endloop
  endfacet
  facet normal 0 1 -0
    outer loop
      vertex 59.4 -29.4 0
      vertex 50.6 -29.4 11.4
      vertex 59.4 -29.4 11.4
    endloop
  endfacet
  facet normal 0 1 0
    outer loop
      vertex 50.6 -29.4 11.4
      vertex 59.4 -29.4 0
      vertex 50.6 -29.4 0
    endloop
  endfacet
  facet normal 1 -0 0
    outer loop
      vertex 40.6 -29.4 11.4
      vertex 40.6 -20.6 0
      vertex 40.6 -20.6 11.4
    endloop
  endfacet
  facet normal 1 0 0
    outer loop
      vertex 40.6 -20.6 0
      vertex 40.6 -29.4 11.4
      vertex 40.6 -29.4 0
    endloop
  endfacet
  facet normal 0 -1 0
    outer loop
      vertex 40.6 -20.6 0
      vertex 49.4 -20.6 11.4
      vertex 40.6 -20.6 11.4
    endloop
  endfacet
  facet normal 0 -1 -0
    outer loop
      vertex 49.4 -20.6 11.4
      vertex 40.6 -20.6 0
      vertex 49.4 -20.6 0
    endloop
  endfacet
  facet normal -1 0 0
    outer loop
      vertex 49.4 -29.4 0
      vertex 49.4 -20.6 11.4
      vertex 49.4 -20.6 0
    endloop
  endfacet
  facet normal -1 -0 0
    outer loop
      vertex 49.4 -20.6 11.4
      vertex 49.4 -29.4 0
      vertex 49.4 -29.4 11.4
    endloop
  endfacet
  facet normal 0 1 -0
    outer loop
      vertex 49.4 -29.4 0
      vertex 40.6 -29.4 11.4
      vertex 49.4 -29.4 11.4
    endloop
  endfacet
  facet normal 0 1 0
    outer loop
      vertex 40.6 -29.4 11.4
      vertex 49.4 -29.4 0
      vertex 40.6 -29.4 0
    endloop
  endfacet
  facet normal 1 -0 0
    outer loop
      vertex 30.6 -29.4 11.4
      vertex 30.6 -20.6 0
      vertex 30.6 -20.6 11.4
    endloop
  endfacet
  facet normal 1 0 0
    outer loop
      vertex 30.6 -20.6 0
      vertex 30.6 -29.4 11.4
      vertex 30.6 -29.4 0
    endloop
  endfacet
  facet normal 0 -1 0
    outer loop
      vertex 30.6 -20.6 0
      vertex 39.4 -20.6 11.4
      vertex 30.6 -20.6 11.4
    endloop
  endfacet
  facet normal 0 -1 -0
    outer loop
      vertex 39.4 -20.6 11.4
      vertex 30.6 -20.6 0
      vertex 39.4 -20.6 0
    endloop
  endfacet
  facet normal -1 0 0
    outer loop
      vertex 39.4 -29.4 0
      vertex 39.4 -20.6 11.4
      vertex 39.4 -20.6 0
    endloop
  endfacet
  facet normal -1 -0 0
    outer loop
      vertex 39.4 -20.6 11.4
      vertex 39.4 -29.4 0
      vertex 39.4 -29.4 11.4
    endloop
  endfacet
  facet normal 0 1 -0
    outer loop
      vertex 39.4 -29.4 0
      vertex 30.6 -29.4 11.4
      vertex 39.4 -29.4 11.4
    endloop
  endfacet
  facet normal 0 1 0
    outer loop
      vertex 30.6 -29.4 11.4
      vertex 39.4 -29.4 0
      vertex 30.6 -29.4 0
    endloop
  endfacet
  facet normal 1 -0 0
    outer loop
      vertex 20.6 -29.4 11.4
      vertex 20.6 -20.6 0
      vertex 20.6 -20.6 11.4
    endloop
  endfacet
  facet normal 1 0 0
    outer loop
      vertex 20.6 -20.6 0
      vertex 20.6 -29.4 11.4
      vertex 20.6 -29.4 0
    endloop
  endfacet
  facet normal 0 -1 0
    outer loop
      vertex 20.6 -20.6 0
      vertex 29.4 -20.6 11.4
      vertex 20.6 -20.6 11.4
    endloop
  endfacet
  facet normal 0 -1 -0
    outer loop
      vertex 29.4 -20.6 11.4
      vertex 20.6 -20.6 0
      vertex 29.4 -20.6 0
    endloop
  endfacet
  facet normal -1 0 0
    outer loop
      vertex 29.4 -29.4 0
      vertex 29.4 -20.6 11.4
      vertex 29.4 -20.6 0
    endloop
  endfacet
  facet normal -1 -0 0
    outer loop
      vertex 29.4 -20.6 11.4
      vertex 29.4 -29.4 0
      vertex 29.4 -29.4 11.4
    endloop
  endfacet
  facet normal 0 1 -0
    outer loop
      vertex 29.4 -29.4 0
      vertex 20.6 -29.4 11.4
      vertex 29.4 -29.4 11.4
    endloop
  endfacet
  facet normal 0 1 0
    outer loop
      vertex 20.6 -29.4 11.4
      vertex 29.4 -29.4 0
      vertex 20.6 -29.4 0
    endloop
  endfacet
  facet normal 1 -0 0
    outer loop
      vertex 10.6 -29.4 11.4
      vertex 10.6 -20.6 0
      vertex 10.6 -20.6 11.4
    endloop
  endfacet
  facet normal 1 0 0
    outer loop
      vertex 10.6 -20.6 0
      vertex 10.6 -29.4 11.4
      vertex 10.6 -29.4 0
    endloop
  endfacet
  facet normal 0 -1 0
    outer loop
      vertex 10.6 -20.6 0
      vertex 19.4 -20.6 11.4
      vertex 10.6 -20.6 11.4
    endloop
  endfacet
  facet normal 0 -1 -0
    outer loop
      vertex 19.4 -20.6 11.4
      vertex 10.6 -20.6 0
      vertex 19.4 -20.6 0
    endloop
  endfacet
  facet normal -1 0 0
    outer loop
      vertex 19.4 -29.4 0
      vertex 19.4 -20.6 11.4
      vertex 19.4 -20.6 0
    endloop
  endfacet
  facet normal -1 -0 0
    outer loop
      vertex 19.4 -20.6 11.4
      vertex 19.4 -29.4 0
      vertex 19.4 -29.4 11.4
    endloop
  endfacet
  facet normal 0 1 -0
    outer loop
      vertex 19.4 -29.4 0
      vertex 10.6 -29.4 11.4
      vertex 19.4 -29.4 11.4
    endloop
  endfacet
  facet normal 0 1 0
    outer loop
      vertex 10.6 -29.4 11.4
      vertex 19.4 -29.4 0
      vertex 10.6 -29.4 0
    endloop
  endfacet
  facet normal 1 -0 0
    outer loop
      vertex -9.39999 -29.4 11.4
      vertex -9.39999 -20.6 0
      vertex -9.39999 -20.6 11.4
    endloop
  endfacet
  facet normal 1 0 0
    outer loop
      vertex -9.39999 -20.6 0
      vertex -9.39999 -29.4 11.4
      vertex -9.39999 -29.4 0
    endloop
  endfacet
  facet normal 0 -1 0
    outer loop
      vertex -9.39999 -20.6 0
      vertex -0.599991 -20.6 11.4
      vertex -9.39999 -20.6 11.4
    endloop
  endfacet
  facet normal 0 -1 -0
    outer loop
      vertex -0.599991 -20.6 11.4
      vertex -9.39999 -20.6 0
      vertex -0.599991 -20.6 0
    endloop
  endfacet
  facet normal -1 0 0
    outer loop
      vertex -0.599991 -29.4 0
      vertex -0.599991 -20.6 11.4
      vertex -0.599991 -20.6 0
    endloop
  endfacet
  facet normal -1 -0 0
    outer loop
      vertex -0.599991 -20.6 11.4
      vertex -0.599991 -29.4 0
      vertex -0.599991 -29.4 11.4
    endloop
  endfacet
  facet normal 0 1 -0
    outer loop
      vertex -0.599991 -29.4 0
      vertex -9.39999 -29.4 11.4
      vertex -0.599991 -29.4 11.4
    endloop
  endfacet
  facet normal 0 1 0
    outer loop
      vertex -9.39999 -29.4 11.4
      vertex -0.599991 -29.4 0
      vertex -9.39999 -29.4 0
    endloop
  endfacet
  facet normal 1 -0 0
    outer loop
      vertex -19.4 -29.4 11.4
      vertex -19.4 -20.6 0
      vertex -19.4 -20.6 11.4
    endloop
  endfacet
  facet normal 1 0 0
    outer loop
      vertex -19.4 -20.6 0
      vertex -19.4 -29.4 11.4
      vertex -19.4 -29.4 0
    endloop
  endfacet
  facet normal 0 -1 0
    outer loop
      vertex -19.4 -20.6 0
      vertex -10.6 -20.6 11.4
      vertex -19.4 -20.6 11.4
    endloop
  endfacet
  facet normal 0 -1 -0
    outer loop
      vertex -10.6 -20.6 11.4
      vertex -19.4 -20.6 0
      vertex -10.6 -20.6 0
    endloop
  endfacet
  facet normal -1 0 0
    outer loop
      vertex -10.6 -29.4 0
      vertex -10.6 -20.6 11.4
      vertex -10.6 -20.6 0
    endloop
  endfacet
  facet normal -1 -0 0
    outer loop
      vertex -10.6 -20.6 11.4
      vertex -10.6 -29.4 0
      vertex -10.6 -29.4 11.4
    endloop
  endfacet
  facet normal 0 1 -0
    outer loop
      vertex -10.6 -29.4 0
      vertex -19.4 -29.4 11.4
      vertex -10.6 -29.4 11.4
    endloop
  endfacet
  facet normal 0 1 0
    outer loop
      vertex -19.4 -29.4 11.4
      vertex -10.6 -29.4 0
      vertex -19.4 -29.4 0
    endloop
  endfacet
  facet normal 1 -0 0
    outer loop
      vertex -29.4 -29.4 11.4
      vertex -29.4 -20.6 0
      vertex -29.4 -20.6 11.4
    endloop
  endfacet
  facet normal 1 0 0
    outer loop
      vertex -29.4 -20.6 0
      vertex -29.4 -29.4 11.4
      vertex -29.4 -29.4 0
    endloop
  endfacet
  facet normal 0 -1 0
    outer loop
      vertex -29.4 -20.6 0
      vertex -20.6 -20.6 11.4
      vertex -29.4 -20.6 11.4
    endloop
  endfacet
  facet normal 0 -1 -0
    outer loop
      vertex -20.6 -20.6 11.4
      vertex -29.4 -20.6 0
      vertex -20.6 -20.6 0
    endloop
  endfacet
  facet normal -1 0 0
    outer loop
      vertex -20.6 -29.4 0
      vertex -20.6 -20.6 11.4
      vertex -20.6 -20.6 0
    endloop
  endfacet
  facet normal -1 -0 0
    outer loop
      vertex -20.6 -20.6 11.4
      vertex -20.6 -29.4 0
      vertex -20.6 -29.4 11.4
    endloop
  endfacet
  facet normal 0 1 -0
    outer loop
      vertex -20.6 -29.4 0
      vertex -29.4 -29.4 11.4
      vertex -20.6 -29.4 11.4
    endloop
  endfacet
  facet normal 0 1 0
    outer loop
      vertex -29.4 -29.4 11.4
      vertex -20.6 -29.4 0
      vertex -29.4 -29.4 0
    endloop
  endfacet
  facet normal 1 -0 0
    outer loop
      vertex -39.4 -29.4 11.4
      vertex -39.4 -20.6 0
      vertex -39.4 -20.6 11.4
    endloop
  endfacet
  facet normal 1 0 0
    outer loop
      vertex -39.4 -20.6 0
      vertex -39.4 -29.4 11.4
      vertex -39.4 -29.4 0
    endloop
  endfacet
  facet normal 0 -1 0
    outer loop
      vertex -39.4 -20.6 0
      vertex -30.6 -20.6 11.4
      vertex -39.4 -20.6 11.4
    endloop
  endfacet
  facet normal 0 -1 -0
    outer loop
      vertex -30.6 -20.6 11.4
      vertex -39.4 -20.6 0
      vertex -30.6 -20.6 0
    endloop
  endfacet
  facet normal -1 0 0
    outer loop
      vertex -30.6 -29.4 0
      vertex -30.6 -20.6 11.4
      vertex -30.6 -20.6 0
    endloop
  endfacet
  facet normal -1 -0 0
    outer loop
      vertex -30.6 -20.6 11.4
      vertex -30.6 -29.4 0
      vertex -30.6 -29.4 11.4
    endloop
  endfacet
  facet normal 0 1 -0
    outer loop
      vertex -30.6 -29.4 0
      vertex -39.4 -29.4 11.4
      vertex -30.6 -29.4 11.4
    endloop
  endfacet
  facet normal 0 1 0
    outer loop
      vertex -39.4 -29.4 11.4
      vertex -30.6 -29.4 0
      vertex -39.4 -29.4 0
    endloop
  endfacet
  facet normal 1 -0 0
    outer loop
      vertex -49.4 -29.4 11.4
      vertex -49.4 -20.6 0
      vertex -49.4 -20.6 11.4
    endloop
  endfacet
  facet normal 1 0 0
    outer loop
      vertex -49.4 -20.6 0
      vertex -49.4 -29.4 11.4
      vertex -49.4 -29.4 0
    endloop
  endfacet
  facet normal 0 -1 0
    outer loop
      vertex -49.4 -20.6 0
      vertex -40.6 -20.6 11.4
      vertex -49.4 -20.6 11.4
    endloop
  endfacet
  facet normal 0 -1 -0
    outer loop
      vertex -40.6 -20.6 11.4
      vertex -49.4 -20.6 0
      vertex -40.6 -20.6 0
    endloop
  endfacet
  facet normal -1 0 0
    outer loop
      vertex -40.6 -29.4 0
      vertex -40.6 -20.6 11.4
      vertex -40.6 -20.6 0
    endloop
  endfacet
  facet normal -1 -0 0
    outer loop
      vertex -40.6 -20.6 11.4
      vertex -40.6 -29.4 0
      vertex -40.6 -29.4 11.4
    endloop
  endfacet
  facet normal 0 1 -0
    outer loop
      vertex -40.6 -29.4 0
      vertex -49.4 -29.4 11.4
      vertex -40.6 -29.4 11.4
    endloop
  endfacet
  facet normal 0 1 0
    outer loop
      vertex -49.4 -29.4 11.4
      vertex -40.6 -29.4 0
      vertex -49.4 -29.4 0
    endloop
  endfacet
  facet normal 1 -0 0
    outer loop
      vertex -59.4 -29.4 11.4
      vertex -59.4 -20.6 0
      vertex -59.4 -20.6 11.4
    endloop
  endfacet
  facet normal 1 0 0
    outer loop
      vertex -59.4 -20.6 0
      vertex -59.4 -29.4 11.4
      vertex -59.4 -29.4 0
    endloop
  endfacet
  facet normal 0 -1 0
    outer loop
      vertex -59.4 -20.6 0
      vertex -50.6 -20.6 11.4
      vertex -59.4 -20.6 11.4
    endloop
  endfacet
  facet normal 0 -1 -0
    outer loop
      vertex -50.6 -20.6 11.4
      vertex -59.4 -20.6 0
      vertex -50.6 -20.6 0
    endloop
  endfacet
  facet normal -1 0 0
    outer loop
      vertex -50.6 -29.4 0
      vertex -50.6 -20.6 11.4
      vertex -50.6 -20.6 0
    endloop
  endfacet
  facet normal -1 -0 0
    outer loop
      vertex -50.6 -20.6 11.4
      vertex -50.6 -29.4 0
      vertex -50.6 -29.4 11.4
    endloop
  endfacet
  facet normal 0 1 -0
    outer loop
      vertex -50.6 -29.4 0
      vertex -59.4 -29.4 11.4
      vertex -50.6 -29.4 11.4
    endloop
  endfacet
  facet normal 0 1 0
    outer loop
      vertex -59.4 -29.4 11.4
      vertex -50.6 -29.4 0
      vertex -59.4 -29.4 0
    endloop
  endfacet
  facet normal 1 -0 0
    outer loop
      vertex -69.4 -29.4 11.4
      vertex -69.4 -20.6 0
      vertex -69.4 -20.6 11.4
    endloop
  endfacet
  facet normal 1 0 0
    outer loop
      vertex -69.4 -20.6 0
      vertex -69.4 -29.4 11.4
      vertex -69.4 -29.4 0
    endloop
  endfacet
  facet normal 0 -1 0
    outer loop
      vertex -69.4 -20.6 0
      vertex -60.6 -20.6 11.4
      vertex -69.4 -20.6 11.4
    endloop
  endfacet
  facet normal 0 -1 -0
    outer loop
      vertex -60.6 -20.6 11.4
      vertex -69.4 -20.6 0
      vertex -60.6 -20.6 0
    endloop
  endfacet
  facet normal -1 0 0
    outer loop
      vertex -60.6 -29.4 0
      vertex -60.6 -20.6 11.4
      vertex -60.6 -20.6 0
    endloop
  endfacet
  facet normal -1 -0 0
    outer loop
      vertex -60.6 -20.6 11.4
      vertex -60.6 -29.4 0
      vertex -60.6 -29.4 11.4
    endloop
  endfacet
  facet normal 0 1 -0
    outer loop
      vertex -60.6 -29.4 0
      vertex -69.4 -29.4 11.4
      vertex -60.6 -29.4 11.4
    endloop
  endfacet
  facet normal 0 1 0
    outer loop
      vertex -69.4 -29.4 11.4
      vertex -60.6 -29.4 0
      vertex -69.4 -29.4 0
    endloop
  endfacet
  facet normal 1 -0 0
    outer loop
      vertex -78.9 -29.4 11.4
      vertex -78.9 -20.6 0
      vertex -78.9 -20.6 11.4
    endloop
  endfacet
  facet normal 1 0 0
    outer loop
      vertex -78.9 -20.6 0
      vertex -78.9 -29.4 11.4
      vertex -78.9 -29.4 0
    endloop
  endfacet
  facet normal 0 -1 0
    outer loop
      vertex -78.9 -20.6 0
      vertex -70.6 -20.6 11.4
      vertex -78.9 -20.6 11.4
    endloop
  endfacet
  facet normal 0 -1 -0
    outer loop
      vertex -70.6 -20.6 11.4
      vertex -78.9 -20.6 0
      vertex -70.6 -20.6 0
    endloop
  endfacet
  facet normal -1 0 0
    outer loop
      vertex -70.6 -29.4 0
      vertex -70.6 -20.6 11.4
      vertex -70.6 -20.6 0
    endloop
  endfacet
  facet normal -1 -0 0
    outer loop
      vertex -70.6 -20.6 11.4
      vertex -70.6 -29.4 0
      vertex -70.6 -29.4 11.4
    endloop
  endfacet
  facet normal 0 1 -0
    outer loop
      vertex -70.6 -29.4 0
      vertex -78.9 -29.4 11.4
      vertex -70.6 -29.4 11.4
    endloop
  endfacet
  facet normal 0 1 0
    outer loop
      vertex -78.9 -29.4 11.4
      vertex -70.6 -29.4 0
      vertex -78.9 -29.4 0
    endloop
  endfacet
  facet normal 1 -0 0
    outer loop
      vertex 40.6 -39.4 11.4
      vertex 40.6 -30.6 0
      vertex 40.6 -30.6 11.4
    endloop
  endfacet
  facet normal 1 0 0
    outer loop
      vertex 40.6 -30.6 0
      vertex 40.6 -39.4 11.4
      vertex 40.6 -39.4 0
    endloop
  endfacet
  facet normal 0 -1 0
    outer loop
      vertex 40.6 -30.6 0
      vertex 49.4 -30.6 11.4
      vertex 40.6 -30.6 11.4
    endloop
  endfacet
  facet normal 0 -1 -0
    outer loop
      vertex 49.4 -30.6 11.4
      vertex 40.6 -30.6 0
      vertex 49.4 -30.6 0
    endloop
  endfacet
  facet normal -1 0 0
    outer loop
      vertex 49.4 -39.4 0
      vertex 49.4 -30.6 11.4
      vertex 49.4 -30.6 0
    endloop
  endfacet
  facet normal -1 -0 0
    outer loop
      vertex 49.4 -30.6 11.4
      vertex 49.4 -39.4 0
      vertex 49.4 -39.4 11.4
    endloop
  endfacet
  facet normal 0 1 -0
    outer loop
      vertex 49.4 -39.4 0
      vertex 40.6 -39.4 11.4
      vertex 49.4 -39.4 11.4
    endloop
  endfacet
  facet normal 0 1 0
    outer loop
      vertex 40.6 -39.4 11.4
      vertex 49.4 -39.4 0
      vertex 40.6 -39.4 0
    endloop
  endfacet
  facet normal 1 -0 0
    outer loop
      vertex 70.6 -39.4 11.4
      vertex 70.6 -30.6 0
      vertex 70.6 -30.6 11.4
    endloop
  endfacet
  facet normal 1 0 0
    outer loop
      vertex 70.6 -30.6 0
      vertex 70.6 -39.4 11.4
      vertex 70.6 -39.4 0
    endloop
  endfacet
  facet normal 0 -1 0
    outer loop
      vertex 70.6 -30.6 0
      vertex 78.9 -30.6 11.4
      vertex 70.6 -30.6 11.4
    endloop
  endfacet
  facet normal 0 -1 -0
    outer loop
      vertex 78.9 -30.6 11.4
      vertex 70.6 -30.6 0
      vertex 78.9 -30.6 0
    endloop
  endfacet
  facet normal -1 0 0
    outer loop
      vertex 78.9 -39.4 0
      vertex 78.9 -30.6 11.4
      vertex 78.9 -30.6 0
    endloop
  endfacet
  facet normal -1 -0 0
    outer loop
      vertex 78.9 -30.6 11.4
      vertex 78.9 -39.4 0
      vertex 78.9 -39.4 11.4
    endloop
  endfacet
  facet normal 0 1 -0
    outer loop
      vertex 78.9 -39.4 0
      vertex 70.6 -39.4 11.4
      vertex 78.9 -39.4 11.4
    endloop
  endfacet
  facet normal 0 1 0
    outer loop
      vertex 70.6 -39.4 11.4
      vertex 78.9 -39.4 0
      vertex 70.6 -39.4 0
    endloop
  endfacet
  facet normal 1 -0 0
    outer loop
      vertex 60.6 -39.4 11.4
      vertex 60.6 -30.6 0
      vertex 60.6 -30.6 11.4
    endloop
  endfacet
  facet normal 1 0 0
    outer loop
      vertex 60.6 -30.6 0
      vertex 60.6 -39.4 11.4
      vertex 60.6 -39.4 0
    endloop
  endfacet
  facet normal 0 -1 0
    outer loop
      vertex 60.6 -30.6 0
      vertex 69.4 -30.6 11.4
      vertex 60.6 -30.6 11.4
    endloop
  endfacet
  facet normal 0 -1 -0
    outer loop
      vertex 69.4 -30.6 11.4
      vertex 60.6 -30.6 0
      vertex 69.4 -30.6 0
    endloop
  endfacet
  facet normal -1 0 0
    outer loop
      vertex 69.4 -39.4 0
      vertex 69.4 -30.6 11.4
      vertex 69.4 -30.6 0
    endloop
  endfacet
  facet normal -1 -0 0
    outer loop
      vertex 69.4 -30.6 11.4
      vertex 69.4 -39.4 0
      vertex 69.4 -39.4 11.4
    endloop
  endfacet
  facet normal 0 1 -0
    outer loop
      vertex 69.4 -39.4 0
      vertex 60.6 -39.4 11.4
      vertex 69.4 -39.4 11.4
    endloop
  endfacet
  facet normal 0 1 0
    outer loop
      vertex 60.6 -39.4 11.4
      vertex 69.4 -39.4 0
      vertex 60.6 -39.4 0
    endloop
  endfacet
  facet normal 1 -0 0
    outer loop
      vertex 50.6 -39.4 11.4
      vertex 50.6 -30.6 0
      vertex 50.6 -30.6 11.4
    endloop
  endfacet
  facet normal 1 0 0
    outer loop
      vertex 50.6 -30.6 0
      vertex 50.6 -39.4 11.4
      vertex 50.6 -39.4 0
    endloop
  endfacet
  facet normal 0 -1 0
    outer loop
      vertex 50.6 -30.6 0
      vertex 59.4 -30.6 11.4
      vertex 50.6 -30.6 11.4
    endloop
  endfacet
  facet normal 0 -1 -0
    outer loop
      vertex 59.4 -30.6 11.4
      vertex 50.6 -30.6 0
      vertex 59.4 -30.6 0
    endloop
  endfacet
  facet normal -1 0 0
    outer loop
      vertex 59.4 -39.4 0
      vertex 59.4 -30.6 11.4
      vertex 59.4 -30.6 0
    endloop
  endfacet
  facet normal -1 -0 0
    outer loop
      vertex 59.4 -30.6 11.4
      vertex 59.4 -39.4 0
      vertex 59.4 -39.4 11.4
    endloop
  endfacet
  facet normal 0 1 -0
    outer loop
      vertex 59.4 -39.4 0
      vertex 50.6 -39.4 11.4
      vertex 59.4 -39.4 11.4
    endloop
  endfacet
  facet normal 0 1 0
    outer loop
      vertex 50.6 -39.4 11.4
      vertex 59.4 -39.4 0
      vertex 50.6 -39.4 0
    endloop
  endfacet
  facet normal 1 -0 0
    outer loop
      vertex 30.6 -39.4 11.4
      vertex 30.6 -30.6 0
      vertex 30.6 -30.6 11.4
    endloop
  endfacet
  facet normal 1 0 0
    outer loop
      vertex 30.6 -30.6 0
      vertex 30.6 -39.4 11.4
      vertex 30.6 -39.4 0
    endloop
  endfacet
  facet normal 0 -1 0
    outer loop
      vertex 30.6 -30.6 0
      vertex 39.4 -30.6 11.4
      vertex 30.6 -30.6 11.4
    endloop
  endfacet
  facet normal 0 -1 -0
    outer loop
      vertex 39.4 -30.6 11.4
      vertex 30.6 -30.6 0
      vertex 39.4 -30.6 0
    endloop
  endfacet
  facet normal -1 0 0
    outer loop
      vertex 39.4 -39.4 0
      vertex 39.4 -30.6 11.4
      vertex 39.4 -30.6 0
    endloop
  endfacet
  facet normal -1 -0 0
    outer loop
      vertex 39.4 -30.6 11.4
      vertex 39.4 -39.4 0
      vertex 39.4 -39.4 11.4
    endloop
  endfacet
  facet normal 0 1 -0
    outer loop
      vertex 39.4 -39.4 0
      vertex 30.6 -39.4 11.4
      vertex 39.4 -39.4 11.4
    endloop
  endfacet
  facet normal 0 1 0
    outer loop
      vertex 30.6 -39.4 11.4
      vertex 39.4 -39.4 0
      vertex 30.6 -39.4 0
    endloop
  endfacet
  facet normal 1 -0 0
    outer loop
      vertex 20.6 -39.4 11.4
      vertex 20.6 -30.6 0
      vertex 20.6 -30.6 11.4
    endloop
  endfacet
  facet normal 1 0 0
    outer loop
      vertex 20.6 -30.6 0
      vertex 20.6 -39.4 11.4
      vertex 20.6 -39.4 0
    endloop
  endfacet
  facet normal 0 -1 0
    outer loop
      vertex 20.6 -30.6 0
      vertex 29.4 -30.6 11.4
      vertex 20.6 -30.6 11.4
    endloop
  endfacet
  facet normal 0 -1 -0
    outer loop
      vertex 29.4 -30.6 11.4
      vertex 20.6 -30.6 0
      vertex 29.4 -30.6 0
    endloop
  endfacet
  facet normal -1 0 0
    outer loop
      vertex 29.4 -39.4 0
      vertex 29.4 -30.6 11.4
      vertex 29.4 -30.6 0
    endloop
  endfacet
  facet normal -1 -0 0
    outer loop
      vertex 29.4 -30.6 11.4
      vertex 29.4 -39.4 0
      vertex 29.4 -39.4 11.4
    endloop
  endfacet
  facet normal 0 1 -0
    outer loop
      vertex 29.4 -39.4 0
      vertex 20.6 -39.4 11.4
      vertex 29.4 -39.4 11.4
    endloop
  endfacet
  facet normal 0 1 0
    outer loop
      vertex 20.6 -39.4 11.4
      vertex 29.4 -39.4 0
      vertex 20.6 -39.4 0
    endloop
  endfacet
  facet normal 1 -0 0
    outer loop
      vertex 10.6 -39.4 11.4
      vertex 10.6 -30.6 0
      vertex 10.6 -30.6 11.4
    endloop
  endfacet
  facet normal 1 0 0
    outer loop
      vertex 10.6 -30.6 0
      vertex 10.6 -39.4 11.4
      vertex 10.6 -39.4 0
    endloop
  endfacet
  facet normal 0 -1 0
    outer loop
      vertex 10.6 -30.6 0
      vertex 19.4 -30.6 11.4
      vertex 10.6 -30.6 11.4
    endloop
  endfacet
  facet normal 0 -1 -0
    outer loop
      vertex 19.4 -30.6 11.4
      vertex 10.6 -30.6 0
      vertex 19.4 -30.6 0
    endloop
  endfacet
  facet normal -1 0 0
    outer loop
      vertex 19.4 -39.4 0
      vertex 19.4 -30.6 11.4
      vertex 19.4 -30.6 0
    endloop
  endfacet
  facet normal -1 -0 0
    outer loop
      vertex 19.4 -30.6 11.4
      vertex 19.4 -39.4 0
      vertex 19.4 -39.4 11.4
    endloop
  endfacet
  facet normal 0 1 -0
    outer loop
      vertex 19.4 -39.4 0
      vertex 10.6 -39.4 11.4
      vertex 19.4 -39.4 11.4
    endloop
  endfacet
  facet normal 0 1 0
    outer loop
      vertex 10.6 -39.4 11.4
      vertex 19.4 -39.4 0
      vertex 10.6 -39.4 0
    endloop
  endfacet
  facet normal 1 -0 0
    outer loop
      vertex 0.599991 -39.4 11.4
      vertex 0.599991 -30.6 0
      vertex 0.599991 -30.6 11.4
    endloop
  endfacet
  facet normal 1 0 0
    outer loop
      vertex 0.599991 -30.6 0
      vertex 0.599991 -39.4 11.4
      vertex 0.599991 -39.4 0
    endloop
  endfacet
  facet normal 0 -1 0
    outer loop
      vertex 0.599991 -30.6 0
      vertex 9.39999 -30.6 11.4
      vertex 0.599991 -30.6 11.4
    endloop
  endfacet
  facet normal 0 -1 -0
    outer loop
      vertex 9.39999 -30.6 11.4
      vertex 0.599991 -30.6 0
      vertex 9.39999 -30.6 0
    endloop
  endfacet
  facet normal -1 0 0
    outer loop
      vertex 9.39999 -39.4 0
      vertex 9.39999 -30.6 11.4
      vertex 9.39999 -30.6 0
    endloop
  endfacet
  facet normal -1 -0 0
    outer loop
      vertex 9.39999 -30.6 11.4
      vertex 9.39999 -39.4 0
      vertex 9.39999 -39.4 11.4
    endloop
  endfacet
  facet normal 0 1 -0
    outer loop
      vertex 9.39999 -39.4 0
      vertex 0.599991 -39.4 11.4
      vertex 9.39999 -39.4 11.4
    endloop
  endfacet
  facet normal 0 1 0
    outer loop
      vertex 0.599991 -39.4 11.4
      vertex 9.39999 -39.4 0
      vertex 0.599991 -39.4 0
    endloop
  endfacet
  facet normal 1 -0 0
    outer loop
      vertex -19.4 -39.4 11.4
      vertex -19.4 -30.6 0
      vertex -19.4 -30.6 11.4
    endloop
  endfacet
  facet normal 1 0 0
    outer loop
      vertex -19.4 -30.6 0
      vertex -19.4 -39.4 11.4
      vertex -19.4 -39.4 0
    endloop
  endfacet
  facet normal 0 -1 0
    outer loop
      vertex -19.4 -30.6 0
      vertex -10.6 -30.6 11.4
      vertex -19.4 -30.6 11.4
    endloop
  endfacet
  facet normal 0 -1 -0
    outer loop
      vertex -10.6 -30.6 11.4
      vertex -19.4 -30.6 0
      vertex -10.6 -30.6 0
    endloop
  endfacet
  facet normal -1 0 0
    outer loop
      vertex -10.6 -39.4 0
      vertex -10.6 -30.6 11.4
      vertex -10.6 -30.6 0
    endloop
  endfacet
  facet normal -1 -0 0
    outer loop
      vertex -10.6 -30.6 11.4
      vertex -10.6 -39.4 0
      vertex -10.6 -39.4 11.4
    endloop
  endfacet
  facet normal 0 1 -0
    outer loop
      vertex -10.6 -39.4 0
      vertex -19.4 -39.4 11.4
      vertex -10.6 -39.4 11.4
    endloop
  endfacet
  facet normal 0 1 0
    outer loop
      vertex -19.4 -39.4 11.4
      vertex -10.6 -39.4 0
      vertex -19.4 -39.4 0
    endloop
  endfacet
  facet normal 1 -0 0
    outer loop
      vertex -29.4 -39.4 11.4
      vertex -29.4 -30.6 0
      vertex -29.4 -30.6 11.4
    endloop
  endfacet
  facet normal 1 0 0
    outer loop
      vertex -29.4 -30.6 0
      vertex -29.4 -39.4 11.4
      vertex -29.4 -39.4 0
    endloop
  endfacet
  facet normal 0 -1 0
    outer loop
      vertex -29.4 -30.6 0
      vertex -20.6 -30.6 11.4
      vertex -29.4 -30.6 11.4
    endloop
  endfacet
  facet normal 0 -1 -0
    outer loop
      vertex -20.6 -30.6 11.4
      vertex -29.4 -30.6 0
      vertex -20.6 -30.6 0
    endloop
  endfacet
  facet normal -1 0 0
    outer loop
      vertex -20.6 -39.4 0
      vertex -20.6 -30.6 11.4
      vertex -20.6 -30.6 0
    endloop
  endfacet
  facet normal -1 -0 0
    outer loop
      vertex -20.6 -30.6 11.4
      vertex -20.6 -39.4 0
      vertex -20.6 -39.4 11.4
    endloop
  endfacet
  facet normal 0 1 -0
    outer loop
      vertex -20.6 -39.4 0
      vertex -29.4 -39.4 11.4
      vertex -20.6 -39.4 11.4
    endloop
  endfacet
  facet normal 0 1 0
    outer loop
      vertex -29.4 -39.4 11.4
      vertex -20.6 -39.4 0
      vertex -29.4 -39.4 0
    endloop
  endfacet
  facet normal 1 -0 0
    outer loop
      vertex -39.4 -39.4 11.4
      vertex -39.4 -30.6 0
      vertex -39.4 -30.6 11.4
    endloop
  endfacet
  facet normal 1 0 0
    outer loop
      vertex -39.4 -30.6 0
      vertex -39.4 -39.4 11.4
      vertex -39.4 -39.4 0
    endloop
  endfacet
  facet normal 0 -1 0
    outer loop
      vertex -39.4 -30.6 0
      vertex -30.6 -30.6 11.4
      vertex -39.4 -30.6 11.4
    endloop
  endfacet
  facet normal 0 -1 -0
    outer loop
      vertex -30.6 -30.6 11.4
      vertex -39.4 -30.6 0
      vertex -30.6 -30.6 0
    endloop
  endfacet
  facet normal -1 0 0
    outer loop
      vertex -30.6 -39.4 0
      vertex -30.6 -30.6 11.4
      vertex -30.6 -30.6 0
    endloop
  endfacet
  facet normal -1 -0 0
    outer loop
      vertex -30.6 -30.6 11.4
      vertex -30.6 -39.4 0
      vertex -30.6 -39.4 11.4
    endloop
  endfacet
  facet normal 0 1 -0
    outer loop
      vertex -30.6 -39.4 0
      vertex -39.4 -39.4 11.4
      vertex -30.6 -39.4 11.4
    endloop
  endfacet
  facet normal 0 1 0
    outer loop
      vertex -39.4 -39.4 11.4
      vertex -30.6 -39.4 0
      vertex -39.4 -39.4 0
    endloop
  endfacet
  facet normal 1 -0 0
    outer loop
      vertex -49.4 -39.4 11.4
      vertex -49.4 -30.6 0
      vertex -49.4 -30.6 11.4
    endloop
  endfacet
  facet normal 1 0 0
    outer loop
      vertex -49.4 -30.6 0
      vertex -49.4 -39.4 11.4
      vertex -49.4 -39.4 0
    endloop
  endfacet
  facet normal 0 -1 0
    outer loop
      vertex -49.4 -30.6 0
      vertex -40.6 -30.6 11.4
      vertex -49.4 -30.6 11.4
    endloop
  endfacet
  facet normal 0 -1 -0
    outer loop
      vertex -40.6 -30.6 11.4
      vertex -49.4 -30.6 0
      vertex -40.6 -30.6 0
    endloop
  endfacet
  facet normal -1 0 0
    outer loop
      vertex -40.6 -39.4 0
      vertex -40.6 -30.6 11.4
      vertex -40.6 -30.6 0
    endloop
  endfacet
  facet normal -1 -0 0
    outer loop
      vertex -40.6 -30.6 11.4
      vertex -40.6 -39.4 0
      vertex -40.6 -39.4 11.4
    endloop
  endfacet
  facet normal 0 1 -0
    outer loop
      vertex -40.6 -39.4 0
      vertex -49.4 -39.4 11.4
      vertex -40.6 -39.4 11.4
    endloop
  endfacet
  facet normal 0 1 0
    outer loop
      vertex -49.4 -39.4 11.4
      vertex -40.6 -39.4 0
      vertex -49.4 -39.4 0
    endloop
  endfacet
  facet normal 1 -0 0
    outer loop
      vertex -59.4 -39.4 11.4
      vertex -59.4 -30.6 0
      vertex -59.4 -30.6 11.4
    endloop
  endfacet
  facet normal 1 0 0
    outer loop
      vertex -59.4 -30.6 0
      vertex -59.4 -39.4 11.4
      vertex -59.4 -39.4 0
    endloop
  endfacet
  facet normal 0 -1 0
    outer loop
      vertex -59.4 -30.6 0
      vertex -50.6 -30.6 11.4
      vertex -59.4 -30.6 11.4
    endloop
  endfacet
  facet normal 0 -1 -0
    outer loop
      vertex -50.6 -30.6 11.4
      vertex -59.4 -30.6 0
      vertex -50.6 -30.6 0
    endloop
  endfacet
  facet normal -1 0 0
    outer loop
      vertex -50.6 -39.4 0
      vertex -50.6 -30.6 11.4
      vertex -50.6 -30.6 0
    endloop
  endfacet
  facet normal -1 -0 0
    outer loop
      vertex -50.6 -30.6 11.4
      vertex -50.6 -39.4 0
      vertex -50.6 -39.4 11.4
    endloop
  endfacet
  facet normal 0 1 -0
    outer loop
      vertex -50.6 -39.4 0
      vertex -59.4 -39.4 11.4
      vertex -50.6 -39.4 11.4
    endloop
  endfacet
  facet normal 0 1 0
    outer loop
      vertex -59.4 -39.4 11.4
      vertex -50.6 -39.4 0
      vertex -59.4 -39.4 0
    endloop
  endfacet
  facet normal 1 -0 0
    outer loop
      vertex -69.4 -39.4 11.4
      vertex -69.4 -30.6 0
      vertex -69.4 -30.6 11.4
    endloop
  endfacet
  facet normal 1 0 0
    outer loop
      vertex -69.4 -30.6 0
      vertex -69.4 -39.4 11.4
      vertex -69.4 -39.4 0
    endloop
  endfacet
  facet normal 0 -1 0
    outer loop
      vertex -69.4 -30.6 0
      vertex -60.6 -30.6 11.4
      vertex -69.4 -30.6 11.4
    endloop
  endfacet
  facet normal 0 -1 -0
    outer loop
      vertex -60.6 -30.6 11.4
      vertex -69.4 -30.6 0
      vertex -60.6 -30.6 0
    endloop
  endfacet
  facet normal -1 0 0
    outer loop
      vertex -60.6 -39.4 0
      vertex -60.6 -30.6 11.4
      vertex -60.6 -30.6 0
    endloop
  endfacet
  facet normal -1 -0 0
    outer loop
      vertex -60.6 -30.6 11.4
      vertex -60.6 -39.4 0
      vertex -60.6 -39.4 11.4
    endloop
  endfacet
  facet normal 0 1 -0
    outer loop
      vertex -60.6 -39.4 0
      vertex -69.4 -39.4 11.4
      vertex -60.6 -39.4 11.4
    endloop
  endfacet
  facet normal 0 1 0
    outer loop
      vertex -69.4 -39.4 11.4
      vertex -60.6 -39.4 0
      vertex -69.4 -39.4 0
    endloop
  endfacet
  facet normal 1 -0 0
    outer loop
      vertex -9.39999 -39.4 11.4
      vertex -9.39999 -30.6 0
      vertex -9.39999 -30.6 11.4
    endloop
  endfacet
  facet normal 1 0 0
    outer loop
      vertex -9.39999 -30.6 0
      vertex -9.39999 -39.4 11.4
      vertex -9.39999 -39.4 0
    endloop
  endfacet
  facet normal 0 -1 0
    outer loop
      vertex -9.39999 -30.6 0
      vertex -0.599991 -30.6 11.4
      vertex -9.39999 -30.6 11.4
    endloop
  endfacet
  facet normal 0 -1 -0
    outer loop
      vertex -0.599991 -30.6 11.4
      vertex -9.39999 -30.6 0
      vertex -0.599991 -30.6 0
    endloop
  endfacet
  facet normal -1 0 0
    outer loop
      vertex -0.599991 -39.4 0
      vertex -0.599991 -30.6 11.4
      vertex -0.599991 -30.6 0
    endloop
  endfacet
  facet normal -1 -0 0
    outer loop
      vertex -0.599991 -30.6 11.4
      vertex -0.599991 -39.4 0
      vertex -0.599991 -39.4 11.4
    endloop
  endfacet
  facet normal 0 1 -0
    outer loop
      vertex -0.599991 -39.4 0
      vertex -9.39999 -39.4 11.4
      vertex -0.599991 -39.4 11.4
    endloop
  endfacet
  facet normal 0 1 0
    outer loop
      vertex -9.39999 -39.4 11.4
      vertex -0.599991 -39.4 0
      vertex -9.39999 -39.4 0
    endloop
  endfacet
  facet normal 1 -0 0
    outer loop
      vertex -78.9 -39.4 11.4
      vertex -78.9 -30.6 0
      vertex -78.9 -30.6 11.4
    endloop
  endfacet
  facet normal 1 0 0
    outer loop
      vertex -78.9 -30.6 0
      vertex -78.9 -39.4 11.4
      vertex -78.9 -39.4 0
    endloop
  endfacet
  facet normal 0 -1 0
    outer loop
      vertex -78.9 -30.6 0
      vertex -70.6 -30.6 11.4
      vertex -78.9 -30.6 11.4
    endloop
  endfacet
  facet normal 0 -1 -0
    outer loop
      vertex -70.6 -30.6 11.4
      vertex -78.9 -30.6 0
      vertex -70.6 -30.6 0
    endloop
  endfacet
  facet normal -1 0 0
    outer loop
      vertex -70.6 -39.4 0
      vertex -70.6 -30.6 11.4
      vertex -70.6 -30.6 0
    endloop
  endfacet
  facet normal -1 -0 0
    outer loop
      vertex -70.6 -30.6 11.4
      vertex -70.6 -39.4 0
      vertex -70.6 -39.4 11.4
    endloop
  endfacet
  facet normal 0 1 -0
    outer loop
      vertex -70.6 -39.4 0
      vertex -78.9 -39.4 11.4
      vertex -70.6 -39.4 11.4
    endloop
  endfacet
  facet normal 0 1 0
    outer loop
      vertex -78.9 -39.4 11.4
      vertex -70.6 -39.4 0
      vertex -78.9 -39.4 0
    endloop
  endfacet
  facet normal 1 -0 0
    outer loop
      vertex 0.599991 -49.4 11.4
      vertex 0.599991 -40.6 0
      vertex 0.599991 -40.6 11.4
    endloop
  endfacet
  facet normal 1 0 0
    outer loop
      vertex 0.599991 -40.6 0
      vertex 0.599991 -49.4 11.4
      vertex 0.599991 -49.4 0
    endloop
  endfacet
  facet normal 0 -1 0
    outer loop
      vertex 0.599991 -40.6 0
      vertex 9.39999 -40.6 11.4
      vertex 0.599991 -40.6 11.4
    endloop
  endfacet
  facet normal 0 -1 -0
    outer loop
      vertex 9.39999 -40.6 11.4
      vertex 0.599991 -40.6 0
      vertex 9.39999 -40.6 0
    endloop
  endfacet
  facet normal -1 0 0
    outer loop
      vertex 9.39999 -49.4 0
      vertex 9.39999 -40.6 11.4
      vertex 9.39999 -40.6 0
    endloop
  endfacet
  facet normal -1 -0 0
    outer loop
      vertex 9.39999 -40.6 11.4
      vertex 9.39999 -49.4 0
      vertex 9.39999 -49.4 11.4
    endloop
  endfacet
  facet normal 0 1 -0
    outer loop
      vertex 9.39999 -49.4 0
      vertex 0.599991 -49.4 11.4
      vertex 9.39999 -49.4 11.4
    endloop
  endfacet
  facet normal 0 1 0
    outer loop
      vertex 0.599991 -49.4 11.4
      vertex 9.39999 -49.4 0
      vertex 0.599991 -49.4 0
    endloop
  endfacet
  facet normal 1 -0 0
    outer loop
      vertex 70.6 -49.4 11.4
      vertex 70.6 -40.6 0
      vertex 70.6 -40.6 11.4
    endloop
  endfacet
  facet normal 1 0 0
    outer loop
      vertex 70.6 -40.6 0
      vertex 70.6 -49.4 11.4
      vertex 70.6 -49.4 0
    endloop
  endfacet
  facet normal 0 -1 0
    outer loop
      vertex 70.6 -40.6 0
      vertex 78.9 -40.6 11.4
      vertex 70.6 -40.6 11.4
    endloop
  endfacet
  facet normal 0 -1 -0
    outer loop
      vertex 78.9 -40.6 11.4
      vertex 70.6 -40.6 0
      vertex 78.9 -40.6 0
    endloop
  endfacet
  facet normal -1 0 0
    outer loop
      vertex 78.9 -49.4 0
      vertex 78.9 -40.6 11.4
      vertex 78.9 -40.6 0
    endloop
  endfacet
  facet normal -1 -0 0
    outer loop
      vertex 78.9 -40.6 11.4
      vertex 78.9 -49.4 0
      vertex 78.9 -49.4 11.4
    endloop
  endfacet
  facet normal 0 1 -0
    outer loop
      vertex 78.9 -49.4 0
      vertex 70.6 -49.4 11.4
      vertex 78.9 -49.4 11.4
    endloop
  endfacet
  facet normal 0 1 0
    outer loop
      vertex 70.6 -49.4 11.4
      vertex 78.9 -49.4 0
      vertex 70.6 -49.4 0
    endloop
  endfacet
  facet normal 1 -0 0
    outer loop
      vertex 60.6 -49.4 11.4
      vertex 60.6 -40.6 0
      vertex 60.6 -40.6 11.4
    endloop
  endfacet
  facet normal 1 0 0
    outer loop
      vertex 60.6 -40.6 0
      vertex 60.6 -49.4 11.4
      vertex 60.6 -49.4 0
    endloop
  endfacet
  facet normal 0 -1 0
    outer loop
      vertex 60.6 -40.6 0
      vertex 69.4 -40.6 11.4
      vertex 60.6 -40.6 11.4
    endloop
  endfacet
  facet normal 0 -1 -0
    outer loop
      vertex 69.4 -40.6 11.4
      vertex 60.6 -40.6 0
      vertex 69.4 -40.6 0
    endloop
  endfacet
  facet normal -1 0 0
    outer loop
      vertex 69.4 -49.4 0
      vertex 69.4 -40.6 11.4
      vertex 69.4 -40.6 0
    endloop
  endfacet
  facet normal -1 -0 0
    outer loop
      vertex 69.4 -40.6 11.4
      vertex 69.4 -49.4 0
      vertex 69.4 -49.4 11.4
    endloop
  endfacet
  facet normal 0 1 -0
    outer loop
      vertex 69.4 -49.4 0
      vertex 60.6 -49.4 11.4
      vertex 69.4 -49.4 11.4
    endloop
  endfacet
  facet normal 0 1 0
    outer loop
      vertex 60.6 -49.4 11.4
      vertex 69.4 -49.4 0
      vertex 60.6 -49.4 0
    endloop
  endfacet
  facet normal 1 -0 0
    outer loop
      vertex 50.6 -49.4 11.4
      vertex 50.6 -40.6 0
      vertex 50.6 -40.6 11.4
    endloop
  endfacet
  facet normal 1 0 0
    outer loop
      vertex 50.6 -40.6 0
      vertex 50.6 -49.4 11.4
      vertex 50.6 -49.4 0
    endloop
  endfacet
  facet normal 0 -1 0
    outer loop
      vertex 50.6 -40.6 0
      vertex 59.4 -40.6 11.4
      vertex 50.6 -40.6 11.4
    endloop
  endfacet
  facet normal 0 -1 -0
    outer loop
      vertex 59.4 -40.6 11.4
      vertex 50.6 -40.6 0
      vertex 59.4 -40.6 0
    endloop
  endfacet
  facet normal -1 0 0
    outer loop
      vertex 59.4 -49.4 0
      vertex 59.4 -40.6 11.4
      vertex 59.4 -40.6 0
    endloop
  endfacet
  facet normal -1 -0 0
    outer loop
      vertex 59.4 -40.6 11.4
      vertex 59.4 -49.4 0
      vertex 59.4 -49.4 11.4
    endloop
  endfacet
  facet normal 0 1 -0
    outer loop
      vertex 59.4 -49.4 0
      vertex 50.6 -49.4 11.4
      vertex 59.4 -49.4 11.4
    endloop
  endfacet
  facet normal 0 1 0
    outer loop
      vertex 50.6 -49.4 11.4
      vertex 59.4 -49.4 0
      vertex 50.6 -49.4 0
    endloop
  endfacet
  facet normal 1 -0 0
    outer loop
      vertex 40.6 -49.4 11.4
      vertex 40.6 -40.6 0
      vertex 40.6 -40.6 11.4
    endloop
  endfacet
  facet normal 1 0 0
    outer loop
      vertex 40.6 -40.6 0
      vertex 40.6 -49.4 11.4
      vertex 40.6 -49.4 0
    endloop
  endfacet
  facet normal 0 -1 0
    outer loop
      vertex 40.6 -40.6 0
      vertex 49.4 -40.6 11.4
      vertex 40.6 -40.6 11.4
    endloop
  endfacet
  facet normal 0 -1 -0
    outer loop
      vertex 49.4 -40.6 11.4
      vertex 40.6 -40.6 0
      vertex 49.4 -40.6 0
    endloop
  endfacet
  facet normal -1 0 0
    outer loop
      vertex 49.4 -49.4 0
      vertex 49.4 -40.6 11.4
      vertex 49.4 -40.6 0
    endloop
  endfacet
  facet normal -1 -0 0
    outer loop
      vertex 49.4 -40.6 11.4
      vertex 49.4 -49.4 0
      vertex 49.4 -49.4 11.4
    endloop
  endfacet
  facet normal 0 1 -0
    outer loop
      vertex 49.4 -49.4 0
      vertex 40.6 -49.4 11.4
      vertex 49.4 -49.4 11.4
    endloop
  endfacet
  facet normal 0 1 0
    outer loop
      vertex 40.6 -49.4 11.4
      vertex 49.4 -49.4 0
      vertex 40.6 -49.4 0
    endloop
  endfacet
  facet normal 1 -0 0
    outer loop
      vertex 30.6 -49.4 11.4
      vertex 30.6 -40.6 0
      vertex 30.6 -40.6 11.4
    endloop
  endfacet
  facet normal 1 0 0
    outer loop
      vertex 30.6 -40.6 0
      vertex 30.6 -49.4 11.4
      vertex 30.6 -49.4 0
    endloop
  endfacet
  facet normal 0 -1 0
    outer loop
      vertex 30.6 -40.6 0
      vertex 39.4 -40.6 11.4
      vertex 30.6 -40.6 11.4
    endloop
  endfacet
  facet normal 0 -1 -0
    outer loop
      vertex 39.4 -40.6 11.4
      vertex 30.6 -40.6 0
      vertex 39.4 -40.6 0
    endloop
  endfacet
  facet normal -1 0 0
    outer loop
      vertex 39.4 -49.4 0
      vertex 39.4 -40.6 11.4
      vertex 39.4 -40.6 0
    endloop
  endfacet
  facet normal -1 -0 0
    outer loop
      vertex 39.4 -40.6 11.4
      vertex 39.4 -49.4 0
      vertex 39.4 -49.4 11.4
    endloop
  endfacet
  facet normal 0 1 -0
    outer loop
      vertex 39.4 -49.4 0
      vertex 30.6 -49.4 11.4
      vertex 39.4 -49.4 11.4
    endloop
  endfacet
  facet normal 0 1 0
    outer loop
      vertex 30.6 -49.4 11.4
      vertex 39.4 -49.4 0
      vertex 30.6 -49.4 0
    endloop
  endfacet
  facet normal 1 -0 0
    outer loop
      vertex 20.6 -49.4 11.4
      vertex 20.6 -40.6 0
      vertex 20.6 -40.6 11.4
    endloop
  endfacet
  facet normal 1 0 0
    outer loop
      vertex 20.6 -40.6 0
      vertex 20.6 -49.4 11.4
      vertex 20.6 -49.4 0
    endloop
  endfacet
  facet normal 0 -1 0
    outer loop
      vertex 20.6 -40.6 0
      vertex 29.4 -40.6 11.4
      vertex 20.6 -40.6 11.4
    endloop
  endfacet
  facet normal 0 -1 -0
    outer loop
      vertex 29.4 -40.6 11.4
      vertex 20.6 -40.6 0
      vertex 29.4 -40.6 0
    endloop
  endfacet
  facet normal -1 0 0
    outer loop
      vertex 29.4 -49.4 0
      vertex 29.4 -40.6 11.4
      vertex 29.4 -40.6 0
    endloop
  endfacet
  facet normal -1 -0 0
    outer loop
      vertex 29.4 -40.6 11.4
      vertex 29.4 -49.4 0
      vertex 29.4 -49.4 11.4
    endloop
  endfacet
  facet normal 0 1 -0
    outer loop
      vertex 29.4 -49.4 0
      vertex 20.6 -49.4 11.4
      vertex 29.4 -49.4 11.4
    endloop
  endfacet
  facet normal 0 1 0
    outer loop
      vertex 20.6 -49.4 11.4
      vertex 29.4 -49.4 0
      vertex 20.6 -49.4 0
    endloop
  endfacet
  facet normal 1 -0 0
    outer loop
      vertex 10.6 -49.4 11.4
      vertex 10.6 -40.6 0
      vertex 10.6 -40.6 11.4
    endloop
  endfacet
  facet normal 1 0 0
    outer loop
      vertex 10.6 -40.6 0
      vertex 10.6 -49.4 11.4
      vertex 10.6 -49.4 0
    endloop
  endfacet
  facet normal 0 -1 0
    outer loop
      vertex 10.6 -40.6 0
      vertex 19.4 -40.6 11.4
      vertex 10.6 -40.6 11.4
    endloop
  endfacet
  facet normal 0 -1 -0
    outer loop
      vertex 19.4 -40.6 11.4
      vertex 10.6 -40.6 0
      vertex 19.4 -40.6 0
    endloop
  endfacet
  facet normal -1 0 0
    outer loop
      vertex 19.4 -49.4 0
      vertex 19.4 -40.6 11.4
      vertex 19.4 -40.6 0
    endloop
  endfacet
  facet normal -1 -0 0
    outer loop
      vertex 19.4 -40.6 11.4
      vertex 19.4 -49.4 0
      vertex 19.4 -49.4 11.4
    endloop
  endfacet
  facet normal 0 1 -0
    outer loop
      vertex 19.4 -49.4 0
      vertex 10.6 -49.4 11.4
      vertex 19.4 -49.4 11.4
    endloop
  endfacet
  facet normal 0 1 0
    outer loop
      vertex 10.6 -49.4 11.4
      vertex 19.4 -49.4 0
      vertex 10.6 -49.4 0
    endloop
  endfacet
  facet normal 1 -0 0
    outer loop
      vertex -9.39999 -49.4 11.4
      vertex -9.39999 -40.6 0
      vertex -9.39999 -40.6 11.4
    endloop
  endfacet
  facet normal 1 0 0
    outer loop
      vertex -9.39999 -40.6 0
      vertex -9.39999 -49.4 11.4
      vertex -9.39999 -49.4 0
    endloop
  endfacet
  facet normal 0 -1 0
    outer loop
      vertex -9.39999 -40.6 0
      vertex -0.599991 -40.6 11.4
      vertex -9.39999 -40.6 11.4
    endloop
  endfacet
  facet normal 0 -1 -0
    outer loop
      vertex -0.599991 -40.6 11.4
      vertex -9.39999 -40.6 0
      vertex -0.599991 -40.6 0
    endloop
  endfacet
  facet normal -1 0 0
    outer loop
      vertex -0.599991 -49.4 0
      vertex -0.599991 -40.6 11.4
      vertex -0.599991 -40.6 0
    endloop
  endfacet
  facet normal -1 -0 0
    outer loop
      vertex -0.599991 -40.6 11.4
      vertex -0.599991 -49.4 0
      vertex -0.599991 -49.4 11.4
    endloop
  endfacet
  facet normal 0 1 -0
    outer loop
      vertex -0.599991 -49.4 0
      vertex -9.39999 -49.4 11.4
      vertex -0.599991 -49.4 11.4
    endloop
  endfacet
  facet normal 0 1 0
    outer loop
      vertex -9.39999 -49.4 11.4
      vertex -0.599991 -49.4 0
      vertex -9.39999 -49.4 0
    endloop
  endfacet
  facet normal 1 -0 0
    outer loop
      vertex -19.4 -49.4 11.4
      vertex -19.4 -40.6 0
      vertex -19.4 -40.6 11.4
    endloop
  endfacet
  facet normal 1 0 0
    outer loop
      vertex -19.4 -40.6 0
      vertex -19.4 -49.4 11.4
      vertex -19.4 -49.4 0
    endloop
  endfacet
  facet normal 0 -1 0
    outer loop
      vertex -19.4 -40.6 0
      vertex -10.6 -40.6 11.4
      vertex -19.4 -40.6 11.4
    endloop
  endfacet
  facet normal 0 -1 -0
    outer loop
      vertex -10.6 -40.6 11.4
      vertex -19.4 -40.6 0
      vertex -10.6 -40.6 0
    endloop
  endfacet
  facet normal -1 0 0
    outer loop
      vertex -10.6 -49.4 0
      vertex -10.6 -40.6 11.4
      vertex -10.6 -40.6 0
    endloop
  endfacet
  facet normal -1 -0 0
    outer loop
      vertex -10.6 -40.6 11.4
      vertex -10.6 -49.4 0
      vertex -10.6 -49.4 11.4
    endloop
  endfacet
  facet normal 0 1 -0
    outer loop
      vertex -10.6 -49.4 0
      vertex -19.4 -49.4 11.4
      vertex -10.6 -49.4 11.4
    endloop
  endfacet
  facet normal 0 1 0
    outer loop
      vertex -19.4 -49.4 11.4
      vertex -10.6 -49.4 0
      vertex -19.4 -49.4 0
    endloop
  endfacet
  facet normal 1 -0 0
    outer loop
      vertex -29.4 -49.4 11.4
      vertex -29.4 -40.6 0
      vertex -29.4 -40.6 11.4
    endloop
  endfacet
  facet normal 1 0 0
    outer loop
      vertex -29.4 -40.6 0
      vertex -29.4 -49.4 11.4
      vertex -29.4 -49.4 0
    endloop
  endfacet
  facet normal 0 -1 0
    outer loop
      vertex -29.4 -40.6 0
      vertex -20.6 -40.6 11.4
      vertex -29.4 -40.6 11.4
    endloop
  endfacet
  facet normal 0 -1 -0
    outer loop
      vertex -20.6 -40.6 11.4
      vertex -29.4 -40.6 0
      vertex -20.6 -40.6 0
    endloop
  endfacet
  facet normal -1 0 0
    outer loop
      vertex -20.6 -49.4 0
      vertex -20.6 -40.6 11.4
      vertex -20.6 -40.6 0
    endloop
  endfacet
  facet normal -1 -0 0
    outer loop
      vertex -20.6 -40.6 11.4
      vertex -20.6 -49.4 0
      vertex -20.6 -49.4 11.4
    endloop
  endfacet
  facet normal 0 1 -0
    outer loop
      vertex -20.6 -49.4 0
      vertex -29.4 -49.4 11.4
      vertex -20.6 -49.4 11.4
    endloop
  endfacet
  facet normal 0 1 0
    outer loop
      vertex -29.4 -49.4 11.4
      vertex -20.6 -49.4 0
      vertex -29.4 -49.4 0
    endloop
  endfacet
  facet normal 1 -0 0
    outer loop
      vertex -39.4 -49.4 11.4
      vertex -39.4 -40.6 0
      vertex -39.4 -40.6 11.4
    endloop
  endfacet
  facet normal 1 0 0
    outer loop
      vertex -39.4 -40.6 0
      vertex -39.4 -49.4 11.4
      vertex -39.4 -49.4 0
    endloop
  endfacet
  facet normal 0 -1 0
    outer loop
      vertex -39.4 -40.6 0
      vertex -30.6 -40.6 11.4
      vertex -39.4 -40.6 11.4
    endloop
  endfacet
  facet normal 0 -1 -0
    outer loop
      vertex -30.6 -40.6 11.4
      vertex -39.4 -40.6 0
      vertex -30.6 -40.6 0
    endloop
  endfacet
  facet normal -1 0 0
    outer loop
      vertex -30.6 -49.4 0
      vertex -30.6 -40.6 11.4
      vertex -30.6 -40.6 0
    endloop
  endfacet
  facet normal -1 -0 0
    outer loop
      vertex -30.6 -40.6 11.4
      vertex -30.6 -49.4 0
      vertex -30.6 -49.4 11.4
    endloop
  endfacet
  facet normal 0 1 -0
    outer loop
      vertex -30.6 -49.4 0
      vertex -39.4 -49.4 11.4
      vertex -30.6 -49.4 11.4
    endloop
  endfacet
  facet normal 0 1 0
    outer loop
      vertex -39.4 -49.4 11.4
      vertex -30.6 -49.4 0
      vertex -39.4 -49.4 0
    endloop
  endfacet
  facet normal 1 -0 0
    outer loop
      vertex -49.4 -49.4 11.4
      vertex -49.4 -40.6 0
      vertex -49.4 -40.6 11.4
    endloop
  endfacet
  facet normal 1 0 0
    outer loop
      vertex -49.4 -40.6 0
      vertex -49.4 -49.4 11.4
      vertex -49.4 -49.4 0
    endloop
  endfacet
  facet normal 0 -1 0
    outer loop
      vertex -49.4 -40.6 0
      vertex -40.6 -40.6 11.4
      vertex -49.4 -40.6 11.4
    endloop
  endfacet
  facet normal 0 -1 -0
    outer loop
      vertex -40.6 -40.6 11.4
      vertex -49.4 -40.6 0
      vertex -40.6 -40.6 0
    endloop
  endfacet
  facet normal -1 0 0
    outer loop
      vertex -40.6 -49.4 0
      vertex -40.6 -40.6 11.4
      vertex -40.6 -40.6 0
    endloop
  endfacet
  facet normal -1 -0 0
    outer loop
      vertex -40.6 -40.6 11.4
      vertex -40.6 -49.4 0
      vertex -40.6 -49.4 11.4
    endloop
  endfacet
  facet normal 0 1 -0
    outer loop
      vertex -40.6 -49.4 0
      vertex -49.4 -49.4 11.4
      vertex -40.6 -49.4 11.4
    endloop
  endfacet
  facet normal 0 1 0
    outer loop
      vertex -49.4 -49.4 11.4
      vertex -40.6 -49.4 0
      vertex -49.4 -49.4 0
    endloop
  endfacet
  facet normal 1 -0 0
    outer loop
      vertex -59.4 -49.4 11.4
      vertex -59.4 -40.6 0
      vertex -59.4 -40.6 11.4
    endloop
  endfacet
  facet normal 1 0 0
    outer loop
      vertex -59.4 -40.6 0
      vertex -59.4 -49.4 11.4
      vertex -59.4 -49.4 0
    endloop
  endfacet
  facet normal 0 -1 0
    outer loop
      vertex -59.4 -40.6 0
      vertex -50.6 -40.6 11.4
      vertex -59.4 -40.6 11.4
    endloop
  endfacet
  facet normal 0 -1 -0
    outer loop
      vertex -50.6 -40.6 11.4
      vertex -59.4 -40.6 0
      vertex -50.6 -40.6 0
    endloop
  endfacet
  facet normal -1 0 0
    outer loop
      vertex -50.6 -49.4 0
      vertex -50.6 -40.6 11.4
      vertex -50.6 -40.6 0
    endloop
  endfacet
  facet normal -1 -0 0
    outer loop
      vertex -50.6 -40.6 11.4
      vertex -50.6 -49.4 0
      vertex -50.6 -49.4 11.4
    endloop
  endfacet
  facet normal 0 1 -0
    outer loop
      vertex -50.6 -49.4 0
      vertex -59.4 -49.4 11.4
      vertex -50.6 -49.4 11.4
    endloop
  endfacet
  facet normal 0 1 0
    outer loop
      vertex -59.4 -49.4 11.4
      vertex -50.6 -49.4 0
      vertex -59.4 -49.4 0
    endloop
  endfacet
  facet normal 1 -0 0
    outer loop
      vertex -69.4 -49.4 11.4
      vertex -69.4 -40.6 0
      vertex -69.4 -40.6 11.4
    endloop
  endfacet
  facet normal 1 0 0
    outer loop
      vertex -69.4 -40.6 0
      vertex -69.4 -49.4 11.4
      vertex -69.4 -49.4 0
    endloop
  endfacet
  facet normal 0 -1 0
    outer loop
      vertex -69.4 -40.6 0
      vertex -60.6 -40.6 11.4
      vertex -69.4 -40.6 11.4
    endloop
  endfacet
  facet normal 0 -1 -0
    outer loop
      vertex -60.6 -40.6 11.4
      vertex -69.4 -40.6 0
      vertex -60.6 -40.6 0
    endloop
  endfacet
  facet normal -1 0 0
    outer loop
      vertex -60.6 -49.4 0
      vertex -60.6 -40.6 11.4
      vertex -60.6 -40.6 0
    endloop
  endfacet
  facet normal -1 -0 0
    outer loop
      vertex -60.6 -40.6 11.4
      vertex -60.6 -49.4 0
      vertex -60.6 -49.4 11.4
    endloop
  endfacet
  facet normal 0 1 -0
    outer loop
      vertex -60.6 -49.4 0
      vertex -69.4 -49.4 11.4
      vertex -60.6 -49.4 11.4
    endloop
  endfacet
  facet normal 0 1 0
    outer loop
      vertex -69.4 -49.4 11.4
      vertex -60.6 -49.4 0
      vertex -69.4 -49.4 0
    endloop
  endfacet
  facet normal 1 -0 0
    outer loop
      vertex -78.9 -49.4 11.4
      vertex -78.9 -40.6 0
      vertex -78.9 -40.6 11.4
    endloop
  endfacet
  facet normal 1 0 0
    outer loop
      vertex -78.9 -40.6 0
      vertex -78.9 -49.4 11.4
      vertex -78.9 -49.4 0
    endloop
  endfacet
  facet normal 0 -1 0
    outer loop
      vertex -78.9 -40.6 0
      vertex -70.6 -40.6 11.4
      vertex -78.9 -40.6 11.4
    endloop
  endfacet
  facet normal 0 -1 -0
    outer loop
      vertex -70.6 -40.6 11.4
      vertex -78.9 -40.6 0
      vertex -70.6 -40.6 0
    endloop
  endfacet
  facet normal -1 0 0
    outer loop
      vertex -70.6 -49.4 0
      vertex -70.6 -40.6 11.4
      vertex -70.6 -40.6 0
    endloop
  endfacet
  facet normal -1 -0 0
    outer loop
      vertex -70.6 -40.6 11.4
      vertex -70.6 -49.4 0
      vertex -70.6 -49.4 11.4
    endloop
  endfacet
  facet normal 0 1 -0
    outer loop
      vertex -70.6 -49.4 0
      vertex -78.9 -49.4 11.4
      vertex -70.6 -49.4 11.4
    endloop
  endfacet
  facet normal 0 1 0
    outer loop
      vertex -78.9 -49.4 11.4
      vertex -70.6 -49.4 0
      vertex -78.9 -49.4 0
    endloop
  endfacet
  facet normal 1 -0 0
    outer loop
      vertex -19.4 -59.4 11.4
      vertex -19.4 -50.6 0
      vertex -19.4 -50.6 11.4
    endloop
  endfacet
  facet normal 1 0 0
    outer loop
      vertex -19.4 -50.6 0
      vertex -19.4 -59.4 11.4
      vertex -19.4 -59.4 0
    endloop
  endfacet
  facet normal 0 -1 0
    outer loop
      vertex -19.4 -50.6 0
      vertex -10.6 -50.6 11.4
      vertex -19.4 -50.6 11.4
    endloop
  endfacet
  facet normal 0 -1 -0
    outer loop
      vertex -10.6 -50.6 11.4
      vertex -19.4 -50.6 0
      vertex -10.6 -50.6 0
    endloop
  endfacet
  facet normal -1 0 0
    outer loop
      vertex -10.6 -59.4 0
      vertex -10.6 -50.6 11.4
      vertex -10.6 -50.6 0
    endloop
  endfacet
  facet normal -1 -0 0
    outer loop
      vertex -10.6 -50.6 11.4
      vertex -10.6 -59.4 0
      vertex -10.6 -59.4 11.4
    endloop
  endfacet
  facet normal 0 1 -0
    outer loop
      vertex -10.6 -59.4 0
      vertex -19.4 -59.4 11.4
      vertex -10.6 -59.4 11.4
    endloop
  endfacet
  facet normal 0 1 0
    outer loop
      vertex -19.4 -59.4 11.4
      vertex -10.6 -59.4 0
      vertex -19.4 -59.4 0
    endloop
  endfacet
  facet normal 1 -0 0
    outer loop
      vertex -29.4 -59.4 11.4
      vertex -29.4 -50.6 0
      vertex -29.4 -50.6 11.4
    endloop
  endfacet
  facet normal 1 0 0
    outer loop
      vertex -29.4 -50.6 0
      vertex -29.4 -59.4 11.4
      vertex -29.4 -59.4 0
    endloop
  endfacet
  facet normal 0 -1 0
    outer loop
      vertex -29.4 -50.6 0
      vertex -20.6 -50.6 11.4
      vertex -29.4 -50.6 11.4
    endloop
  endfacet
  facet normal 0 -1 -0
    outer loop
      vertex -20.6 -50.6 11.4
      vertex -29.4 -50.6 0
      vertex -20.6 -50.6 0
    endloop
  endfacet
  facet normal -1 0 0
    outer loop
      vertex -20.6 -59.4 0
      vertex -20.6 -50.6 11.4
      vertex -20.6 -50.6 0
    endloop
  endfacet
  facet normal -1 -0 0
    outer loop
      vertex -20.6 -50.6 11.4
      vertex -20.6 -59.4 0
      vertex -20.6 -59.4 11.4
    endloop
  endfacet
  facet normal 0 1 -0
    outer loop
      vertex -20.6 -59.4 0
      vertex -29.4 -59.4 11.4
      vertex -20.6 -59.4 11.4
    endloop
  endfacet
  facet normal 0 1 0
    outer loop
      vertex -29.4 -59.4 11.4
      vertex -20.6 -59.4 0
      vertex -29.4 -59.4 0
    endloop
  endfacet
  facet normal 1 -0 0
    outer loop
      vertex -39.4 -59.4 11.4
      vertex -39.4 -50.6 0
      vertex -39.4 -50.6 11.4
    endloop
  endfacet
  facet normal 1 0 0
    outer loop
      vertex -39.4 -50.6 0
      vertex -39.4 -59.4 11.4
      vertex -39.4 -59.4 0
    endloop
  endfacet
  facet normal 0 -1 0
    outer loop
      vertex -39.4 -50.6 0
      vertex -30.6 -50.6 11.4
      vertex -39.4 -50.6 11.4
    endloop
  endfacet
  facet normal 0 -1 -0
    outer loop
      vertex -30.6 -50.6 11.4
      vertex -39.4 -50.6 0
      vertex -30.6 -50.6 0
    endloop
  endfacet
  facet normal -1 0 0
    outer loop
      vertex -30.6 -59.4 0
      vertex -30.6 -50.6 11.4
      vertex -30.6 -50.6 0
    endloop
  endfacet
  facet normal -1 -0 0
    outer loop
      vertex -30.6 -50.6 11.4
      vertex -30.6 -59.4 0
      vertex -30.6 -59.4 11.4
    endloop
  endfacet
  facet normal 0 1 -0
    outer loop
      vertex -30.6 -59.4 0
      vertex -39.4 -59.4 11.4
      vertex -30.6 -59.4 11.4
    endloop
  endfacet
  facet normal 0 1 0
    outer loop
      vertex -39.4 -59.4 11.4
      vertex -30.6 -59.4 0
      vertex -39.4 -59.4 0
    endloop
  endfacet
  facet normal 1 -0 0
    outer loop
      vertex -49.4 -59.4 11.4
      vertex -49.4 -50.6 0
      vertex -49.4 -50.6 11.4
    endloop
  endfacet
  facet normal 1 0 0
    outer loop
      vertex -49.4 -50.6 0
      vertex -49.4 -59.4 11.4
      vertex -49.4 -59.4 0
    endloop
  endfacet
  facet normal 0 -1 0
    outer loop
      vertex -49.4 -50.6 0
      vertex -40.6 -50.6 11.4
      vertex -49.4 -50.6 11.4
    endloop
  endfacet
  facet normal 0 -1 -0
    outer loop
      vertex -40.6 -50.6 11.4
      vertex -49.4 -50.6 0
      vertex -40.6 -50.6 0
    endloop
  endfacet
  facet normal -1 0 0
    outer loop
      vertex -40.6 -59.4 0
      vertex -40.6 -50.6 11.4
      vertex -40.6 -50.6 0
    endloop
  endfacet
  facet normal -1 -0 0
    outer loop
      vertex -40.6 -50.6 11.4
      vertex -40.6 -59.4 0
      vertex -40.6 -59.4 11.4
    endloop
  endfacet
  facet normal 0 1 -0
    outer loop
      vertex -40.6 -59.4 0
      vertex -49.4 -59.4 11.4
      vertex -40.6 -59.4 11.4
    endloop
  endfacet
  facet normal 0 1 0
    outer loop
      vertex -49.4 -59.4 11.4
      vertex -40.6 -59.4 0
      vertex -49.4 -59.4 0
    endloop
  endfacet
  facet normal 1 -0 0
    outer loop
      vertex -59.4 -59.4 11.4
      vertex -59.4 -50.6 0
      vertex -59.4 -50.6 11.4
    endloop
  endfacet
  facet normal 1 0 0
    outer loop
      vertex -59.4 -50.6 0
      vertex -59.4 -59.4 11.4
      vertex -59.4 -59.4 0
    endloop
  endfacet
  facet normal 0 -1 0
    outer loop
      vertex -59.4 -50.6 0
      vertex -50.6 -50.6 11.4
      vertex -59.4 -50.6 11.4
    endloop
  endfacet
  facet normal 0 -1 -0
    outer loop
      vertex -50.6 -50.6 11.4
      vertex -59.4 -50.6 0
      vertex -50.6 -50.6 0
    endloop
  endfacet
  facet normal -1 0 0
    outer loop
      vertex -50.6 -59.4 0
      vertex -50.6 -50.6 11.4
      vertex -50.6 -50.6 0
    endloop
  endfacet
  facet normal -1 -0 0
    outer loop
      vertex -50.6 -50.6 11.4
      vertex -50.6 -59.4 0
      vertex -50.6 -59.4 11.4
    endloop
  endfacet
  facet normal 0 1 -0
    outer loop
      vertex -50.6 -59.4 0
      vertex -59.4 -59.4 11.4
      vertex -50.6 -59.4 11.4
    endloop
  endfacet
  facet normal 0 1 0
    outer loop
      vertex -59.4 -59.4 11.4
      vertex -50.6 -59.4 0
      vertex -59.4 -59.4 0
    endloop
  endfacet
  facet normal 1 -0 0
    outer loop
      vertex -69.4 -59.4 11.4
      vertex -69.4 -50.6 0
      vertex -69.4 -50.6 11.4
    endloop
  endfacet
  facet normal 1 0 0
    outer loop
      vertex -69.4 -50.6 0
      vertex -69.4 -59.4 11.4
      vertex -69.4 -59.4 0
    endloop
  endfacet
  facet normal 0 -1 0
    outer loop
      vertex -69.4 -50.6 0
      vertex -60.6 -50.6 11.4
      vertex -69.4 -50.6 11.4
    endloop
  endfacet
  facet normal 0 -1 -0
    outer loop
      vertex -60.6 -50.6 11.4
      vertex -69.4 -50.6 0
      vertex -60.6 -50.6 0
    endloop
  endfacet
  facet normal -1 0 0
    outer loop
      vertex -60.6 -59.4 0
      vertex -60.6 -50.6 11.4
      vertex -60.6 -50.6 0
    endloop
  endfacet
  facet normal -1 -0 0
    outer loop
      vertex -60.6 -50.6 11.4
      vertex -60.6 -59.4 0
      vertex -60.6 -59.4 11.4
    endloop
  endfacet
  facet normal 0 1 -0
    outer loop
      vertex -60.6 -59.4 0
      vertex -69.4 -59.4 11.4
      vertex -60.6 -59.4 11.4
    endloop
  endfacet
  facet normal 0 1 0
    outer loop
      vertex -69.4 -59.4 11.4
      vertex -60.6 -59.4 0
      vertex -69.4 -59.4 0
    endloop
  endfacet
  facet normal 1 -0 0
    outer loop
      vertex -9.39999 -59.4 11.4
      vertex -9.39999 -50.6 0
      vertex -9.39999 -50.6 11.4
    endloop
  endfacet
  facet normal 1 0 0
    outer loop
      vertex -9.39999 -50.6 0
      vertex -9.39999 -59.4 11.4
      vertex -9.39999 -59.4 0
    endloop
  endfacet
  facet normal 0 -1 0
    outer loop
      vertex -9.39999 -50.6 0
      vertex -0.599991 -50.6 11.4
      vertex -9.39999 -50.6 11.4
    endloop
  endfacet
  facet normal 0 -1 -0
    outer loop
      vertex -0.599991 -50.6 11.4
      vertex -9.39999 -50.6 0
      vertex -0.599991 -50.6 0
    endloop
  endfacet
  facet normal -1 0 0
    outer loop
      vertex -0.599991 -59.4 0
      vertex -0.599991 -50.6 11.4
      vertex -0.599991 -50.6 0
    endloop
  endfacet
  facet normal -1 -0 0
    outer loop
      vertex -0.599991 -50.6 11.4
      vertex -0.599991 -59.4 0
      vertex -0.599991 -59.4 11.4
    endloop
  endfacet
  facet normal 0 1 -0
    outer loop
      vertex -0.599991 -59.4 0
      vertex -9.39999 -59.4 11.4
      vertex -0.599991 -59.4 11.4
    endloop
  endfacet
  facet normal 0 1 0
    outer loop
      vertex -9.39999 -59.4 11.4
      vertex -0.599991 -59.4 0
      vertex -9.39999 -59.4 0
    endloop
  endfacet
  facet normal 1 -0 0
    outer loop
      vertex -78.9 -59.4 11.4
      vertex -78.9 -50.6 0
      vertex -78.9 -50.6 11.4
    endloop
  endfacet
  facet normal 1 0 0
    outer loop
      vertex -78.9 -50.6 0
      vertex -78.9 -59.4 11.4
      vertex -78.9 -59.4 0
    endloop
  endfacet
  facet normal 0 -1 0
    outer loop
      vertex -78.9 -50.6 0
      vertex -70.6 -50.6 11.4
      vertex -78.9 -50.6 11.4
    endloop
  endfacet
  facet normal 0 -1 -0
    outer loop
      vertex -70.6 -50.6 11.4
      vertex -78.9 -50.6 0
      vertex -70.6 -50.6 0
    endloop
  endfacet
  facet normal -1 0 0
    outer loop
      vertex -70.6 -59.4 0
      vertex -70.6 -50.6 11.4
      vertex -70.6 -50.6 0
    endloop
  endfacet
  facet normal -1 -0 0
    outer loop
      vertex -70.6 -50.6 11.4
      vertex -70.6 -59.4 0
      vertex -70.6 -59.4 11.4
    endloop
  endfacet
  facet normal 0 1 -0
    outer loop
      vertex -70.6 -59.4 0
      vertex -78.9 -59.4 11.4
      vertex -70.6 -59.4 11.4
    endloop
  endfacet
  facet normal 0 1 0
    outer loop
      vertex -78.9 -59.4 11.4
      vertex -70.6 -59.4 0
      vertex -78.9 -59.4 0
    endloop
  endfacet
  facet normal 1 -0 0
    outer loop
      vertex 40.6 -59.4 11.4
      vertex 40.6 -50.6 0
      vertex 40.6 -50.6 11.4
    endloop
  endfacet
  facet normal 1 0 0
    outer loop
      vertex 40.6 -50.6 0
      vertex 40.6 -59.4 11.4
      vertex 40.6 -59.4 0
    endloop
  endfacet
  facet normal 0 -1 0
    outer loop
      vertex 40.6 -50.6 0
      vertex 49.4 -50.6 11.4
      vertex 40.6 -50.6 11.4
    endloop
  endfacet
  facet normal 0 -1 -0
    outer loop
      vertex 49.4 -50.6 11.4
      vertex 40.6 -50.6 0
      vertex 49.4 -50.6 0
    endloop
  endfacet
  facet normal -1 0 0
    outer loop
      vertex 49.4 -59.4 0
      vertex 49.4 -50.6 11.4
      vertex 49.4 -50.6 0
    endloop
  endfacet
  facet normal -1 -0 0
    outer loop
      vertex 49.4 -50.6 11.4
      vertex 49.4 -59.4 0
      vertex 49.4 -59.4 11.4
    endloop
  endfacet
  facet normal 0 1 -0
    outer loop
      vertex 49.4 -59.4 0
      vertex 40.6 -59.4 11.4
      vertex 49.4 -59.4 11.4
    endloop
  endfacet
  facet normal 0 1 0
    outer loop
      vertex 40.6 -59.4 11.4
      vertex 49.4 -59.4 0
      vertex 40.6 -59.4 0
    endloop
  endfacet
  facet normal 1 -0 0
    outer loop
      vertex 70.6 -59.4 11.4
      vertex 70.6 -50.6 0
      vertex 70.6 -50.6 11.4
    endloop
  endfacet
  facet normal 1 0 0
    outer loop
      vertex 70.6 -50.6 0
      vertex 70.6 -59.4 11.4
      vertex 70.6 -59.4 0
    endloop
  endfacet
  facet normal 0 -1 0
    outer loop
      vertex 70.6 -50.6 0
      vertex 78.9 -50.6 11.4
      vertex 70.6 -50.6 11.4
    endloop
  endfacet
  facet normal 0 -1 -0
    outer loop
      vertex 78.9 -50.6 11.4
      vertex 70.6 -50.6 0
      vertex 78.9 -50.6 0
    endloop
  endfacet
  facet normal -1 0 0
    outer loop
      vertex 78.9 -59.4 0
      vertex 78.9 -50.6 11.4
      vertex 78.9 -50.6 0
    endloop
  endfacet
  facet normal -1 -0 0
    outer loop
      vertex 78.9 -50.6 11.4
      vertex 78.9 -59.4 0
      vertex 78.9 -59.4 11.4
    endloop
  endfacet
  facet normal 0 1 -0
    outer loop
      vertex 78.9 -59.4 0
      vertex 70.6 -59.4 11.4
      vertex 78.9 -59.4 11.4
    endloop
  endfacet
  facet normal 0 1 0
    outer loop
      vertex 70.6 -59.4 11.4
      vertex 78.9 -59.4 0
      vertex 70.6 -59.4 0
    endloop
  endfacet
  facet normal 1 -0 0
    outer loop
      vertex 60.6 -59.4 11.4
      vertex 60.6 -50.6 0
      vertex 60.6 -50.6 11.4
    endloop
  endfacet
  facet normal 1 0 0
    outer loop
      vertex 60.6 -50.6 0
      vertex 60.6 -59.4 11.4
      vertex 60.6 -59.4 0
    endloop
  endfacet
  facet normal 0 -1 0
    outer loop
      vertex 60.6 -50.6 0
      vertex 69.4 -50.6 11.4
      vertex 60.6 -50.6 11.4
    endloop
  endfacet
  facet normal 0 -1 -0
    outer loop
      vertex 69.4 -50.6 11.4
      vertex 60.6 -50.6 0
      vertex 69.4 -50.6 0
    endloop
  endfacet
  facet normal -1 0 0
    outer loop
      vertex 69.4 -59.4 0
      vertex 69.4 -50.6 11.4
      vertex 69.4 -50.6 0
    endloop
  endfacet
  facet normal -1 -0 0
    outer loop
      vertex 69.4 -50.6 11.4
      vertex 69.4 -59.4 0
      vertex 69.4 -59.4 11.4
    endloop
  endfacet
  facet normal 0 1 -0
    outer loop
      vertex 69.4 -59.4 0
      vertex 60.6 -59.4 11.4
      vertex 69.4 -59.4 11.4
    endloop
  endfacet
  facet normal 0 1 0
    outer loop
      vertex 60.6 -59.4 11.4
      vertex 69.4 -59.4 0
      vertex 60.6 -59.4 0
    endloop
  endfacet
  facet normal 1 -0 0
    outer loop
      vertex 50.6 -59.4 11.4
      vertex 50.6 -50.6 0
      vertex 50.6 -50.6 11.4
    endloop
  endfacet
  facet normal 1 0 0
    outer loop
      vertex 50.6 -50.6 0
      vertex 50.6 -59.4 11.4
      vertex 50.6 -59.4 0
    endloop
  endfacet
  facet normal 0 -1 0
    outer loop
      vertex 50.6 -50.6 0
      vertex 59.4 -50.6 11.4
      vertex 50.6 -50.6 11.4
    endloop
  endfacet
  facet normal 0 -1 -0
    outer loop
      vertex 59.4 -50.6 11.4
      vertex 50.6 -50.6 0
      vertex 59.4 -50.6 0
    endloop
  endfacet
  facet normal -1 0 0
    outer loop
      vertex 59.4 -59.4 0
      vertex 59.4 -50.6 11.4
      vertex 59.4 -50.6 0
    endloop
  endfacet
  facet normal -1 -0 0
    outer loop
      vertex 59.4 -50.6 11.4
      vertex 59.4 -59.4 0
      vertex 59.4 -59.4 11.4
    endloop
  endfacet
  facet normal 0 1 -0
    outer loop
      vertex 59.4 -59.4 0
      vertex 50.6 -59.4 11.4
      vertex 59.4 -59.4 11.4
    endloop
  endfacet
  facet normal 0 1 0
    outer loop
      vertex 50.6 -59.4 11.4
      vertex 59.4 -59.4 0
      vertex 50.6 -59.4 0
    endloop
  endfacet
  facet normal 1 -0 0
    outer loop
      vertex 30.6 -59.4 11.4
      vertex 30.6 -50.6 0
      vertex 30.6 -50.6 11.4
    endloop
  endfacet
  facet normal 1 0 0
    outer loop
      vertex 30.6 -50.6 0
      vertex 30.6 -59.4 11.4
      vertex 30.6 -59.4 0
    endloop
  endfacet
  facet normal 0 -1 0
    outer loop
      vertex 30.6 -50.6 0
      vertex 39.4 -50.6 11.4
      vertex 30.6 -50.6 11.4
    endloop
  endfacet
  facet normal 0 -1 -0
    outer loop
      vertex 39.4 -50.6 11.4
      vertex 30.6 -50.6 0
      vertex 39.4 -50.6 0
    endloop
  endfacet
  facet normal -1 0 0
    outer loop
      vertex 39.4 -59.4 0
      vertex 39.4 -50.6 11.4
      vertex 39.4 -50.6 0
    endloop
  endfacet
  facet normal -1 -0 0
    outer loop
      vertex 39.4 -50.6 11.4
      vertex 39.4 -59.4 0
      vertex 39.4 -59.4 11.4
    endloop
  endfacet
  facet normal 0 1 -0
    outer loop
      vertex 39.4 -59.4 0
      vertex 30.6 -59.4 11.4
      vertex 39.4 -59.4 11.4
    endloop
  endfacet
  facet normal 0 1 0
    outer loop
      vertex 30.6 -59.4 11.4
      vertex 39.4 -59.4 0
      vertex 30.6 -59.4 0
    endloop
  endfacet
  facet normal 1 -0 0
    outer loop
      vertex 20.6 -59.4 11.4
      vertex 20.6 -50.6 0
      vertex 20.6 -50.6 11.4
    endloop
  endfacet
  facet normal 1 0 0
    outer loop
      vertex 20.6 -50.6 0
      vertex 20.6 -59.4 11.4
      vertex 20.6 -59.4 0
    endloop
  endfacet
  facet normal 0 -1 0
    outer loop
      vertex 20.6 -50.6 0
      vertex 29.4 -50.6 11.4
      vertex 20.6 -50.6 11.4
    endloop
  endfacet
  facet normal 0 -1 -0
    outer loop
      vertex 29.4 -50.6 11.4
      vertex 20.6 -50.6 0
      vertex 29.4 -50.6 0
    endloop
  endfacet
  facet normal -1 0 0
    outer loop
      vertex 29.4 -59.4 0
      vertex 29.4 -50.6 11.4
      vertex 29.4 -50.6 0
    endloop
  endfacet
  facet normal -1 -0 0
    outer loop
      vertex 29.4 -50.6 11.4
      vertex 29.4 -59.4 0
      vertex 29.4 -59.4 11.4
    endloop
  endfacet
  facet normal 0 1 -0
    outer loop
      vertex 29.4 -59.4 0
      vertex 20.6 -59.4 11.4
      vertex 29.4 -59.4 11.4
    endloop
  endfacet
  facet normal 0 1 0
    outer loop
      vertex 20.6 -59.4 11.4
      vertex 29.4 -59.4 0
      vertex 20.6 -59.4 0
    endloop
  endfacet
  facet normal 1 -0 0
    outer loop
      vertex 10.6 -59.4 11.4
      vertex 10.6 -50.6 0
      vertex 10.6 -50.6 11.4
    endloop
  endfacet
  facet normal 1 0 0
    outer loop
      vertex 10.6 -50.6 0
      vertex 10.6 -59.4 11.4
      vertex 10.6 -59.4 0
    endloop
  endfacet
  facet normal 0 -1 0
    outer loop
      vertex 10.6 -50.6 0
      vertex 19.4 -50.6 11.4
      vertex 10.6 -50.6 11.4
    endloop
  endfacet
  facet normal 0 -1 -0
    outer loop
      vertex 19.4 -50.6 11.4
      vertex 10.6 -50.6 0
      vertex 19.4 -50.6 0
    endloop
  endfacet
  facet normal -1 0 0
    outer loop
      vertex 19.4 -59.4 0
      vertex 19.4 -50.6 11.4
      vertex 19.4 -50.6 0
    endloop
  endfacet
  facet normal -1 -0 0
    outer loop
      vertex 19.4 -50.6 11.4
      vertex 19.4 -59.4 0
      vertex 19.4 -59.4 11.4
    endloop
  endfacet
  facet normal 0 1 -0
    outer loop
      vertex 19.4 -59.4 0
      vertex 10.6 -59.4 11.4
      vertex 19.4 -59.4 11.4
    endloop
  endfacet
  facet normal 0 1 0
    outer loop
      vertex 10.6 -59.4 11.4
      vertex 19.4 -59.4 0
      vertex 10.6 -59.4 0
    endloop
  endfacet
  facet normal 1 -0 0
    outer loop
      vertex 0.599991 -59.4 11.4
      vertex 0.599991 -50.6 0
      vertex 0.599991 -50.6 11.4
    endloop
  endfacet
  facet normal 1 0 0
    outer loop
      vertex 0.599991 -50.6 0
      vertex 0.599991 -59.4 11.4
      vertex 0.599991 -59.4 0
    endloop
  endfacet
  facet normal 0 -1 0
    outer loop
      vertex 0.599991 -50.6 0
      vertex 9.39999 -50.6 11.4
      vertex 0.599991 -50.6 11.4
    endloop
  endfacet
  facet normal 0 -1 -0
    outer loop
      vertex 9.39999 -50.6 11.4
      vertex 0.599991 -50.6 0
      vertex 9.39999 -50.6 0
    endloop
  endfacet
  facet normal -1 0 0
    outer loop
      vertex 9.39999 -59.4 0
      vertex 9.39999 -50.6 11.4
      vertex 9.39999 -50.6 0
    endloop
  endfacet
  facet normal -1 -0 0
    outer loop
      vertex 9.39999 -50.6 11.4
      vertex 9.39999 -59.4 0
      vertex 9.39999 -59.4 11.4
    endloop
  endfacet
  facet normal 0 1 -0
    outer loop
      vertex 9.39999 -59.4 0
      vertex 0.599991 -59.4 11.4
      vertex 9.39999 -59.4 11.4
    endloop
  endfacet
  facet normal 0 1 0
    outer loop
      vertex 0.599991 -59.4 11.4
      vertex 9.39999 -59.4 0
      vertex 0.599991 -59.4 0
    endloop
  endfacet
  facet normal 1 -0 0
    outer loop
      vertex 40.6 -69.4 11.4
      vertex 40.6 -60.6 0
      vertex 40.6 -60.6 11.4
    endloop
  endfacet
  facet normal 1 0 0
    outer loop
      vertex 40.6 -60.6 0
      vertex 40.6 -69.4 11.4
      vertex 40.6 -69.4 0
    endloop
  endfacet
  facet normal 0 -1 0
    outer loop
      vertex 40.6 -60.6 0
      vertex 49.4 -60.6 11.4
      vertex 40.6 -60.6 11.4
    endloop
  endfacet
  facet normal 0 -1 -0
    outer loop
      vertex 49.4 -60.6 11.4
      vertex 40.6 -60.6 0
      vertex 49.4 -60.6 0
    endloop
  endfacet
  facet normal -1 0 0
    outer loop
      vertex 49.4 -69.4 0
      vertex 49.4 -60.6 11.4
      vertex 49.4 -60.6 0
    endloop
  endfacet
  facet normal -1 -0 0
    outer loop
      vertex 49.4 -60.6 11.4
      vertex 49.4 -69.4 0
      vertex 49.4 -69.4 11.4
    endloop
  endfacet
  facet normal 0 1 -0
    outer loop
      vertex 49.4 -69.4 0
      vertex 40.6 -69.4 11.4
      vertex 49.4 -69.4 11.4
    endloop
  endfacet
  facet normal 0 1 0
    outer loop
      vertex 40.6 -69.4 11.4
      vertex 49.4 -69.4 0
      vertex 40.6 -69.4 0
    endloop
  endfacet
  facet normal 1 -0 0
    outer loop
      vertex 70.6 -69.4 11.4
      vertex 70.6 -60.6 0
      vertex 70.6 -60.6 11.4
    endloop
  endfacet
  facet normal 1 0 0
    outer loop
      vertex 70.6 -60.6 0
      vertex 70.6 -69.4 11.4
      vertex 70.6 -69.4 0
    endloop
  endfacet
  facet normal 0 -1 0
    outer loop
      vertex 70.6 -60.6 0
      vertex 78.9 -60.6 11.4
      vertex 70.6 -60.6 11.4
    endloop
  endfacet
  facet normal 0 -1 -0
    outer loop
      vertex 78.9 -60.6 11.4
      vertex 70.6 -60.6 0
      vertex 78.9 -60.6 0
    endloop
  endfacet
  facet normal -1 0 0
    outer loop
      vertex 78.9 -69.4 0
      vertex 78.9 -60.6 11.4
      vertex 78.9 -60.6 0
    endloop
  endfacet
  facet normal -1 -0 0
    outer loop
      vertex 78.9 -60.6 11.4
      vertex 78.9 -69.4 0
      vertex 78.9 -69.4 11.4
    endloop
  endfacet
  facet normal 0 1 -0
    outer loop
      vertex 78.9 -69.4 0
      vertex 70.6 -69.4 11.4
      vertex 78.9 -69.4 11.4
    endloop
  endfacet
  facet normal 0 1 0
    outer loop
      vertex 70.6 -69.4 11.4
      vertex 78.9 -69.4 0
      vertex 70.6 -69.4 0
    endloop
  endfacet
  facet normal 1 -0 0
    outer loop
      vertex 60.6 -69.4 11.4
      vertex 60.6 -60.6 0
      vertex 60.6 -60.6 11.4
    endloop
  endfacet
  facet normal 1 0 0
    outer loop
      vertex 60.6 -60.6 0
      vertex 60.6 -69.4 11.4
      vertex 60.6 -69.4 0
    endloop
  endfacet
  facet normal 0 -1 0
    outer loop
      vertex 60.6 -60.6 0
      vertex 69.4 -60.6 11.4
      vertex 60.6 -60.6 11.4
    endloop
  endfacet
  facet normal 0 -1 -0
    outer loop
      vertex 69.4 -60.6 11.4
      vertex 60.6 -60.6 0
      vertex 69.4 -60.6 0
    endloop
  endfacet
  facet normal -1 0 0
    outer loop
      vertex 69.4 -69.4 0
      vertex 69.4 -60.6 11.4
      vertex 69.4 -60.6 0
    endloop
  endfacet
  facet normal -1 -0 0
    outer loop
      vertex 69.4 -60.6 11.4
      vertex 69.4 -69.4 0
      vertex 69.4 -69.4 11.4
    endloop
  endfacet
  facet normal 0 1 -0
    outer loop
      vertex 69.4 -69.4 0
      vertex 60.6 -69.4 11.4
      vertex 69.4 -69.4 11.4
    endloop
  endfacet
  facet normal 0 1 0
    outer loop
      vertex 60.6 -69.4 11.4
      vertex 69.4 -69.4 0
      vertex 60.6 -69.4 0
    endloop
  endfacet
  facet normal 1 -0 0
    outer loop
      vertex 50.6 -69.4 11.4
      vertex 50.6 -60.6 0
      vertex 50.6 -60.6 11.4
    endloop
  endfacet
  facet normal 1 0 0
    outer loop
      vertex 50.6 -60.6 0
      vertex 50.6 -69.4 11.4
      vertex 50.6 -69.4 0
    endloop
  endfacet
  facet normal 0 -1 0
    outer loop
      vertex 50.6 -60.6 0
      vertex 59.4 -60.6 11.4
      vertex 50.6 -60.6 11.4
    endloop
  endfacet
  facet normal 0 -1 -0
    outer loop
      vertex 59.4 -60.6 11.4
      vertex 50.6 -60.6 0
      vertex 59.4 -60.6 0
    endloop
  endfacet
  facet normal -1 0 0
    outer loop
      vertex 59.4 -69.4 0
      vertex 59.4 -60.6 11.4
      vertex 59.4 -60.6 0
    endloop
  endfacet
  facet normal -1 -0 0
    outer loop
      vertex 59.4 -60.6 11.4
      vertex 59.4 -69.4 0
      vertex 59.4 -69.4 11.4
    endloop
  endfacet
  facet normal 0 1 -0
    outer loop
      vertex 59.4 -69.4 0
      vertex 50.6 -69.4 11.4
      vertex 59.4 -69.4 11.4
    endloop
  endfacet
  facet normal 0 1 0
    outer loop
      vertex 50.6 -69.4 11.4
      vertex 59.4 -69.4 0
      vertex 50.6 -69.4 0
    endloop
  endfacet
  facet normal 1 -0 0
    outer loop
      vertex 30.6 -69.4 11.4
      vertex 30.6 -60.6 0
      vertex 30.6 -60.6 11.4
    endloop
  endfacet
  facet normal 1 0 0
    outer loop
      vertex 30.6 -60.6 0
      vertex 30.6 -69.4 11.4
      vertex 30.6 -69.4 0
    endloop
  endfacet
  facet normal 0 -1 0
    outer loop
      vertex 30.6 -60.6 0
      vertex 39.4 -60.6 11.4
      vertex 30.6 -60.6 11.4
    endloop
  endfacet
  facet normal 0 -1 -0
    outer loop
      vertex 39.4 -60.6 11.4
      vertex 30.6 -60.6 0
      vertex 39.4 -60.6 0
    endloop
  endfacet
  facet normal -1 0 0
    outer loop
      vertex 39.4 -69.4 0
      vertex 39.4 -60.6 11.4
      vertex 39.4 -60.6 0
    endloop
  endfacet
  facet normal -1 -0 0
    outer loop
      vertex 39.4 -60.6 11.4
      vertex 39.4 -69.4 0
      vertex 39.4 -69.4 11.4
    endloop
  endfacet
  facet normal 0 1 -0
    outer loop
      vertex 39.4 -69.4 0
      vertex 30.6 -69.4 11.4
      vertex 39.4 -69.4 11.4
    endloop
  endfacet
  facet normal 0 1 0
    outer loop
      vertex 30.6 -69.4 11.4
      vertex 39.4 -69.4 0
      vertex 30.6 -69.4 0
    endloop
  endfacet
  facet normal 1 -0 0
    outer loop
      vertex 20.6 -69.4 11.4
      vertex 20.6 -60.6 0
      vertex 20.6 -60.6 11.4
    endloop
  endfacet
  facet normal 1 0 0
    outer loop
      vertex 20.6 -60.6 0
      vertex 20.6 -69.4 11.4
      vertex 20.6 -69.4 0
    endloop
  endfacet
  facet normal 0 -1 0
    outer loop
      vertex 20.6 -60.6 0
      vertex 29.4 -60.6 11.4
      vertex 20.6 -60.6 11.4
    endloop
  endfacet
  facet normal 0 -1 -0
    outer loop
      vertex 29.4 -60.6 11.4
      vertex 20.6 -60.6 0
      vertex 29.4 -60.6 0
    endloop
  endfacet
  facet normal -1 0 0
    outer loop
      vertex 29.4 -69.4 0
      vertex 29.4 -60.6 11.4
      vertex 29.4 -60.6 0
    endloop
  endfacet
  facet normal -1 -0 0
    outer loop
      vertex 29.4 -60.6 11.4
      vertex 29.4 -69.4 0
      vertex 29.4 -69.4 11.4
    endloop
  endfacet
  facet normal 0 1 -0
    outer loop
      vertex 29.4 -69.4 0
      vertex 20.6 -69.4 11.4
      vertex 29.4 -69.4 11.4
    endloop
  endfacet
  facet normal 0 1 0
    outer loop
      vertex 20.6 -69.4 11.4
      vertex 29.4 -69.4 0
      vertex 20.6 -69.4 0
    endloop
  endfacet
  facet normal 1 -0 0
    outer loop
      vertex 10.6 -69.4 11.4
      vertex 10.6 -60.6 0
      vertex 10.6 -60.6 11.4
    endloop
  endfacet
  facet normal 1 0 0
    outer loop
      vertex 10.6 -60.6 0
      vertex 10.6 -69.4 11.4
      vertex 10.6 -69.4 0
    endloop
  endfacet
  facet normal 0 -1 0
    outer loop
      vertex 10.6 -60.6 0
      vertex 19.4 -60.6 11.4
      vertex 10.6 -60.6 11.4
    endloop
  endfacet
  facet normal 0 -1 -0
    outer loop
      vertex 19.4 -60.6 11.4
      vertex 10.6 -60.6 0
      vertex 19.4 -60.6 0
    endloop
  endfacet
  facet normal -1 0 0
    outer loop
      vertex 19.4 -69.4 0
      vertex 19.4 -60.6 11.4
      vertex 19.4 -60.6 0
    endloop
  endfacet
  facet normal -1 -0 0
    outer loop
      vertex 19.4 -60.6 11.4
      vertex 19.4 -69.4 0
      vertex 19.4 -69.4 11.4
    endloop
  endfacet
  facet normal 0 1 -0
    outer loop
      vertex 19.4 -69.4 0
      vertex 10.6 -69.4 11.4
      vertex 19.4 -69.4 11.4
    endloop
  endfacet
  facet normal 0 1 0
    outer loop
      vertex 10.6 -69.4 11.4
      vertex 19.4 -69.4 0
      vertex 10.6 -69.4 0
    endloop
  endfacet
  facet normal 1 -0 0
    outer loop
      vertex 0.599991 -69.4 11.4
      vertex 0.599991 -60.6 0
      vertex 0.599991 -60.6 11.4
    endloop
  endfacet
  facet normal 1 0 0
    outer loop
      vertex 0.599991 -60.6 0
      vertex 0.599991 -69.4 11.4
      vertex 0.599991 -69.4 0
    endloop
  endfacet
  facet normal 0 -1 0
    outer loop
      vertex 0.599991 -60.6 0
      vertex 9.39999 -60.6 11.4
      vertex 0.599991 -60.6 11.4
    endloop
  endfacet
  facet normal 0 -1 -0
    outer loop
      vertex 9.39999 -60.6 11.4
      vertex 0.599991 -60.6 0
      vertex 9.39999 -60.6 0
    endloop
  endfacet
  facet normal -1 0 0
    outer loop
      vertex 9.39999 -69.4 0
      vertex 9.39999 -60.6 11.4
      vertex 9.39999 -60.6 0
    endloop
  endfacet
  facet normal -1 -0 0
    outer loop
      vertex 9.39999 -60.6 11.4
      vertex 9.39999 -69.4 0
      vertex 9.39999 -69.4 11.4
    endloop
  endfacet
  facet normal 0 1 -0
    outer loop
      vertex 9.39999 -69.4 0
      vertex 0.599991 -69.4 11.4
      vertex 9.39999 -69.4 11.4
    endloop
  endfacet
  facet normal 0 1 0
    outer loop
      vertex 0.599991 -69.4 11.4
      vertex 9.39999 -69.4 0
      vertex 0.599991 -69.4 0
    endloop
  endfacet
  facet normal 1 -0 0
    outer loop
      vertex -19.4 -69.4 11.4
      vertex -19.4 -60.6 0
      vertex -19.4 -60.6 11.4
    endloop
  endfacet
  facet normal 1 0 0
    outer loop
      vertex -19.4 -60.6 0
      vertex -19.4 -69.4 11.4
      vertex -19.4 -69.4 0
    endloop
  endfacet
  facet normal 0 -1 0
    outer loop
      vertex -19.4 -60.6 0
      vertex -10.6 -60.6 11.4
      vertex -19.4 -60.6 11.4
    endloop
  endfacet
  facet normal 0 -1 -0
    outer loop
      vertex -10.6 -60.6 11.4
      vertex -19.4 -60.6 0
      vertex -10.6 -60.6 0
    endloop
  endfacet
  facet normal -1 0 0
    outer loop
      vertex -10.6 -69.4 0
      vertex -10.6 -60.6 11.4
      vertex -10.6 -60.6 0
    endloop
  endfacet
  facet normal -1 -0 0
    outer loop
      vertex -10.6 -60.6 11.4
      vertex -10.6 -69.4 0
      vertex -10.6 -69.4 11.4
    endloop
  endfacet
  facet normal 0 1 -0
    outer loop
      vertex -10.6 -69.4 0
      vertex -19.4 -69.4 11.4
      vertex -10.6 -69.4 11.4
    endloop
  endfacet
  facet normal 0 1 0
    outer loop
      vertex -19.4 -69.4 11.4
      vertex -10.6 -69.4 0
      vertex -19.4 -69.4 0
    endloop
  endfacet
  facet normal 1 -0 0
    outer loop
      vertex -29.4 -69.4 11.4
      vertex -29.4 -60.6 0
      vertex -29.4 -60.6 11.4
    endloop
  endfacet
  facet normal 1 0 0
    outer loop
      vertex -29.4 -60.6 0
      vertex -29.4 -69.4 11.4
      vertex -29.4 -69.4 0
    endloop
  endfacet
  facet normal 0 -1 0
    outer loop
      vertex -29.4 -60.6 0
      vertex -20.6 -60.6 11.4
      vertex -29.4 -60.6 11.4
    endloop
  endfacet
  facet normal 0 -1 -0
    outer loop
      vertex -20.6 -60.6 11.4
      vertex -29.4 -60.6 0
      vertex -20.6 -60.6 0
    endloop
  endfacet
  facet normal -1 0 0
    outer loop
      vertex -20.6 -69.4 0
      vertex -20.6 -60.6 11.4
      vertex -20.6 -60.6 0
    endloop
  endfacet
  facet normal -1 -0 0
    outer loop
      vertex -20.6 -60.6 11.4
      vertex -20.6 -69.4 0
      vertex -20.6 -69.4 11.4
    endloop
  endfacet
  facet normal 0 1 -0
    outer loop
      vertex -20.6 -69.4 0
      vertex -29.4 -69.4 11.4
      vertex -20.6 -69.4 11.4
    endloop
  endfacet
  facet normal 0 1 0
    outer loop
      vertex -29.4 -69.4 11.4
      vertex -20.6 -69.4 0
      vertex -29.4 -69.4 0
    endloop
  endfacet
  facet normal 1 -0 0
    outer loop
      vertex -39.4 -69.4 11.4
      vertex -39.4 -60.6 0
      vertex -39.4 -60.6 11.4
    endloop
  endfacet
  facet normal 1 0 0
    outer loop
      vertex -39.4 -60.6 0
      vertex -39.4 -69.4 11.4
      vertex -39.4 -69.4 0
    endloop
  endfacet
  facet normal 0 -1 0
    outer loop
      vertex -39.4 -60.6 0
      vertex -30.6 -60.6 11.4
      vertex -39.4 -60.6 11.4
    endloop
  endfacet
  facet normal 0 -1 -0
    outer loop
      vertex -30.6 -60.6 11.4
      vertex -39.4 -60.6 0
      vertex -30.6 -60.6 0
    endloop
  endfacet
  facet normal -1 0 0
    outer loop
      vertex -30.6 -69.4 0
      vertex -30.6 -60.6 11.4
      vertex -30.6 -60.6 0
    endloop
  endfacet
  facet normal -1 -0 0
    outer loop
      vertex -30.6 -60.6 11.4
      vertex -30.6 -69.4 0
      vertex -30.6 -69.4 11.4
    endloop
  endfacet
  facet normal 0 1 -0
    outer loop
      vertex -30.6 -69.4 0
      vertex -39.4 -69.4 11.4
      vertex -30.6 -69.4 11.4
    endloop
  endfacet
  facet normal 0 1 0
    outer loop
      vertex -39.4 -69.4 11.4
      vertex -30.6 -69.4 0
      vertex -39.4 -69.4 0
    endloop
  endfacet
  facet normal 1 -0 0
    outer loop
      vertex -49.4 -69.4 11.4
      vertex -49.4 -60.6 0
      vertex -49.4 -60.6 11.4
    endloop
  endfacet
  facet normal 1 0 0
    outer loop
      vertex -49.4 -60.6 0
      vertex -49.4 -69.4 11.4
      vertex -49.4 -69.4 0
    endloop
  endfacet
  facet normal 0 -1 0
    outer loop
      vertex -49.4 -60.6 0
      vertex -40.6 -60.6 11.4
      vertex -49.4 -60.6 11.4
    endloop
  endfacet
  facet normal 0 -1 -0
    outer loop
      vertex -40.6 -60.6 11.4
      vertex -49.4 -60.6 0
      vertex -40.6 -60.6 0
    endloop
  endfacet
  facet normal -1 0 0
    outer loop
      vertex -40.6 -69.4 0
      vertex -40.6 -60.6 11.4
      vertex -40.6 -60.6 0
    endloop
  endfacet
  facet normal -1 -0 0
    outer loop
      vertex -40.6 -60.6 11.4
      vertex -40.6 -69.4 0
      vertex -40.6 -69.4 11.4
    endloop
  endfacet
  facet normal 0 1 -0
    outer loop
      vertex -40.6 -69.4 0
      vertex -49.4 -69.4 11.4
      vertex -40.6 -69.4 11.4
    endloop
  endfacet
  facet normal 0 1 0
    outer loop
      vertex -49.4 -69.4 11.4
      vertex -40.6 -69.4 0
      vertex -49.4 -69.4 0
    endloop
  endfacet
  facet normal 1 -0 0
    outer loop
      vertex -59.4 -69.4 11.4
      vertex -59.4 -60.6 0
      vertex -59.4 -60.6 11.4
    endloop
  endfacet
  facet normal 1 0 0
    outer loop
      vertex -59.4 -60.6 0
      vertex -59.4 -69.4 11.4
      vertex -59.4 -69.4 0
    endloop
  endfacet
  facet normal 0 -1 0
    outer loop
      vertex -59.4 -60.6 0
      vertex -50.6 -60.6 11.4
      vertex -59.4 -60.6 11.4
    endloop
  endfacet
  facet normal 0 -1 -0
    outer loop
      vertex -50.6 -60.6 11.4
      vertex -59.4 -60.6 0
      vertex -50.6 -60.6 0
    endloop
  endfacet
  facet normal -1 0 0
    outer loop
      vertex -50.6 -69.4 0
      vertex -50.6 -60.6 11.4
      vertex -50.6 -60.6 0
    endloop
  endfacet
  facet normal -1 -0 0
    outer loop
      vertex -50.6 -60.6 11.4
      vertex -50.6 -69.4 0
      vertex -50.6 -69.4 11.4
    endloop
  endfacet
  facet normal 0 1 -0
    outer loop
      vertex -50.6 -69.4 0
      vertex -59.4 -69.4 11.4
      vertex -50.6 -69.4 11.4
    endloop
  endfacet
  facet normal 0 1 0
    outer loop
      vertex -59.4 -69.4 11.4
      vertex -50.6 -69.4 0
      vertex -59.4 -69.4 0
    endloop
  endfacet
  facet normal 1 -0 0
    outer loop
      vertex -69.4 -69.4 11.4
      vertex -69.4 -60.6 0
      vertex -69.4 -60.6 11.4
    endloop
  endfacet
  facet normal 1 0 0
    outer loop
      vertex -69.4 -60.6 0
      vertex -69.4 -69.4 11.4
      vertex -69.4 -69.4 0
    endloop
  endfacet
  facet normal 0 -1 0
    outer loop
      vertex -69.4 -60.6 0
      vertex -60.6 -60.6 11.4
      vertex -69.4 -60.6 11.4
    endloop
  endfacet
  facet normal 0 -1 -0
    outer loop
      vertex -60.6 -60.6 11.4
      vertex -69.4 -60.6 0
      vertex -60.6 -60.6 0
    endloop
  endfacet
  facet normal -1 0 0
    outer loop
      vertex -60.6 -69.4 0
      vertex -60.6 -60.6 11.4
      vertex -60.6 -60.6 0
    endloop
  endfacet
  facet normal -1 -0 0
    outer loop
      vertex -60.6 -60.6 11.4
      vertex -60.6 -69.4 0
      vertex -60.6 -69.4 11.4
    endloop
  endfacet
  facet normal 0 1 -0
    outer loop
      vertex -60.6 -69.4 0
      vertex -69.4 -69.4 11.4
      vertex -60.6 -69.4 11.4
    endloop
  endfacet
  facet normal 0 1 0
    outer loop
      vertex -69.4 -69.4 11.4
      vertex -60.6 -69.4 0
      vertex -69.4 -69.4 0
    endloop
  endfacet
  facet normal 1 -0 0
    outer loop
      vertex -9.39999 -69.4 11.4
      vertex -9.39999 -60.6 0
      vertex -9.39999 -60.6 11.4
    endloop
  endfacet
  facet normal 1 0 0
    outer loop
      vertex -9.39999 -60.6 0
      vertex -9.39999 -69.4 11.4
      vertex -9.39999 -69.4 0
    endloop
  endfacet
  facet normal 0 -1 0
    outer loop
      vertex -9.39999 -60.6 0
      vertex -0.599991 -60.6 11.4
      vertex -9.39999 -60.6 11.4
    endloop
  endfacet
  facet normal 0 -1 -0
    outer loop
      vertex -0.599991 -60.6 11.4
      vertex -9.39999 -60.6 0
      vertex -0.599991 -60.6 0
    endloop
  endfacet
  facet normal -1 0 0
    outer loop
      vertex -0.599991 -69.4 0
      vertex -0.599991 -60.6 11.4
      vertex -0.599991 -60.6 0
    endloop
  endfacet
  facet normal -1 -0 0
    outer loop
      vertex -0.599991 -60.6 11.4
      vertex -0.599991 -69.4 0
      vertex -0.599991 -69.4 11.4
    endloop
  endfacet
  facet normal 0 1 -0
    outer loop
      vertex -0.599991 -69.4 0
      vertex -9.39999 -69.4 11.4
      vertex -0.599991 -69.4 11.4
    endloop
  endfacet
  facet normal 0 1 0
    outer loop
      vertex -9.39999 -69.4 11.4
      vertex -0.599991 -69.4 0
      vertex -9.39999 -69.4 0
    endloop
  endfacet
  facet normal 1 -0 0
    outer loop
      vertex -78.9 -69.4 11.4
      vertex -78.9 -60.6 0
      vertex -78.9 -60.6 11.4
    endloop
  endfacet
  facet normal 1 0 0
    outer loop
      vertex -78.9 -60.6 0
      vertex -78.9 -69.4 11.4
      vertex -78.9 -69.4 0
    endloop
  endfacet
  facet normal 0 -1 0
    outer loop
      vertex -78.9 -60.6 0
      vertex -70.6 -60.6 11.4
      vertex -78.9 -60.6 11.4
    endloop
  endfacet
  facet normal 0 -1 -0
    outer loop
      vertex -70.6 -60.6 11.4
      vertex -78.9 -60.6 0
      vertex -70.6 -60.6 0
    endloop
  endfacet
  facet normal -1 0 0
    outer loop
      vertex -70.6 -69.4 0
      vertex -70.6 -60.6 11.4
      vertex -70.6 -60.6 0
    endloop
  endfacet
  facet normal -1 -0 0
    outer loop
      vertex -70.6 -60.6 11.4
      vertex -70.6 -69.4 0
      vertex -70.6 -69.4 11.4
    endloop
  endfacet
  facet normal 0 1 -0
    outer loop
      vertex -70.6 -69.4 0
      vertex -78.9 -69.4 11.4
      vertex -70.6 -69.4 11.4
    endloop
  endfacet
  facet normal 0 1 0
    outer loop
      vertex -78.9 -69.4 11.4
      vertex -70.6 -69.4 0
      vertex -78.9 -69.4 0
    endloop
  endfacet
  facet normal 1 -0 0
    outer loop
      vertex 70.6 -78.9 11.4
      vertex 70.6 -70.6 0
      vertex 70.6 -70.6 11.4
    endloop
  endfacet
  facet normal 1 0 0
    outer loop
      vertex 70.6 -70.6 0
      vertex 70.6 -78.9 11.4
      vertex 70.6 -78.9 0
    endloop
  endfacet
  facet normal 0 -1 0
    outer loop
      vertex 70.6 -70.6 0
      vertex 78.9 -70.6 11.4
      vertex 70.6 -70.6 11.4
    endloop
  endfacet
  facet normal 0 -1 -0
    outer loop
      vertex 78.9 -70.6 11.4
      vertex 70.6 -70.6 0
      vertex 78.9 -70.6 0
    endloop
  endfacet
  facet normal -1 0 0
    outer loop
      vertex 78.9 -78.9 0
      vertex 78.9 -70.6 11.4
      vertex 78.9 -70.6 0
    endloop
  endfacet
  facet normal -1 -0 0
    outer loop
      vertex 78.9 -70.6 11.4
      vertex 78.9 -78.9 0
      vertex 78.9 -78.9 11.4
    endloop
  endfacet
  facet normal 0 1 -0
    outer loop
      vertex 78.9 -78.9 0
      vertex 70.6 -78.9 11.4
      vertex 78.9 -78.9 11.4
    endloop
  endfacet
  facet normal 0 1 0
    outer loop
      vertex 70.6 -78.9 11.4
      vertex 78.9 -78.9 0
      vertex 70.6 -78.9 0
    endloop
  endfacet
  facet normal 1 -0 0
    outer loop
      vertex 60.6 -78.9 11.4
      vertex 60.6 -70.6 0
      vertex 60.6 -70.6 11.4
    endloop
  endfacet
  facet normal 1 0 0
    outer loop
      vertex 60.6 -70.6 0
      vertex 60.6 -78.9 11.4
      vertex 60.6 -78.9 0
    endloop
  endfacet
  facet normal 0 -1 0
    outer loop
      vertex 60.6 -70.6 0
      vertex 69.4 -70.6 11.4
      vertex 60.6 -70.6 11.4
    endloop
  endfacet
  facet normal 0 -1 -0
    outer loop
      vertex 69.4 -70.6 11.4
      vertex 60.6 -70.6 0
      vertex 69.4 -70.6 0
    endloop
  endfacet
  facet normal -1 0 0
    outer loop
      vertex 69.4 -78.9 0
      vertex 69.4 -70.6 11.4
      vertex 69.4 -70.6 0
    endloop
  endfacet
  facet normal -1 -0 0
    outer loop
      vertex 69.4 -70.6 11.4
      vertex 69.4 -78.9 0
      vertex 69.4 -78.9 11.4
    endloop
  endfacet
  facet normal 0 1 -0
    outer loop
      vertex 69.4 -78.9 0
      vertex 60.6 -78.9 11.4
      vertex 69.4 -78.9 11.4
    endloop
  endfacet
  facet normal 0 1 0
    outer loop
      vertex 60.6 -78.9 11.4
      vertex 69.4 -78.9 0
      vertex 60.6 -78.9 0
    endloop
  endfacet
  facet normal 1 -0 0
    outer loop
      vertex 50.6 -78.9 11.4
      vertex 50.6 -70.6 0
      vertex 50.6 -70.6 11.4
    endloop
  endfacet
  facet normal 1 0 0
    outer loop
      vertex 50.6 -70.6 0
      vertex 50.6 -78.9 11.4
      vertex 50.6 -78.9 0
    endloop
  endfacet
  facet normal 0 -1 0
    outer loop
      vertex 50.6 -70.6 0
      vertex 59.4 -70.6 11.4
      vertex 50.6 -70.6 11.4
    endloop
  endfacet
  facet normal 0 -1 -0
    outer loop
      vertex 59.4 -70.6 11.4
      vertex 50.6 -70.6 0
      vertex 59.4 -70.6 0
    endloop
  endfacet
  facet normal -1 0 0
    outer loop
      vertex 59.4 -78.9 0
      vertex 59.4 -70.6 11.4
      vertex 59.4 -70.6 0
    endloop
  endfacet
  facet normal -1 -0 0
    outer loop
      vertex 59.4 -70.6 11.4
      vertex 59.4 -78.9 0
      vertex 59.4 -78.9 11.4
    endloop
  endfacet
  facet normal 0 1 -0
    outer loop
      vertex 59.4 -78.9 0
      vertex 50.6 -78.9 11.4
      vertex 59.4 -78.9 11.4
    endloop
  endfacet
  facet normal 0 1 0
    outer loop
      vertex 50.6 -78.9 11.4
      vertex 59.4 -78.9 0
      vertex 50.6 -78.9 0
    endloop
  endfacet
  facet normal 1 -0 0
    outer loop
      vertex 40.6 -78.9 11.4
      vertex 40.6 -70.6 0
      vertex 40.6 -70.6 11.4
    endloop
  endfacet
  facet normal 1 0 0
    outer loop
      vertex 40.6 -70.6 0
      vertex 40.6 -78.9 11.4
      vertex 40.6 -78.9 0
    endloop
  endfacet
  facet normal 0 -1 0
    outer loop
      vertex 40.6 -70.6 0
      vertex 49.4 -70.6 11.4
      vertex 40.6 -70.6 11.4
    endloop
  endfacet
  facet normal 0 -1 -0
    outer loop
      vertex 49.4 -70.6 11.4
      vertex 40.6 -70.6 0
      vertex 49.4 -70.6 0
    endloop
  endfacet
  facet normal -1 0 0
    outer loop
      vertex 49.4 -78.9 0
      vertex 49.4 -70.6 11.4
      vertex 49.4 -70.6 0
    endloop
  endfacet
  facet normal -1 -0 0
    outer loop
      vertex 49.4 -70.6 11.4
      vertex 49.4 -78.9 0
      vertex 49.4 -78.9 11.4
    endloop
  endfacet
  facet normal 0 1 -0
    outer loop
      vertex 49.4 -78.9 0
      vertex 40.6 -78.9 11.4
      vertex 49.4 -78.9 11.4
    endloop
  endfacet
  facet normal 0 1 0
    outer loop
      vertex 40.6 -78.9 11.4
      vertex 49.4 -78.9 0
      vertex 40.6 -78.9 0
    endloop
  endfacet
  facet normal 1 -0 0
    outer loop
      vertex 30.6 -78.9 11.4
      vertex 30.6 -70.6 0
      vertex 30.6 -70.6 11.4
    endloop
  endfacet
  facet normal 1 0 0
    outer loop
      vertex 30.6 -70.6 0
      vertex 30.6 -78.9 11.4
      vertex 30.6 -78.9 0
    endloop
  endfacet
  facet normal 0 -1 0
    outer loop
      vertex 30.6 -70.6 0
      vertex 39.4 -70.6 11.4
      vertex 30.6 -70.6 11.4
    endloop
  endfacet
  facet normal 0 -1 -0
    outer loop
      vertex 39.4 -70.6 11.4
      vertex 30.6 -70.6 0
      vertex 39.4 -70.6 0
    endloop
  endfacet
  facet normal -1 0 0
    outer loop
      vertex 39.4 -78.9 0
      vertex 39.4 -70.6 11.4
      vertex 39.4 -70.6 0
    endloop
  endfacet
  facet normal -1 -0 0
    outer loop
      vertex 39.4 -70.6 11.4
      vertex 39.4 -78.9 0
      vertex 39.4 -78.9 11.4
    endloop
  endfacet
  facet normal 0 1 -0
    outer loop
      vertex 39.4 -78.9 0
      vertex 30.6 -78.9 11.4
      vertex 39.4 -78.9 11.4
    endloop
  endfacet
  facet normal 0 1 0
    outer loop
      vertex 30.6 -78.9 11.4
      vertex 39.4 -78.9 0
      vertex 30.6 -78.9 0
    endloop
  endfacet
  facet normal 1 -0 0
    outer loop
      vertex 20.6 -78.9 11.4
      vertex 20.6 -70.6 0
      vertex 20.6 -70.6 11.4
    endloop
  endfacet
  facet normal 1 0 0
    outer loop
      vertex 20.6 -70.6 0
      vertex 20.6 -78.9 11.4
      vertex 20.6 -78.9 0
    endloop
  endfacet
  facet normal 0 -1 0
    outer loop
      vertex 20.6 -70.6 0
      vertex 29.4 -70.6 11.4
      vertex 20.6 -70.6 11.4
    endloop
  endfacet
  facet normal 0 -1 -0
    outer loop
      vertex 29.4 -70.6 11.4
      vertex 20.6 -70.6 0
      vertex 29.4 -70.6 0
    endloop
  endfacet
  facet normal -1 0 0
    outer loop
      vertex 29.4 -78.9 0
      vertex 29.4 -70.6 11.4
      vertex 29.4 -70.6 0
    endloop
  endfacet
  facet normal -1 -0 0
    outer loop
      vertex 29.4 -70.6 11.4
      vertex 29.4 -78.9 0
      vertex 29.4 -78.9 11.4
    endloop
  endfacet
  facet normal 0 1 -0
    outer loop
      vertex 29.4 -78.9 0
      vertex 20.6 -78.9 11.4
      vertex 29.4 -78.9 11.4
    endloop
  endfacet
  facet normal 0 1 0
    outer loop
      vertex 20.6 -78.9 11.4
      vertex 29.4 -78.9 0
      vertex 20.6 -78.9 0
    endloop
  endfacet
  facet normal 1 -0 0
    outer loop
      vertex 10.6 -78.9 11.4
      vertex 10.6 -70.6 0
      vertex 10.6 -70.6 11.4
    endloop
  endfacet
  facet normal 1 0 0
    outer loop
      vertex 10.6 -70.6 0
      vertex 10.6 -78.9 11.4
      vertex 10.6 -78.9 0
    endloop
  endfacet
  facet normal 0 -1 0
    outer loop
      vertex 10.6 -70.6 0
      vertex 19.4 -70.6 11.4
      vertex 10.6 -70.6 11.4
    endloop
  endfacet
  facet normal 0 -1 -0
    outer loop
      vertex 19.4 -70.6 11.4
      vertex 10.6 -70.6 0
      vertex 19.4 -70.6 0
    endloop
  endfacet
  facet normal -1 0 0
    outer loop
      vertex 19.4 -78.9 0
      vertex 19.4 -70.6 11.4
      vertex 19.4 -70.6 0
    endloop
  endfacet
  facet normal -1 -0 0
    outer loop
      vertex 19.4 -70.6 11.4
      vertex 19.4 -78.9 0
      vertex 19.4 -78.9 11.4
    endloop
  endfacet
  facet normal 0 1 -0
    outer loop
      vertex 19.4 -78.9 0
      vertex 10.6 -78.9 11.4
      vertex 19.4 -78.9 11.4
    endloop
  endfacet
  facet normal 0 1 0
    outer loop
      vertex 10.6 -78.9 11.4
      vertex 19.4 -78.9 0
      vertex 10.6 -78.9 0
    endloop
  endfacet
  facet normal 1 -0 0
    outer loop
      vertex 0.599991 -78.9 11.4
      vertex 0.599991 -70.6 0
      vertex 0.599991 -70.6 11.4
    endloop
  endfacet
  facet normal 1 0 0
    outer loop
      vertex 0.599991 -70.6 0
      vertex 0.599991 -78.9 11.4
      vertex 0.599991 -78.9 0
    endloop
  endfacet
  facet normal 0 -1 0
    outer loop
      vertex 0.599991 -70.6 0
      vertex 9.39999 -70.6 11.4
      vertex 0.599991 -70.6 11.4
    endloop
  endfacet
  facet normal 0 -1 -0
    outer loop
      vertex 9.39999 -70.6 11.4
      vertex 0.599991 -70.6 0
      vertex 9.39999 -70.6 0
    endloop
  endfacet
  facet normal -1 0 0
    outer loop
      vertex 9.39999 -78.9 0
      vertex 9.39999 -70.6 11.4
      vertex 9.39999 -70.6 0
    endloop
  endfacet
  facet normal -1 -0 0
    outer loop
      vertex 9.39999 -70.6 11.4
      vertex 9.39999 -78.9 0
      vertex 9.39999 -78.9 11.4
    endloop
  endfacet
  facet normal 0 1 -0
    outer loop
      vertex 9.39999 -78.9 0
      vertex 0.599991 -78.9 11.4
      vertex 9.39999 -78.9 11.4
    endloop
  endfacet
  facet normal 0 1 0
    outer loop
      vertex 0.599991 -78.9 11.4
      vertex 9.39999 -78.9 0
      vertex 0.599991 -78.9 0
    endloop
  endfacet
  facet normal 1 -0 0
    outer loop
      vertex -9.39999 -78.9 11.4
      vertex -9.39999 -70.6 0
      vertex -9.39999 -70.6 11.4
    endloop
  endfacet
  facet normal 1 0 0
    outer loop
      vertex -9.39999 -70.6 0
      vertex -9.39999 -78.9 11.4
      vertex -9.39999 -78.9 0
    endloop
  endfacet
  facet normal 0 -1 0
    outer loop
      vertex -9.39999 -70.6 0
      vertex -0.599991 -70.6 11.4
      vertex -9.39999 -70.6 11.4
    endloop
  endfacet
  facet normal 0 -1 -0
    outer loop
      vertex -0.599991 -70.6 11.4
      vertex -9.39999 -70.6 0
      vertex -0.599991 -70.6 0
    endloop
  endfacet
  facet normal -1 0 0
    outer loop
      vertex -0.599991 -78.9 0
      vertex -0.599991 -70.6 11.4
      vertex -0.599991 -70.6 0
    endloop
  endfacet
  facet normal -1 -0 0
    outer loop
      vertex -0.599991 -70.6 11.4
      vertex -0.599991 -78.9 0
      vertex -0.599991 -78.9 11.4
    endloop
  endfacet
  facet normal 0 1 -0
    outer loop
      vertex -0.599991 -78.9 0
      vertex -9.39999 -78.9 11.4
      vertex -0.599991 -78.9 11.4
    endloop
  endfacet
  facet normal 0 1 0
    outer loop
      vertex -9.39999 -78.9 11.4
      vertex -0.599991 -78.9 0
      vertex -9.39999 -78.9 0
    endloop
  endfacet
  facet normal 1 -0 0
    outer loop
      vertex -19.4 -78.9 11.4
      vertex -19.4 -70.6 0
      vertex -19.4 -70.6 11.4
    endloop
  endfacet
  facet normal 1 0 0
    outer loop
      vertex -19.4 -70.6 0
      vertex -19.4 -78.9 11.4
      vertex -19.4 -78.9 0
    endloop
  endfacet
  facet normal 0 -1 0
    outer loop
      vertex -19.4 -70.6 0
      vertex -10.6 -70.6 11.4
      vertex -19.4 -70.6 11.4
    endloop
  endfacet
  facet normal 0 -1 -0
    outer loop
      vertex -10.6 -70.6 11.4
      vertex -19.4 -70.6 0
      vertex -10.6 -70.6 0
    endloop
  endfacet
  facet normal -1 0 0
    outer loop
      vertex -10.6 -78.9 0
      vertex -10.6 -70.6 11.4
      vertex -10.6 -70.6 0
    endloop
  endfacet
  facet normal -1 -0 0
    outer loop
      vertex -10.6 -70.6 11.4
      vertex -10.6 -78.9 0
      vertex -10.6 -78.9 11.4
    endloop
  endfacet
  facet normal 0 1 -0
    outer loop
      vertex -10.6 -78.9 0
      vertex -19.4 -78.9 11.4
      vertex -10.6 -78.9 11.4
    endloop
  endfacet
  facet normal 0 1 0
    outer loop
      vertex -19.4 -78.9 11.4
      vertex -10.6 -78.9 0
      vertex -19.4 -78.9 0
    endloop
  endfacet
  facet normal 1 -0 0
    outer loop
      vertex -29.4 -78.9 11.4
      vertex -29.4 -70.6 0
      vertex -29.4 -70.6 11.4
    endloop
  endfacet
  facet normal 1 0 0
    outer loop
      vertex -29.4 -70.6 0
      vertex -29.4 -78.9 11.4
      vertex -29.4 -78.9 0
    endloop
  endfacet
  facet normal 0 -1 0
    outer loop
      vertex -29.4 -70.6 0
      vertex -20.6 -70.6 11.4
      vertex -29.4 -70.6 11.4
    endloop
  endfacet
  facet normal 0 -1 -0
    outer loop
      vertex -20.6 -70.6 11.4
      vertex -29.4 -70.6 0
      vertex -20.6 -70.6 0
    endloop
  endfacet
  facet normal -1 0 0
    outer loop
      vertex -20.6 -78.9 0
      vertex -20.6 -70.6 11.4
      vertex -20.6 -70.6 0
    endloop
  endfacet
  facet normal -1 -0 0
    outer loop
      vertex -20.6 -70.6 11.4
      vertex -20.6 -78.9 0
      vertex -20.6 -78.9 11.4
    endloop
  endfacet
  facet normal 0 1 -0
    outer loop
      vertex -20.6 -78.9 0
      vertex -29.4 -78.9 11.4
      vertex -20.6 -78.9 11.4
    endloop
  endfacet
  facet normal 0 1 0
    outer loop
      vertex -29.4 -78.9 11.4
      vertex -20.6 -78.9 0
      vertex -29.4 -78.9 0
    endloop
  endfacet
  facet normal 1 -0 0
    outer loop
      vertex -39.4 -78.9 11.4
      vertex -39.4 -70.6 0
      vertex -39.4 -70.6 11.4
    endloop
  endfacet
  facet normal 1 0 0
    outer loop
      vertex -39.4 -70.6 0
      vertex -39.4 -78.9 11.4
      vertex -39.4 -78.9 0
    endloop
  endfacet
  facet normal 0 -1 0
    outer loop
      vertex -39.4 -70.6 0
      vertex -30.6 -70.6 11.4
      vertex -39.4 -70.6 11.4
    endloop
  endfacet
  facet normal 0 -1 -0
    outer loop
      vertex -30.6 -70.6 11.4
      vertex -39.4 -70.6 0
      vertex -30.6 -70.6 0
    endloop
  endfacet
  facet normal -1 0 0
    outer loop
      vertex -30.6 -78.9 0
      vertex -30.6 -70.6 11.4
      vertex -30.6 -70.6 0
    endloop
  endfacet
  facet normal -1 -0 0
    outer loop
      vertex -30.6 -70.6 11.4
      vertex -30.6 -78.9 0
      vertex -30.6 -78.9 11.4
    endloop
  endfacet
  facet normal 0 1 -0
    outer loop
      vertex -30.6 -78.9 0
      vertex -39.4 -78.9 11.4
      vertex -30.6 -78.9 11.4
    endloop
  endfacet
  facet normal 0 1 0
    outer loop
      vertex -39.4 -78.9 11.4
      vertex -30.6 -78.9 0
      vertex -39.4 -78.9 0
    endloop
  endfacet
  facet normal 1 -0 0
    outer loop
      vertex -49.4 -78.9 11.4
      vertex -49.4 -70.6 0
      vertex -49.4 -70.6 11.4
    endloop
  endfacet
  facet normal 1 0 0
    outer loop
      vertex -49.4 -70.6 0
      vertex -49.4 -78.9 11.4
      vertex -49.4 -78.9 0
    endloop
  endfacet
  facet normal 0 -1 0
    outer loop
      vertex -49.4 -70.6 0
      vertex -40.6 -70.6 11.4
      vertex -49.4 -70.6 11.4
    endloop
  endfacet
  facet normal 0 -1 -0
    outer loop
      vertex -40.6 -70.6 11.4
      vertex -49.4 -70.6 0
      vertex -40.6 -70.6 0
    endloop
  endfacet
  facet normal -1 0 0
    outer loop
      vertex -40.6 -78.9 0
      vertex -40.6 -70.6 11.4
      vertex -40.6 -70.6 0
    endloop
  endfacet
  facet normal -1 -0 0
    outer loop
      vertex -40.6 -70.6 11.4
      vertex -40.6 -78.9 0
      vertex -40.6 -78.9 11.4
    endloop
  endfacet
  facet normal 0 1 -0
    outer loop
      vertex -40.6 -78.9 0
      vertex -49.4 -78.9 11.4
      vertex -40.6 -78.9 11.4
    endloop
  endfacet
  facet normal 0 1 0
    outer loop
      vertex -49.4 -78.9 11.4
      vertex -40.6 -78.9 0
      vertex -49.4 -78.9 0
    endloop
  endfacet
  facet normal 1 -0 0
    outer loop
      vertex -59.4 -78.9 11.4
      vertex -59.4 -70.6 0
      vertex -59.4 -70.6 11.4
    endloop
  endfacet
  facet normal 1 0 0
    outer loop
      vertex -59.4 -70.6 0
      vertex -59.4 -78.9 11.4
      vertex -59.4 -78.9 0
    endloop
  endfacet
  facet normal 0 -1 0
    outer loop
      vertex -59.4 -70.6 0
      vertex -50.6 -70.6 11.4
      vertex -59.4 -70.6 11.4
    endloop
  endfacet
  facet normal 0 -1 -0
    outer loop
      vertex -50.6 -70.6 11.4
      vertex -59.4 -70.6 0
      vertex -50.6 -70.6 0
    endloop
  endfacet
  facet normal -1 0 0
    outer loop
      vertex -50.6 -78.9 0
      vertex -50.6 -70.6 11.4
      vertex -50.6 -70.6 0
    endloop
  endfacet
  facet normal -1 -0 0
    outer loop
      vertex -50.6 -70.6 11.4
      vertex -50.6 -78.9 0
      vertex -50.6 -78.9 11.4
    endloop
  endfacet
  facet normal 0 1 -0
    outer loop
      vertex -50.6 -78.9 0
      vertex -59.4 -78.9 11.4
      vertex -50.6 -78.9 11.4
    endloop
  endfacet
  facet normal 0 1 0
    outer loop
      vertex -59.4 -78.9 11.4
      vertex -50.6 -78.9 0
      vertex -59.4 -78.9 0
    endloop
  endfacet
  facet normal 1 -0 0
    outer loop
      vertex -69.4 -78.9 11.4
      vertex -69.4 -70.6 0
      vertex -69.4 -70.6 11.4
    endloop
  endfacet
  facet normal 1 0 0
    outer loop
      vertex -69.4 -70.6 0
      vertex -69.4 -78.9 11.4
      vertex -69.4 -78.9 0
    endloop
  endfacet
  facet normal 0 -1 0
    outer loop
      vertex -69.4 -70.6 0
      vertex -60.6 -70.6 11.4
      vertex -69.4 -70.6 11.4
    endloop
  endfacet
  facet normal 0 -1 -0
    outer loop
      vertex -60.6 -70.6 11.4
      vertex -69.4 -70.6 0
      vertex -60.6 -70.6 0
    endloop
  endfacet
  facet normal -1 0 0
    outer loop
      vertex -60.6 -78.9 0
      vertex -60.6 -70.6 11.4
      vertex -60.6 -70.6 0
    endloop
  endfacet
  facet normal -1 -0 0
    outer loop
      vertex -60.6 -70.6 11.4
      vertex -60.6 -78.9 0
      vertex -60.6 -78.9 11.4
    endloop
  endfacet
  facet normal 0 1 -0
    outer loop
      vertex -60.6 -78.9 0
      vertex -69.4 -78.9 11.4
      vertex -60.6 -78.9 11.4
    endloop
  endfacet
  facet normal 0 1 0
    outer loop
      vertex -69.4 -78.9 11.4
      vertex -60.6 -78.9 0
      vertex -69.4 -78.9 0
    endloop
  endfacet
  facet normal 1 -0 0
    outer loop
      vertex -78.9 -78.9 11.4
      vertex -78.9 -70.6 0
      vertex -78.9 -70.6 11.4
    endloop
  endfacet
  facet normal 1 0 0
    outer loop
      vertex -78.9 -70.6 0
      vertex -78.9 -78.9 11.4
      vertex -78.9 -78.9 0
    endloop
  endfacet
  facet normal 0 -1 0
    outer loop
      vertex -78.9 -70.6 0
      vertex -70.6 -70.6 11.4
      vertex -78.9 -70.6 11.4
    endloop
  endfacet
  facet normal 0 -1 -0
    outer loop
      vertex -70.6 -70.6 11.4
      vertex -78.9 -70.6 0
      vertex -70.6 -70.6 0
    endloop
  endfacet
  facet normal -1 0 0
    outer loop
      vertex -70.6 -78.9 0
      vertex -70.6 -70.6 11.4
      vertex -70.6 -70.6 0
    endloop
  endfacet
  facet normal -1 -0 0
    outer loop
      vertex -70.6 -70.6 11.4
      vertex -70.6 -78.9 0
      vertex -70.6 -78.9 11.4
    endloop
  endfacet
  facet normal 0 1 -0
    outer loop
      vertex -70.6 -78.9 0
      vertex -78.9 -78.9 11.4
      vertex -70.6 -78.9 11.4
    endloop
  endfacet
  facet normal 0 1 0
    outer loop
      vertex -78.9 -78.9 11.4
      vertex -70.6 -78.9 0
      vertex -78.9 -78.9 0
    endloop
  endfacet
  facet normal 0 0 -1
    outer loop
      vertex 80.1 -80.1 0.599999
      vertex 79.8 -79.8 0.599999
      vertex 80.1 80.1 0.599999
    endloop
  endfacet
  facet normal 0 0 -1
    outer loop
      vertex 80.1 -80.1 0.599999
      vertex -79.8 -79.8 0.599999
      vertex 79.8 -79.8 0.599999
    endloop
  endfacet
  facet normal -0 0 -1
    outer loop
      vertex -79.8 -79.8 0.599999
      vertex -80.1 -80.1 0.599999
      vertex -79.8 79.8 0.599999
    endloop
  endfacet
  facet normal 0 0 -1
    outer loop
      vertex -80.1 -80.1 0.599999
      vertex -79.8 -79.8 0.599999
      vertex 80.1 -80.1 0.599999
    endloop
  endfacet
  facet normal 0 0 -1
    outer loop
      vertex 79.8 79.8 0.599999
      vertex 80.1 80.1 0.599999
      vertex 79.8 -79.8 0.599999
    endloop
  endfacet
  facet normal 0 0 -1
    outer loop
      vertex -79.8 79.8 0.599999
      vertex 80.1 80.1 0.599999
      vertex 79.8 79.8 0.599999
    endloop
  endfacet
  facet normal 0 0 -1
    outer loop
      vertex -79.8 79.8 0.599999
      vertex -80.1 80.1 0.599999
      vertex 80.1 80.1 0.599999
    endloop
  endfacet
  facet normal 0 0 -1
    outer loop
      vertex -80.1 80.1 0.599999
      vertex -79.8 79.8 0.599999
      vertex -80.1 -80.1 0.599999
    endloop
  endfacet
  facet normal -1 0 0
    outer loop
      vertex -79.8 -79.8 0
      vertex -79.8 79.8 0.599999
      vertex -79.8 79.8 0
    endloop
  endfacet
  facet normal -1 -0 0
    outer loop
      vertex -79.8 79.8 0.599999
      vertex -79.8 -79.8 0
      vertex -79.8 -79.8 0.599999
    endloop
  endfacet
  facet normal 0 1 -0
    outer loop
      vertex 79.8 79.8 0
      vertex -79.8 79.8 0.599999
      vertex 79.8 79.8 0.599999
    endloop
  endfacet
  facet normal 0 1 0
    outer loop
      vertex -79.8 79.8 0.599999
      vertex 79.8 79.8 0
      vertex -79.8 79.8 0
    endloop
  endfacet
  facet normal 1 -0 0
    outer loop
      vertex 79.8 -79.8 0.599999
      vertex 79.8 79.8 0
      vertex 79.8 79.8 0.599999
    endloop
  endfacet
  facet normal 1 0 0
    outer loop
      vertex 79.8 79.8 0
      vertex 79.8 -79.8 0.599999
      vertex 79.8 -79.8 0
    endloop
  endfacet
  facet normal 0 -1 0
    outer loop
      vertex -79.8 -79.8 0
      vertex 79.8 -79.8 0.599999
      vertex -79.8 -79.8 0.599999
    endloop
  endfacet
  facet normal 0 -1 -0
    outer loop
      vertex 79.8 -79.8 0.599999
      vertex -79.8 -79.8 0
      vertex 79.8 -79.8 0
    endloop
  endfacet
endsolid OpenSCAD_Model
